Datetime,223_STEAM_3 Dispatch,223_STEAM_2 Dispatch,223_STEAM_1 Dispatch,LMP,223_STEAM_3 Dispatch DA,223_STEAM_2 Dispatch DA,223_STEAM_1 Dispatch DA,LMP DA
2020-01-01 00:00:00,284.0,2.0,0.0,-0.0,284.0,2.0,0.0,-0.0
2020-01-01 01:00:00,284.0,0.0,0.0,-0.0,284.0,0.0,0.0,-0.0
2020-01-01 02:00:00,284.0,0.0,0.0,-0.0,284.0,0.0,0.0,-0.0
2020-01-01 03:00:00,284.0,0.0,0.0,-0.0,284.0,0.0,0.0,-0.0
2020-01-01 04:00:00,284.0,0.0,0.0,-0.0,289.911107,0.0,0.0,-0.0
2020-01-01 05:00:00,284.0,0.0,0.0,-0.0,349.911107,0.0,0.0,3.577157
2020-01-01 06:00:00,284.0,0.0,0.0,16.212661,364.0,0.0,0.0,69.98132
2020-01-01 07:00:00,344.0,0.0,0.0,18.549582,304.0,0.0,0.0,-0.0
2020-01-01 08:00:00,284.0,0.0,0.0,-0.0,297.4,0.0,0.0,-0.0
2020-01-01 09:00:00,284.0,0.0,0.0,-0.0,291.4,0.0,0.0,-0.0
2020-01-01 10:00:00,284.0,0.0,0.0,-0.0,284.0,0.0,0.0,-0.0
2020-01-01 11:00:00,284.0,0.0,0.0,-0.0,344.0,0.0,0.0,18.092551
2020-01-01 12:00:00,295.950527,0.0,0.0,18.531796,389.497066,0.0,0.0,18.072542
2020-01-01 13:00:00,355.950527,0.0,0.0,18.573789,354.64615,0.0,0.0,19.430296
2020-01-01 14:00:00,295.950527,0.0,0.0,-0.0,414.64615,0.0,0.0,18.573789
2020-01-01 15:00:00,284.0,0.0,0.0,-0.0,436.0,0.0,0.0,21.287879
2020-01-01 16:00:00,344.0,0.0,0.0,20.400003,436.0,0.0,0.0,30.539723
2020-01-01 17:00:00,404.0,0.0,0.0,26.859289,436.0,0.0,0.0,76.027488
2020-01-01 18:00:00,436.0,0.0,0.0,24.542136,436.0,0.0,0.0,70.700788
2020-01-01 19:00:00,436.0,0.0,0.0,24.367365,436.0,0.0,0.0,23.437807
2020-01-01 20:00:00,436.0,0.0,0.0,22.732362,436.0,0.0,0.0,22.171513
2020-01-01 21:00:00,436.0,0.0,0.0,21.647258,436.0,0.0,0.0,19.430296
2020-01-01 22:00:00,436.0,0.0,0.0,124.627822,436.0,0.0,0.0,18.573789
2020-01-01 23:00:00,436.0,0.0,0.0,21.843654,406.6,0.0,0.0,19.983547
2020-01-02 00:00:00,436.0,0.0,0.0,20.846138,286.82247,30.0,0.0,19.430296
2020-01-02 01:00:00,436.0,0.0,0.0,21.647258,292.4,0.0,0.0,-0.0
2020-01-02 02:00:00,436.0,0.0,0.0,21.647258,292.4,0.0,0.0,-0.0
2020-01-02 03:00:00,436.0,0.0,0.0,21.843654,292.4,0.0,0.0,17.633297
2020-01-02 04:00:00,436.0,0.0,0.0,21.647258,336.676883,0.0,0.0,19.430296
2020-01-02 05:00:00,436.0,0.0,0.0,19.685338,396.676883,0.0,0.0,21.116411
2020-01-02 06:00:00,436.0,0.0,0.0,21.287879,364.0,0.0,0.0,67.009771
2020-01-02 07:00:00,436.0,0.0,0.0,133.035526,304.0,0.0,0.0,-0.0
2020-01-02 08:00:00,376.0,0.0,0.0,-0.0,298.4,0.0,0.0,-0.0
2020-01-02 09:00:00,316.0,0.0,0.0,-0.0,298.4,0.0,0.0,-0.0
2020-01-02 10:00:00,284.0,0.0,0.0,-0.0,298.4,0.0,0.0,-0.0
2020-01-02 11:00:00,284.0,0.0,0.0,-0.0,293.4,0.0,0.0,-0.0
2020-01-02 12:00:00,284.0,0.0,0.0,-0.0,293.4,0.0,0.0,-0.0
2020-01-02 13:00:00,284.0,0.0,0.0,-0.0,293.4,0.0,0.0,-0.0
2020-01-02 14:00:00,284.0,0.0,0.0,-0.0,292.4,0.0,0.0,-0.0
2020-01-02 15:00:00,284.0,0.0,0.0,-0.0,304.0,0.0,0.0,-0.0
2020-01-02 16:00:00,284.0,0.0,0.0,-0.0,364.0,0.0,0.0,21.474047
2020-01-02 17:00:00,344.0,0.0,0.0,21.425544,424.0,0.0,0.0,77.059482
2020-01-02 18:00:00,404.0,0.0,0.0,21.513966,436.0,0.0,0.0,71.649727
2020-01-02 19:00:00,436.0,0.0,0.0,20.726727,436.0,0.0,0.0,39.996151
2020-01-02 20:00:00,436.0,0.0,0.0,19.153665,424.0,0.0,0.0,24.921573
2020-01-02 21:00:00,420.837581,0.0,0.0,18.531796,364.0,0.0,0.0,22.732362
2020-01-02 22:00:00,360.837581,0.0,0.0,-0.0,304.0,0.0,0.0,-0.0
2020-01-02 23:00:00,337.225651,0.0,0.0,18.531796,302.28239,0.0,0.0,-0.0
2020-01-03 00:00:00,284.0,0.0,0.0,-0.0,284.0,11.501837,0.0,-0.0
2020-01-03 01:00:00,284.0,0.0,0.0,-0.0,284.0,0.0,0.0,-0.0
2020-01-03 02:00:00,284.0,0.0,0.0,-0.0,284.0,0.0,0.0,-0.0
2020-01-03 03:00:00,284.0,0.0,0.0,-0.0,284.0,0.0,0.0,-0.0
2020-01-03 04:00:00,344.0,0.0,0.0,21.116714,284.0,0.0,0.0,-0.0
2020-01-03 05:00:00,284.0,0.0,0.0,16.212661,296.62404,0.0,0.0,17.265035
2020-01-03 06:00:00,284.0,0.0,0.0,118.531796,356.62404,0.0,0.0,52.598505
2020-01-03 07:00:00,284.0,0.0,0.0,117.063367,296.62404,0.0,0.0,-0.0
2020-01-03 08:00:00,284.0,0.0,0.0,-0.0,284.0,0.0,0.0,-0.0
2020-01-03 09:00:00,284.0,0.0,0.0,-0.0,285.4,0.0,0.0,-0.0
2020-01-03 10:00:00,284.0,0.0,0.0,-0.0,290.4,0.0,0.0,-0.0
2020-01-03 11:00:00,284.0,0.0,0.0,-0.0,284.0,0.0,0.0,-0.0
2020-01-03 12:00:00,284.0,0.0,0.0,-0.0,293.4,0.0,0.0,-0.0
2020-01-03 13:00:00,284.0,0.0,0.0,-0.0,289.4,0.0,0.0,-0.0
2020-01-03 14:00:00,284.0,0.0,0.0,-0.0,294.790425,0.0,0.0,-0.0
2020-01-03 15:00:00,284.0,0.0,0.0,-0.0,354.790425,0.0,0.0,9.220672
2020-01-03 16:00:00,284.0,0.0,0.0,-0.0,414.790425,0.0,0.0,21.168781
2020-01-03 17:00:00,284.0,0.0,0.0,16.970947,436.0,0.0,0.0,93.419569
2020-01-03 18:00:00,344.0,0.0,0.0,20.400003,436.0,0.0,0.0,74.228233
2020-01-03 19:00:00,404.0,0.0,0.0,21.288154,436.0,0.0,0.0,26.14301
2020-01-03 20:00:00,436.0,0.0,0.0,22.732362,424.0,0.0,0.0,21.287879
2020-01-03 21:00:00,436.0,0.0,0.0,25.9087,364.0,0.0,0.0,18.072542
2020-01-03 22:00:00,436.0,0.0,0.0,26.324557,304.0,0.0,0.0,-0.0
2020-01-03 23:00:00,436.0,0.0,0.0,23.206766,339.457869,0.0,0.0,15.904886
2020-01-04 00:00:00,436.0,0.0,0.0,26.790897,344.0,30.0,0.0,23.128644
2020-01-04 01:00:00,436.0,0.0,0.0,26.324557,404.0,0.0,0.0,23.657594
2020-01-04 02:00:00,436.0,0.0,0.0,26.324557,436.0,0.0,0.0,26.324557
2020-01-04 03:00:00,436.0,0.0,0.0,25.9087,436.0,0.0,0.0,25.9087
2020-01-04 04:00:00,436.0,0.0,0.0,25.9087,436.0,0.0,0.0,23.206766
2020-01-04 05:00:00,436.0,0.0,0.0,26.324557,436.0,0.0,0.0,26.324557
2020-01-04 06:00:00,436.0,0.0,0.0,26.790897,436.0,0.0,0.0,42.267253
2020-01-04 07:00:00,436.0,0.0,0.0,27.050889,436.0,0.0,0.0,21.288154
2020-01-04 08:00:00,436.0,0.0,0.0,22.732362,405.543128,0.0,0.0,18.463561
2020-01-04 09:00:00,436.0,0.0,0.0,20.846138,345.543128,0.0,0.0,-0.0
2020-01-04 10:00:00,376.0,0.0,0.0,-0.0,285.543128,0.0,0.0,-0.0
2020-01-04 11:00:00,316.0,0.0,0.0,-0.0,284.0,0.0,0.0,-0.0
2020-01-04 12:00:00,284.0,0.0,0.0,-0.0,284.0,0.0,0.0,-0.0
2020-01-04 13:00:00,284.0,0.0,0.0,-0.0,286.4,0.0,0.0,-0.0
2020-01-04 14:00:00,284.0,0.0,0.0,-0.0,292.4,0.0,0.0,-0.0
2020-01-04 15:00:00,284.0,0.0,0.0,-0.0,334.232059,0.0,0.0,-0.0
2020-01-04 16:00:00,284.0,0.0,0.0,-0.0,394.232059,0.0,0.0,70.082512
2020-01-04 17:00:00,284.0,0.0,0.0,17.265035,436.0,0.0,0.0,82.904545
2020-01-04 18:00:00,344.0,0.0,0.0,21.801606,436.0,0.0,0.0,26.037923
2020-01-04 19:00:00,286.388782,0.0,0.0,118.531796,429.405981,0.0,0.0,22.906094
2020-01-04 20:00:00,346.388782,0.0,0.0,19.91836,369.405981,0.0,0.0,23.249759
2020-01-04 21:00:00,303.504013,0.0,0.0,18.531796,309.405981,0.0,0.0,18.200828
2020-01-04 22:00:00,322.658643,0.0,0.0,18.531796,337.322114,0.0,0.0,4.18983
2020-01-04 23:00:00,382.658643,58.664397,0.0,124.21484,284.296246,0.0,0.0,17.355839
2020-01-05 00:00:00,322.658643,0.0,0.0,118.531796,284.0,30.0,0.0,-0.0
2020-01-05 01:00:00,341.476511,0.0,0.0,18.531796,284.0,0.0,0.0,-0.0
2020-01-05 02:00:00,300.776103,0.0,0.0,18.531796,284.0,0.0,0.0,-0.0
2020-01-05 03:00:00,284.0,0.0,0.0,18.208373,284.0,0.0,0.0,-0.0
2020-01-05 04:00:00,284.0,0.0,0.0,-0.0,284.0,0.0,0.0,-0.0
2020-01-05 05:00:00,284.0,0.0,0.0,-0.0,321.139706,0.0,0.0,7.027109
2020-01-05 06:00:00,284.0,0.0,0.0,-0.0,284.0,0.0,0.0,29.6195
2020-01-05 07:00:00,284.0,0.0,0.0,-0.0,299.716885,0.0,0.0,-0.0
2020-01-05 08:00:00,284.0,0.0,0.0,-0.0,304.464831,0.0,0.0,-0.0
2020-01-05 09:00:00,284.0,0.0,0.0,-0.0,327.686029,0.0,0.0,-0.0
2020-01-05 10:00:00,284.0,0.0,0.0,-0.0,303.932002,0.0,0.0,-0.0
2020-01-05 11:00:00,284.0,0.0,0.0,-0.0,297.576314,0.0,0.0,-0.0
2020-01-05 12:00:00,284.0,0.0,0.0,-0.0,294.35495,0.0,0.0,-0.0
2020-01-05 13:00:00,284.0,0.0,0.0,-0.0,293.4,0.0,0.0,-0.0
2020-01-05 14:00:00,284.0,0.0,0.0,-0.0,292.4,0.0,0.0,-0.0
2020-01-05 15:00:00,284.0,0.0,0.0,-0.0,304.0,0.0,0.0,-0.0
2020-01-05 16:00:00,284.0,0.0,0.0,-0.0,364.0,0.0,0.0,21.843654
2020-01-05 17:00:00,284.0,0.0,0.0,-0.0,424.0,0.0,0.0,74.987465
2020-01-05 18:00:00,284.0,0.0,0.0,-0.0,436.0,0.0,0.0,79.227331
2020-01-05 19:00:00,284.0,0.0,0.0,-0.0,436.0,0.0,0.0,37.739183
2020-01-05 20:00:00,284.0,0.0,0.0,-0.0,436.0,0.0,0.0,22.96816
2020-01-05 21:00:00,284.0,0.0,0.0,-0.0,380.801293,0.0,0.0,22.516066
2020-01-05 22:00:00,284.0,0.0,0.0,-0.0,320.801293,0.0,0.0,11.535869
2020-01-05 23:00:00,284.0,0.0,0.0,-0.0,344.0,0.0,0.0,-0.0
2020-01-06 00:00:00,284.0,0.0,0.0,117.063367,284.0,2.0,0.0,-0.0
2020-01-06 01:00:00,284.558826,0.0,0.0,18.531796,284.0,0.0,0.0,-0.0
2020-01-06 02:00:00,284.0,0.0,0.0,-0.0,284.0,0.0,0.0,-0.0
2020-01-06 03:00:00,290.502809,0.0,0.0,18.531796,284.0,0.0,0.0,-0.0
2020-01-06 04:00:00,350.502809,0.0,0.0,19.133765,318.055562,0.0,0.0,-0.0
2020-01-06 05:00:00,410.502809,7.600611,0.0,124.039545,378.055562,0.0,0.0,31.673582
2020-01-06 06:00:00,436.0,67.600611,0.0,141.716991,364.0,0.0,0.0,84.345275
2020-01-06 07:00:00,382.955157,7.600611,0.0,118.531796,304.0,0.0,0.0,-0.0
2020-01-06 08:00:00,322.955157,0.0,0.0,-0.0,284.0,0.0,0.0,-0.0
2020-01-06 09:00:00,284.0,0.0,0.0,-0.0,284.0,0.0,0.0,-0.0
2020-01-06 10:00:00,284.0,0.0,0.0,-0.0,284.0,0.0,0.0,-0.0
2020-01-06 11:00:00,284.0,0.0,0.0,-0.0,284.0,0.0,0.0,-0.0
2020-01-06 12:00:00,284.0,0.0,0.0,-0.0,284.0,0.0,0.0,-0.0
2020-01-06 13:00:00,284.0,0.0,0.0,-0.0,284.0,0.0,0.0,-0.0
2020-01-06 14:00:00,284.0,0.0,0.0,-0.0,284.0,0.0,0.0,-0.0
2020-01-06 15:00:00,284.0,0.0,0.0,-0.0,286.0,0.0,0.0,-0.0
2020-01-06 16:00:00,284.0,0.0,0.0,-0.0,346.0,0.0,0.0,18.60404
2020-01-06 17:00:00,284.0,0.0,0.0,118.188723,377.428551,0.0,0.0,56.625938
2020-01-06 18:00:00,290.145794,0.0,0.0,119.417922,396.346804,0.0,0.0,70.791246
2020-01-06 19:00:00,350.145794,0.0,0.0,122.96816,436.0,0.0,0.0,52.408122
2020-01-06 20:00:00,410.145794,0.0,0.0,19.91836,424.0,0.0,0.0,23.123161
2020-01-06 21:00:00,411.039529,0.0,0.0,18.531796,364.0,0.0,0.0,19.205146
2020-01-06 22:00:00,351.039529,0.0,0.0,-0.0,304.0,0.0,0.0,-0.0
2020-01-06 23:00:00,291.039529,0.0,0.0,-0.0,284.0,0.0,0.0,-0.0
2020-01-07 00:00:00,284.0,0.0,0.0,-0.0,284.0,2.0,0.0,-0.0
2020-01-07 01:00:00,284.0,0.0,0.0,-0.0,284.0,0.0,0.0,-0.0
2020-01-07 02:00:00,284.0,0.0,0.0,-0.0,284.0,0.0,0.0,-0.0
2020-01-07 03:00:00,284.0,0.0,0.0,-0.0,284.0,0.0,0.0,-0.0
2020-01-07 04:00:00,284.0,0.0,0.0,-0.0,334.497945,0.0,0.0,-0.0
2020-01-07 05:00:00,284.0,0.0,0.0,-0.0,372.309675,0.0,0.0,45.57045
2020-01-07 06:00:00,344.0,0.0,0.0,19.91836,364.0,0.0,0.0,74.324909
2020-01-07 07:00:00,284.0,0.0,0.0,117.739048,304.0,0.0,0.0,-0.0
2020-01-07 08:00:00,284.0,0.0,0.0,-0.0,284.0,0.0,0.0,-0.0
2020-01-07 09:00:00,284.0,0.0,0.0,-0.0,284.0,0.0,0.0,-0.0
2020-01-07 10:00:00,284.0,0.0,0.0,-0.0,284.0,0.0,0.0,-0.0
2020-01-07 11:00:00,284.0,0.0,0.0,-0.0,284.0,0.0,0.0,-0.0
2020-01-07 12:00:00,284.0,0.0,0.0,-0.0,284.0,0.0,0.0,-0.0
2020-01-07 13:00:00,284.0,0.0,0.0,-0.0,284.0,0.0,0.0,-0.0
2020-01-07 14:00:00,284.0,0.0,0.0,-0.0,284.0,0.0,0.0,-0.0
2020-01-07 15:00:00,284.0,0.0,0.0,-0.0,306.0,0.0,0.0,-0.0
2020-01-07 16:00:00,284.0,0.0,0.0,-0.0,366.0,8.280291,0.0,17.34214
2020-01-07 17:00:00,284.0,0.0,0.0,117.739048,413.331609,0.0,0.0,44.00427
2020-01-07 18:00:00,284.0,0.0,0.0,117.739048,436.0,0.0,0.0,64.869725
2020-01-07 19:00:00,284.0,0.0,0.0,116.728086,436.0,0.0,0.0,70.15896
2020-01-07 20:00:00,344.0,60.0,0.0,168.49794,424.0,0.0,0.0,24.487422
2020-01-07 21:00:00,404.0,0.0,0.0,18.549582,364.0,0.0,0.0,21.168781
2020-01-07 22:00:00,344.0,0.0,0.0,-0.0,304.0,0.0,0.0,-0.0
2020-01-07 23:00:00,284.0,0.0,0.0,-0.0,284.0,0.0,0.0,-0.0
2020-01-08 00:00:00,284.0,0.0,0.0,-0.0,284.0,2.0,0.0,-0.0
2020-01-08 01:00:00,284.0,0.0,0.0,-0.0,284.0,0.0,0.0,-0.0
2020-01-08 02:00:00,284.0,0.0,0.0,-0.0,284.0,0.0,0.0,-0.0
2020-01-08 03:00:00,284.0,0.0,0.0,-0.0,308.954469,0.0,0.0,18.549582
2020-01-08 04:00:00,284.0,0.0,0.0,-0.0,368.954469,0.0,0.0,25.933408
2020-01-08 05:00:00,284.0,0.0,0.0,-0.0,424.0,0.0,0.0,50.495282
2020-01-08 06:00:00,284.0,0.0,0.0,-0.0,364.0,0.0,0.0,121.224787
2020-01-08 07:00:00,284.0,0.0,0.0,16.582585,304.0,0.0,0.0,-0.0
2020-01-08 08:00:00,284.0,0.0,0.0,-0.0,284.0,0.0,0.0,-0.0
2020-01-08 09:00:00,284.0,0.0,0.0,-0.0,284.0,0.0,0.0,-0.0
2020-01-08 10:00:00,284.0,0.0,0.0,-0.0,284.0,0.0,0.0,-0.0
2020-01-08 11:00:00,284.0,0.0,0.0,-0.0,284.0,0.0,0.0,-0.0
2020-01-08 12:00:00,284.0,0.0,0.0,-0.0,284.0,0.0,0.0,-0.0
2020-01-08 13:00:00,284.0,0.0,0.0,-0.0,284.0,0.0,0.0,-0.0
2020-01-08 14:00:00,284.0,0.0,0.0,-0.0,284.0,0.0,0.0,-0.0
2020-01-08 15:00:00,284.0,0.0,0.0,-0.0,284.0,0.0,0.0,-0.0
2020-01-08 16:00:00,284.0,0.0,0.0,-0.0,344.0,0.0,0.0,12.446703
2020-01-08 17:00:00,344.0,0.0,0.0,19.153665,404.0,0.0,0.0,24.61689
2020-01-08 18:00:00,404.0,0.0,0.0,21.118653,436.0,0.0,0.0,73.319643
2020-01-08 19:00:00,436.0,0.0,0.0,20.820283,436.0,0.0,0.0,50.135316
2020-01-08 20:00:00,436.0,0.0,0.0,19.352769,436.0,0.0,0.0,25.252471
2020-01-08 21:00:00,414.545157,0.0,0.0,18.531796,404.0,0.0,0.0,20.900408
2020-01-08 22:00:00,397.739884,0.0,0.0,18.531796,344.0,0.0,0.0,18.023589
2020-01-08 23:00:00,337.739884,0.0,0.0,-0.0,284.0,0.0,0.0,-0.0
2020-01-09 00:00:00,284.0,0.0,0.0,-0.0,284.0,2.0,0.0,-0.0
2020-01-09 01:00:00,284.0,0.0,0.0,-0.0,284.0,0.0,0.0,-0.0
2020-01-09 02:00:00,284.0,0.0,0.0,-0.0,284.0,0.0,0.0,-0.0
2020-01-09 03:00:00,284.0,0.0,0.0,-0.0,284.0,0.0,0.0,-0.0
2020-01-09 04:00:00,284.0,0.0,0.0,-0.0,284.0,0.0,0.0,-0.0
2020-01-09 05:00:00,284.0,0.0,0.0,-0.0,344.0,0.0,0.0,37.063593
2020-01-09 06:00:00,344.0,0.0,0.0,19.352769,364.0,0.0,0.0,84.277893
2020-01-09 07:00:00,284.0,0.0,0.0,118.531796,304.0,0.0,0.0,-0.0
2020-01-09 08:00:00,284.0,0.0,0.0,-0.0,293.4,0.0,0.0,-0.0
2020-01-09 09:00:00,284.0,0.0,0.0,-0.0,298.4,0.0,0.0,-0.0
2020-01-09 10:00:00,284.0,0.0,0.0,-0.0,298.4,0.0,0.0,-0.0
2020-01-09 11:00:00,284.0,0.0,0.0,-0.0,284.4,0.0,0.0,-0.0
2020-01-09 12:00:00,284.0,0.0,0.0,-0.0,284.0,0.0,0.0,-0.0
2020-01-09 13:00:00,284.0,0.0,0.0,-0.0,284.0,0.0,0.0,0.867354
2020-01-09 14:00:00,284.0,0.0,0.0,-0.0,316.0,0.0,0.0,18.573789
2020-01-09 15:00:00,284.0,0.0,0.0,-0.0,376.0,0.0,0.0,20.846138
2020-01-09 16:00:00,284.0,0.0,0.0,-0.0,436.0,0.0,0.0,33.711842
2020-01-09 17:00:00,344.0,0.0,0.0,21.116411,436.0,0.0,0.0,132.461752
2020-01-09 18:00:00,404.0,0.0,0.0,21.647258,436.0,0.0,0.0,23.206766
2020-01-09 19:00:00,436.0,0.0,0.0,19.153665,424.0,0.0,0.0,22.492854
2020-01-09 20:00:00,431.656555,0.0,0.0,18.531796,364.0,0.0,0.0,21.116714
2020-01-09 21:00:00,400.66645,0.0,0.0,18.531796,304.0,0.0,0.0,0.867354
2020-01-09 22:00:00,396.775178,0.0,0.0,18.531796,342.515715,0.0,0.0,18.573789
2020-01-09 23:00:00,336.775178,0.0,0.0,16.212661,291.4,0.0,0.0,-0.0
2020-01-10 00:00:00,294.634153,0.0,0.0,18.531796,284.0,2.0,0.0,-0.0
2020-01-10 01:00:00,284.0,0.0,0.0,-0.0,284.0,0.0,0.0,-0.0
2020-01-10 02:00:00,284.0,0.0,0.0,-0.0,284.0,0.0,0.0,-0.0
2020-01-10 03:00:00,293.755346,0.0,0.0,18.531796,303.747601,0.0,0.0,-0.0
2020-01-10 04:00:00,353.755346,0.0,0.0,19.685338,363.747601,0.0,0.0,18.463561
2020-01-10 05:00:00,413.755346,0.0,0.0,18.549582,423.747601,0.0,0.0,20.400003
2020-01-10 06:00:00,436.0,0.0,0.0,19.91836,364.0,0.0,0.0,61.498951
2020-01-10 07:00:00,436.0,0.0,0.0,20.726727,304.0,0.0,0.0,-0.0
2020-01-10 08:00:00,376.0,0.0,0.0,-0.0,284.0,0.0,0.0,-0.0
2020-01-10 09:00:00,316.0,0.0,0.0,-0.0,284.0,0.0,0.0,-0.0
2020-01-10 10:00:00,284.0,0.0,0.0,-0.0,284.0,0.0,0.0,-0.0
2020-01-10 11:00:00,284.0,0.0,0.0,-0.0,284.0,0.0,0.0,-0.0
2020-01-10 12:00:00,284.0,0.0,0.0,-0.0,293.4,0.0,0.0,-0.0
2020-01-10 13:00:00,284.0,0.0,0.0,-0.0,293.4,0.0,0.0,-0.0
2020-01-10 14:00:00,284.0,0.0,0.0,-0.0,292.4,0.0,0.0,-0.0
2020-01-10 15:00:00,284.0,0.0,0.0,-0.0,311.981011,0.0,0.0,-0.0
2020-01-10 16:00:00,284.0,0.0,0.0,-0.0,371.981011,0.0,0.0,25.211547
2020-01-10 17:00:00,344.0,0.0,0.0,22.441135,431.981011,0.0,0.0,87.081898
2020-01-10 18:00:00,404.0,0.0,0.0,21.62631,436.0,0.0,0.0,71.644392
2020-01-10 19:00:00,436.0,0.0,0.0,21.62631,436.0,0.0,0.0,21.497351
2020-01-10 20:00:00,436.0,0.0,0.0,21.413908,424.0,0.0,0.0,24.287438
2020-01-10 21:00:00,400.287716,0.0,0.0,18.531796,364.0,0.0,0.0,27.76428
2020-01-10 22:00:00,340.287716,0.0,0.0,16.212661,304.0,0.0,0.0,-0.0
2020-01-10 23:00:00,396.762614,0.0,0.0,18.531796,291.4,0.0,0.0,-0.0
2020-01-11 00:00:00,336.762614,0.0,0.0,-0.0,318.707467,30.0,0.0,18.072542
2020-01-11 01:00:00,284.0,0.0,0.0,16.212661,378.707467,0.0,0.0,18.991051
2020-01-11 02:00:00,344.0,0.0,0.0,19.685338,352.458355,0.0,0.0,18.573789
2020-01-11 03:00:00,284.0,0.0,0.0,13.557277,304.0,0.0,0.0,-0.0
2020-01-11 04:00:00,284.0,0.0,0.0,17.265035,364.0,0.0,0.0,19.983547
2020-01-11 05:00:00,344.0,0.0,0.0,21.116411,424.0,0.0,0.0,21.116714
2020-01-11 06:00:00,404.0,0.0,0.0,22.516066,436.0,0.0,0.0,28.793019
2020-01-11 07:00:00,436.0,0.0,0.0,125.758899,436.0,0.0,0.0,22.96816
2020-01-11 08:00:00,436.0,0.0,0.0,20.400003,436.0,0.0,0.0,26.355352
2020-01-11 09:00:00,376.0,0.0,0.0,-0.0,436.0,0.0,0.0,25.345104
2020-01-11 10:00:00,316.0,0.0,0.0,-0.0,436.0,0.0,0.0,73.341377
2020-01-11 11:00:00,284.0,0.0,0.0,-0.0,392.313676,0.0,0.0,22.96816
2020-01-11 12:00:00,284.0,0.0,0.0,16.970947,332.313676,0.0,0.0,8.400646
2020-01-11 13:00:00,284.0,0.0,0.0,-0.0,304.0,0.0,0.0,-0.0
2020-01-11 14:00:00,284.0,0.0,0.0,-0.0,304.0,0.0,0.0,-0.0
2020-01-11 15:00:00,284.0,0.0,0.0,-0.0,364.0,0.0,0.0,20.846138
2020-01-11 16:00:00,284.0,0.0,0.0,-0.0,424.0,0.0,0.0,22.96816
2020-01-11 17:00:00,344.0,0.0,0.0,21.647258,436.0,0.0,0.0,77.382818
2020-01-11 18:00:00,404.0,0.0,0.0,21.288154,436.0,0.0,0.0,49.821366
2020-01-11 19:00:00,436.0,0.0,0.0,18.60404,436.0,0.0,0.0,26.973656
2020-01-11 20:00:00,436.0,0.0,0.0,19.133765,436.0,0.0,0.0,21.499368
2020-01-11 21:00:00,436.0,0.0,0.0,19.153665,436.0,0.0,0.0,24.377769
2020-01-11 22:00:00,376.0,0.0,0.0,18.208373,436.0,0.0,0.0,20.243091
2020-01-11 23:00:00,316.0,0.0,0.0,17.265035,411.22444,0.0,0.0,20.52197
2020-01-12 00:00:00,284.0,0.0,0.0,13.557277,304.0,2.0,0.0,18.531796
2020-01-12 01:00:00,284.0,0.0,0.0,-0.0,284.0,0.0,0.0,-0.0
2020-01-12 02:00:00,284.0,0.0,0.0,-0.0,284.0,0.0,0.0,-0.0
2020-01-12 03:00:00,284.0,0.0,0.0,-0.0,284.0,0.0,0.0,-0.0
2020-01-12 04:00:00,284.0,0.0,0.0,-0.0,284.0,0.0,0.0,-0.0
2020-01-12 05:00:00,284.0,0.0,0.0,-0.0,284.0,0.0,0.0,-0.0
2020-01-12 06:00:00,284.0,0.0,0.0,16.212661,304.0,0.0,0.0,18.531796
2020-01-12 07:00:00,344.0,0.0,0.0,121.287879,284.0,0.0,0.0,-0.0
2020-01-12 08:00:00,284.0,0.0,0.0,-0.0,290.4,0.0,0.0,-0.0
2020-01-12 09:00:00,284.0,0.0,0.0,-0.0,291.4,0.0,0.0,-0.0
2020-01-12 10:00:00,284.0,0.0,0.0,-0.0,298.4,0.0,0.0,-0.0
2020-01-12 11:00:00,284.0,0.0,0.0,-0.0,293.4,0.0,0.0,-0.0
2020-01-12 12:00:00,284.0,0.0,0.0,-0.0,293.4,0.0,0.0,-0.0
2020-01-12 13:00:00,284.0,0.0,0.0,-0.0,293.4,0.0,0.0,-0.0
2020-01-12 14:00:00,284.0,0.0,0.0,-0.0,292.4,0.0,0.0,-0.0
2020-01-12 15:00:00,284.0,0.0,0.0,-0.0,304.0,0.0,0.0,-0.0
2020-01-12 16:00:00,284.0,0.0,0.0,-0.0,364.0,0.0,0.0,25.611356
2020-01-12 17:00:00,344.0,0.0,0.0,22.576747,424.0,0.0,0.0,73.658229
2020-01-12 18:00:00,404.0,0.0,0.0,131.857535,436.0,0.0,0.0,74.645402
2020-01-12 19:00:00,436.0,60.0,0.0,233.035526,436.0,0.0,0.0,21.963675
2020-01-12 20:00:00,436.0,80.0,0.0,227.274616,436.0,0.0,0.0,21.513966
2020-01-12 21:00:00,436.0,20.0,0.0,127.050889,436.0,0.0,0.0,21.096593
2020-01-12 22:00:00,436.0,0.0,0.0,23.657594,390.850382,0.0,0.0,18.531796
2020-01-12 23:00:00,436.0,0.0,0.0,22.576747,436.0,0.0,0.0,19.430296
2020-01-13 00:00:00,436.0,0.0,0.0,22.576747,284.0,30.0,0.0,-0.0
2020-01-13 01:00:00,376.0,0.0,0.0,-0.0,284.0,0.0,0.0,-0.0
2020-01-13 02:00:00,316.0,0.0,0.0,-0.0,284.0,0.0,0.0,-0.0
2020-01-13 03:00:00,284.0,0.0,0.0,-0.0,284.0,0.0,0.0,-0.0
2020-01-13 04:00:00,284.0,0.0,0.0,-0.0,304.0,0.0,0.0,-0.0
2020-01-13 05:00:00,284.0,0.0,0.0,16.970947,364.0,0.0,0.0,21.288154
2020-01-13 06:00:00,344.0,0.0,0.0,22.516066,424.0,0.0,0.0,109.060361
2020-01-13 07:00:00,404.0,60.0,0.0,231.857535,400.149453,0.0,0.0,20.846138
2020-01-13 08:00:00,436.0,0.0,0.0,126.324557,340.149453,0.0,0.0,18.531796
2020-01-13 09:00:00,436.0,0.0,0.0,21.287879,299.281762,0.0,0.0,19.430296
2020-01-13 10:00:00,376.0,0.0,0.0,18.463561,285.4,0.0,0.0,-0.0
2020-01-13 11:00:00,316.0,0.0,0.0,16.970947,284.0,0.0,0.0,-0.0
2020-01-13 12:00:00,284.0,0.0,0.0,-0.0,284.0,0.0,0.0,-0.0
2020-01-13 13:00:00,284.0,0.0,0.0,-0.0,284.0,0.0,0.0,-0.0
2020-01-13 14:00:00,284.0,0.0,0.0,-0.0,304.0,0.0,0.0,-0.0
2020-01-13 15:00:00,284.0,0.0,0.0,-0.0,364.0,7.655211,0.0,-0.0
2020-01-13 16:00:00,284.0,0.0,0.0,16.970947,424.0,0.0,0.0,45.751333
2020-01-13 17:00:00,344.0,0.0,0.0,136.124055,436.0,0.0,0.0,21.801606
2020-01-13 18:00:00,404.0,60.0,0.0,141.716991,436.0,0.0,0.0,21.62631
2020-01-13 19:00:00,436.0,0.0,0.0,23.192161,436.0,0.0,0.0,93.666835
2020-01-13 20:00:00,436.0,0.0,0.0,21.801606,436.0,0.0,0.0,25.203437
2020-01-13 21:00:00,436.0,0.0,0.0,49.131415,436.0,0.0,0.0,21.63157
2020-01-13 22:00:00,376.0,0.0,0.0,118.531796,424.0,0.0,0.0,20.871632
2020-01-13 23:00:00,354.510061,0.0,0.0,18.531796,364.0,0.0,0.0,18.208373
2020-01-14 00:00:00,334.403271,0.0,0.0,18.531796,284.0,30.0,0.0,-0.0
2020-01-14 01:00:00,284.0,0.0,0.0,-0.0,284.0,0.0,0.0,-0.0
2020-01-14 02:00:00,284.0,0.0,0.0,-0.0,284.0,0.0,0.0,-0.0
2020-01-14 03:00:00,284.0,0.0,0.0,-0.0,284.0,0.0,0.0,-0.0
2020-01-14 04:00:00,284.0,0.0,0.0,-0.0,341.078909,0.0,0.0,16.639441
2020-01-14 05:00:00,284.0,0.0,0.0,17.208682,401.078909,0.0,0.0,23.224363
2020-01-14 06:00:00,344.0,0.0,0.0,21.902785,364.0,0.0,0.0,115.481514
2020-01-14 07:00:00,390.457835,0.0,0.0,119.587256,304.0,0.0,0.0,-0.0
2020-01-14 08:00:00,330.457835,0.0,0.0,-0.0,284.0,0.0,0.0,-0.0
2020-01-14 09:00:00,284.0,0.0,0.0,-0.0,284.0,0.0,0.0,-0.0
2020-01-14 10:00:00,284.0,0.0,0.0,-0.0,284.0,0.0,0.0,-0.0
2020-01-14 11:00:00,284.0,0.0,0.0,-0.0,284.0,0.0,0.0,-0.0
2020-01-14 12:00:00,284.0,0.0,0.0,-0.0,284.0,0.0,0.0,-0.0
2020-01-14 13:00:00,284.0,0.0,0.0,-0.0,284.0,0.0,0.0,-0.0
2020-01-14 14:00:00,284.0,0.0,0.0,-0.0,287.4,0.0,0.0,-0.0
2020-01-14 15:00:00,284.0,0.0,0.0,-0.0,291.4,0.0,0.0,-0.0
2020-01-14 16:00:00,284.0,0.0,0.0,-0.0,332.00958,0.0,0.0,-0.0
2020-01-14 17:00:00,344.0,0.0,0.0,19.430296,392.00958,0.0,0.0,91.68235
2020-01-14 18:00:00,404.0,0.0,0.0,21.116714,436.0,0.0,0.0,79.361567
2020-01-14 19:00:00,436.0,0.0,0.0,20.400003,436.0,0.0,0.0,29.017079
2020-01-14 20:00:00,436.0,0.0,0.0,22.576747,436.0,0.0,0.0,23.765272
2020-01-14 21:00:00,436.0,0.0,0.0,23.206766,424.0,0.0,0.0,23.128644
2020-01-14 22:00:00,436.0,0.0,0.0,23.128644,364.0,0.0,0.0,19.983547
2020-01-14 23:00:00,436.0,0.0,0.0,21.647258,304.0,0.0,0.0,-0.0
2020-01-15 00:00:00,436.0,0.0,0.0,21.647258,284.0,30.0,0.0,-0.0
2020-01-15 01:00:00,436.0,0.0,0.0,21.116714,292.4,0.0,0.0,-0.0
2020-01-15 02:00:00,376.0,0.0,0.0,-0.0,291.4,0.0,0.0,-0.0
2020-01-15 03:00:00,316.0,0.0,0.0,-0.0,304.0,0.0,0.0,-0.0
2020-01-15 04:00:00,376.0,0.0,0.0,20.23509,364.0,0.0,0.0,21.116411
2020-01-15 05:00:00,385.487724,0.0,0.0,18.531796,424.0,0.0,0.0,38.343887
2020-01-15 06:00:00,436.0,0.0,0.0,21.096593,387.45001,0.0,0.0,74.941555
2020-01-15 07:00:00,436.0,0.0,0.0,21.096593,327.45001,0.0,0.0,20.94451
2020-01-15 08:00:00,376.0,0.0,0.0,-0.0,298.4,0.0,0.0,-0.0
2020-01-15 09:00:00,316.0,0.0,0.0,-0.0,304.0,0.0,0.0,-0.0
2020-01-15 10:00:00,284.0,0.0,0.0,-0.0,304.0,0.0,0.0,-0.0
2020-01-15 11:00:00,284.0,0.0,0.0,-0.0,331.043712,0.0,0.0,-0.0
2020-01-15 12:00:00,284.0,0.0,0.0,-0.0,336.035263,0.0,0.0,15.488446
2020-01-15 13:00:00,284.0,0.0,0.0,-0.0,304.0,0.0,0.0,-0.0
2020-01-15 14:00:00,284.0,0.0,0.0,-0.0,364.0,0.0,0.0,21.116714
2020-01-15 15:00:00,284.0,0.0,0.0,-0.0,424.0,0.0,0.0,22.516066
2020-01-15 16:00:00,284.0,0.0,0.0,-0.0,436.0,0.0,0.0,24.500716
2020-01-15 17:00:00,344.0,0.0,0.0,19.983547,436.0,0.0,0.0,72.454221
2020-01-15 18:00:00,404.0,0.0,0.0,21.288154,436.0,0.0,0.0,77.661087
2020-01-15 19:00:00,436.0,0.0,0.0,21.843654,436.0,0.0,0.0,27.755129
2020-01-15 20:00:00,436.0,0.0,0.0,21.287879,436.0,0.0,0.0,27.128505
2020-01-15 21:00:00,436.0,0.0,0.0,19.685338,436.0,0.0,0.0,26.324557
2020-01-15 22:00:00,376.0,0.0,0.0,14.191367,436.0,0.0,0.0,23.206766
2020-01-15 23:00:00,316.0,0.0,0.0,-0.0,436.0,0.0,0.0,22.516066
2020-01-16 00:00:00,284.0,0.0,0.0,-0.0,344.0,2.0,0.0,26.324557
2020-01-16 01:00:00,284.0,0.0,0.0,-0.0,404.0,0.0,0.0,25.9087
2020-01-16 02:00:00,284.0,0.0,0.0,-0.0,436.0,0.0,0.0,22.96816
2020-01-16 03:00:00,284.0,0.0,0.0,-0.0,436.0,0.0,0.0,21.16771
2020-01-16 04:00:00,284.0,0.0,0.0,-0.0,436.0,0.0,0.0,21.474047
2020-01-16 05:00:00,284.0,0.0,0.0,13.557277,436.0,0.0,0.0,22.96816
2020-01-16 06:00:00,344.0,0.0,0.0,19.133765,424.0,0.0,0.0,41.719379
2020-01-16 07:00:00,404.0,0.0,0.0,20.726727,364.0,0.0,0.0,20.400003
2020-01-16 08:00:00,344.0,0.0,0.0,-0.0,304.0,0.0,0.0,-0.0
2020-01-16 09:00:00,284.0,0.0,0.0,-0.0,297.4,0.0,0.0,-0.0
2020-01-16 10:00:00,284.0,0.0,0.0,-0.0,296.4,0.0,0.0,-0.0
2020-01-16 11:00:00,284.0,0.0,0.0,-0.0,288.4,0.0,0.0,-0.0
2020-01-16 12:00:00,284.0,0.0,0.0,-0.0,286.4,0.0,0.0,-0.0
2020-01-16 13:00:00,284.0,0.0,0.0,-0.0,287.4,0.0,0.0,-0.0
2020-01-16 14:00:00,284.0,0.0,0.0,-0.0,286.4,0.0,0.0,-0.0
2020-01-16 15:00:00,284.0,0.0,0.0,-0.0,304.0,0.0,0.0,-0.0
2020-01-16 16:00:00,284.0,0.0,0.0,-0.0,364.0,0.0,0.0,25.256544
2020-01-16 17:00:00,344.0,0.0,0.0,20.23509,424.0,0.0,0.0,125.505001
2020-01-16 18:00:00,404.0,0.0,0.0,21.168781,436.0,0.0,0.0,29.306571
2020-01-16 19:00:00,436.0,0.0,0.0,19.133765,436.0,0.0,0.0,21.807862
2020-01-16 20:00:00,436.0,0.0,0.0,20.23509,436.0,0.0,0.0,22.530926
2020-01-16 21:00:00,436.0,0.0,0.0,19.153665,404.0,0.0,0.0,21.513966
2020-01-16 22:00:00,376.0,0.0,0.0,16.212661,344.0,0.0,0.0,15.549627
2020-01-16 23:00:00,316.0,0.0,0.0,-0.0,284.0,0.0,0.0,0.187314
2020-01-17 00:00:00,284.0,0.0,0.0,-0.0,284.0,2.0,0.0,-0.0
2020-01-17 01:00:00,284.0,0.0,0.0,-0.0,284.0,0.0,0.0,-0.0
2020-01-17 02:00:00,284.0,0.0,0.0,-0.0,284.0,0.0,0.0,-0.0
2020-01-17 03:00:00,284.0,0.0,0.0,-0.0,284.0,0.0,0.0,-0.0
2020-01-17 04:00:00,284.0,0.0,0.0,-0.0,307.160847,0.0,0.0,-0.0
2020-01-17 05:00:00,344.0,0.0,0.0,20.826061,367.160847,0.0,0.0,22.151684
2020-01-17 06:00:00,404.0,0.0,0.0,21.118653,399.567015,0.0,0.0,128.164838
2020-01-17 07:00:00,401.017992,0.0,0.0,119.587256,339.567015,0.0,0.0,-0.0
2020-01-17 08:00:00,341.017992,0.0,0.0,-0.0,284.0,0.0,0.0,0.0
2020-01-17 09:00:00,284.0,0.0,0.0,-0.0,284.0,0.0,0.0,-0.0
2020-01-17 10:00:00,284.0,0.0,0.0,-0.0,284.0,0.0,0.0,-0.0
2020-01-17 11:00:00,284.0,0.0,0.0,-0.0,284.0,0.0,0.0,-0.0
2020-01-17 12:00:00,284.0,0.0,0.0,-0.0,284.0,0.0,0.0,-0.0
2020-01-17 13:00:00,284.0,0.0,0.0,-0.0,284.0,0.0,0.0,-0.0
2020-01-17 14:00:00,284.0,0.0,0.0,-0.0,284.0,0.0,0.0,-0.0
2020-01-17 15:00:00,284.0,0.0,0.0,-0.0,284.0,0.0,0.0,-0.0
2020-01-17 16:00:00,284.0,0.0,0.0,-0.0,304.0,0.0,0.0,18.573789
2020-01-17 17:00:00,344.0,0.0,0.0,19.153665,364.0,0.0,0.0,28.416813
2020-01-17 18:00:00,404.0,0.0,0.0,20.820283,424.0,0.0,0.0,69.868402
2020-01-17 19:00:00,436.0,0.0,0.0,20.989617,436.0,0.0,0.0,21.168781
2020-01-17 20:00:00,436.0,0.0,0.0,21.287879,436.0,0.0,0.0,51.914022
2020-01-17 21:00:00,436.0,0.0,0.0,122.516066,436.0,0.0,0.0,20.989617
2020-01-17 22:00:00,436.0,0.0,0.0,20.846138,398.335768,0.0,0.0,19.430296
2020-01-17 23:00:00,376.0,0.0,0.0,12.446703,338.335768,0.0,0.0,18.072542
2020-01-18 00:00:00,316.0,0.0,0.0,18.072542,284.0,2.0,0.0,-0.0
2020-01-18 01:00:00,376.0,0.0,0.0,20.400003,304.0,0.0,0.0,-0.0
2020-01-18 02:00:00,368.695792,0.0,0.0,18.531796,364.0,0.0,0.0,18.072542
2020-01-18 03:00:00,428.695792,0.0,0.0,19.430296,424.0,0.0,0.0,21.287879
2020-01-18 04:00:00,436.0,0.0,0.0,19.430296,436.0,0.0,0.0,21.843654
2020-01-18 05:00:00,400.520472,0.0,0.0,18.531796,424.0,0.0,0.0,48.559785
2020-01-18 06:00:00,436.0,0.0,0.0,20.400003,364.0,0.0,0.0,93.249196
2020-01-18 07:00:00,436.0,0.0,0.0,21.288154,304.0,0.0,0.0,-0.0
2020-01-18 08:00:00,376.0,0.0,0.0,-0.0,298.4,0.0,0.0,-0.0
2020-01-18 09:00:00,316.0,0.0,0.0,-0.0,297.4,0.0,0.0,-0.0
2020-01-18 10:00:00,284.0,0.0,0.0,-0.0,290.4,0.0,0.0,-0.0
2020-01-18 11:00:00,284.0,0.0,0.0,-0.0,284.0,0.0,0.0,-0.0
2020-01-18 12:00:00,284.0,0.0,0.0,-0.0,284.0,0.0,0.0,-0.0
2020-01-18 13:00:00,284.0,0.0,0.0,-0.0,293.223215,0.0,0.0,-0.0
2020-01-18 14:00:00,284.0,0.0,0.0,-0.0,353.223215,0.0,0.0,15.775439
2020-01-18 15:00:00,284.0,0.0,0.0,-0.0,413.223215,0.0,0.0,21.288154
2020-01-18 16:00:00,284.0,0.0,0.0,-0.0,436.0,0.0,0.0,31.276026
2020-01-18 17:00:00,344.0,0.0,0.0,23.206766,436.0,0.0,0.0,27.050889
2020-01-18 18:00:00,404.0,0.0,0.0,25.9087,436.0,0.0,0.0,75.799899
2020-01-18 19:00:00,436.0,0.0,0.0,26.324557,436.0,0.0,0.0,63.665379
2020-01-18 20:00:00,436.0,0.0,0.0,26.324557,436.0,0.0,0.0,26.790897
2020-01-18 21:00:00,436.0,0.0,0.0,23.87513,436.0,0.0,0.0,26.429316
2020-01-18 22:00:00,436.0,0.0,0.0,23.128644,436.0,0.0,0.0,24.256095
2020-01-18 23:00:00,436.0,0.0,0.0,22.732362,436.0,0.0,0.0,23.206766
2020-01-19 00:00:00,436.0,0.0,0.0,23.128644,344.0,30.0,0.0,25.9087
2020-01-19 01:00:00,436.0,0.0,0.0,22.732362,404.0,0.0,0.0,23.87513
2020-01-19 02:00:00,436.0,0.0,0.0,22.732362,436.0,0.0,0.0,23.206766
2020-01-19 03:00:00,436.0,0.0,0.0,22.732362,436.0,0.0,0.0,23.206766
2020-01-19 04:00:00,436.0,0.0,0.0,22.96816,436.0,0.0,0.0,25.9087
2020-01-19 05:00:00,436.0,0.0,0.0,23.206766,436.0,0.0,0.0,26.755559
2020-01-19 06:00:00,436.0,0.0,0.0,25.9087,436.0,0.0,0.0,40.045842
2020-01-19 07:00:00,436.0,0.0,0.0,126.790897,376.0,0.0,0.0,19.66129
2020-01-19 08:00:00,436.0,0.0,0.0,20.846138,316.0,0.0,0.0,17.861557
2020-01-19 09:00:00,376.0,0.0,0.0,-0.0,284.0,0.0,0.0,-0.0
2020-01-19 10:00:00,316.0,0.0,0.0,-0.0,284.0,0.0,0.0,-0.0
2020-01-19 11:00:00,284.0,0.0,0.0,-0.0,284.0,0.0,0.0,-0.0
2020-01-19 12:00:00,284.0,0.0,0.0,-0.0,284.0,0.0,0.0,-0.0
2020-01-19 13:00:00,284.0,0.0,0.0,-0.0,284.0,0.0,0.0,-0.0
2020-01-19 14:00:00,284.0,0.0,0.0,-0.0,304.0,0.0,0.0,-0.0
2020-01-19 15:00:00,284.0,0.0,0.0,-0.0,364.0,0.0,0.0,17.992931
2020-01-19 16:00:00,284.0,0.0,0.0,18.072542,424.0,0.0,0.0,26.755559
2020-01-19 17:00:00,344.0,0.0,0.0,27.274563,436.0,0.0,0.0,72.187217
2020-01-19 18:00:00,404.0,0.0,0.0,130.277405,436.0,0.0,0.0,74.989716
2020-01-19 19:00:00,436.0,0.0,0.0,127.274616,436.0,0.0,0.0,27.68643
2020-01-19 20:00:00,436.0,0.0,0.0,130.277405,436.0,0.0,0.0,25.772493
2020-01-19 21:00:00,436.0,60.0,0.0,226.413165,436.0,0.0,0.0,21.843654
2020-01-19 22:00:00,436.0,65.427768,0.0,141.716991,415.401897,0.0,0.0,19.430296
2020-01-19 23:00:00,436.0,5.427768,0.0,127.274563,355.401897,0.0,0.0,19.509594
2020-01-20 00:00:00,422.544822,0.0,0.0,18.531796,290.0,30.0,0.0,6.745641
2020-01-20 01:00:00,425.973167,0.0,0.0,18.531796,292.4,0.0,0.0,-0.0
2020-01-20 02:00:00,436.0,0.0,0.0,19.983547,291.4,0.0,0.0,-0.0
2020-01-20 03:00:00,436.0,0.0,0.0,22.96816,291.4,0.0,0.0,-0.0
2020-01-20 04:00:00,436.0,0.0,0.0,23.657594,316.0,0.0,0.0,-0.0
2020-01-20 05:00:00,436.0,0.0,0.0,126.790897,376.0,7.554795,0.0,21.287879
2020-01-20 06:00:00,436.0,0.0,0.0,26.429316,375.100281,0.0,0.0,107.172056
2020-01-20 07:00:00,436.0,60.0,0.0,277.274616,315.100281,0.0,0.0,-0.0
2020-01-20 08:00:00,436.0,0.0,0.0,18.573789,298.4,0.0,0.0,-0.0
2020-01-20 09:00:00,376.0,0.0,0.0,-0.0,299.4,0.0,0.0,-0.0
2020-01-20 10:00:00,316.0,0.0,0.0,18.072542,297.4,0.0,0.0,-0.0
2020-01-20 11:00:00,305.534556,0.0,0.0,18.531796,284.0,0.0,0.0,-0.0
2020-01-20 12:00:00,318.751328,0.0,0.0,18.531796,284.0,0.0,0.0,-0.0
2020-01-20 13:00:00,378.751328,0.0,0.0,18.573789,333.248537,0.0,0.0,14.488924
2020-01-20 14:00:00,436.0,0.0,0.0,19.983547,393.248537,0.0,0.0,21.116411
2020-01-20 15:00:00,376.0,0.0,0.0,18.072542,436.0,0.0,0.0,22.516066
2020-01-20 16:00:00,316.0,0.0,0.0,-0.0,436.0,0.0,0.0,29.312622
2020-01-20 17:00:00,376.0,0.0,0.0,26.755559,436.0,0.0,0.0,63.827421
2020-01-20 18:00:00,436.0,0.0,0.0,27.050889,436.0,0.0,0.0,75.799899
2020-01-20 19:00:00,436.0,0.0,0.0,26.845129,436.0,0.0,0.0,28.294764
2020-01-20 20:00:00,436.0,0.0,0.0,26.755559,436.0,0.0,0.0,27.274616
2020-01-20 21:00:00,436.0,0.0,0.0,26.755559,436.0,0.0,0.0,26.324557
2020-01-20 22:00:00,436.0,0.0,0.0,23.206766,436.0,0.0,0.0,22.576747
2020-01-20 23:00:00,436.0,0.0,0.0,23.128644,436.0,0.0,0.0,21.287879
2020-01-21 00:00:00,436.0,0.0,0.0,23.128644,344.0,30.0,0.0,21.843654
2020-01-21 01:00:00,436.0,0.0,0.0,22.732362,404.0,0.0,0.0,21.647258
2020-01-21 02:00:00,436.0,0.0,0.0,22.732362,436.0,0.0,0.0,21.288154
2020-01-21 03:00:00,436.0,0.0,0.0,22.576747,436.0,0.0,0.0,21.647258
2020-01-21 04:00:00,436.0,0.0,0.0,22.732362,436.0,0.0,0.0,21.843654
2020-01-21 05:00:00,436.0,0.0,0.0,23.87513,436.0,0.0,0.0,22.96816
2020-01-21 06:00:00,436.0,0.0,0.0,127.755129,424.0,0.0,0.0,47.082793
2020-01-21 07:00:00,436.0,60.0,0.0,1000.0,364.0,0.0,0.0,20.846138
2020-01-21 08:00:00,436.0,0.0,0.0,125.9087,304.0,0.0,0.0,-0.0
2020-01-21 09:00:00,436.0,0.0,0.0,21.288154,297.4,0.0,0.0,-0.0
2020-01-21 10:00:00,436.0,0.0,0.0,18.573789,297.4,0.0,0.0,-0.0
2020-01-21 11:00:00,376.0,0.0,0.0,18.463561,290.4,0.0,0.0,-0.0
2020-01-21 12:00:00,399.47172,0.0,0.0,18.531796,284.0,0.0,0.0,-0.0
2020-01-21 13:00:00,436.0,0.0,0.0,18.573789,284.0,0.0,0.0,-0.0
2020-01-21 14:00:00,436.0,0.0,0.0,19.983547,311.036,0.0,0.0,-0.0
2020-01-21 15:00:00,436.0,0.0,0.0,21.287879,371.036,3.862771,0.0,13.490654
2020-01-21 16:00:00,436.0,0.0,0.0,20.400003,431.036,0.0,0.0,26.678382
2020-01-21 17:00:00,436.0,0.0,0.0,126.429316,436.0,0.0,0.0,77.409752
2020-01-21 18:00:00,436.0,0.0,0.0,127.682326,436.0,0.0,0.0,68.698433
2020-01-21 19:00:00,436.0,0.0,0.0,125.688872,436.0,0.0,0.0,25.073893
2020-01-21 20:00:00,436.0,0.0,0.0,24.177009,436.0,0.0,0.0,22.825896
2020-01-21 21:00:00,436.0,0.0,0.0,125.688872,436.0,0.0,0.0,20.673881
2020-01-21 22:00:00,436.0,0.0,0.0,22.516066,402.075632,0.0,0.0,19.685338
2020-01-21 23:00:00,436.0,0.0,0.0,23.87513,342.075632,0.0,0.0,17.378254
2020-01-22 00:00:00,436.0,0.0,0.0,23.87513,284.0,30.0,0.0,-0.0
2020-01-22 01:00:00,436.0,0.0,0.0,23.87513,291.4,0.0,0.0,-0.0
2020-01-22 02:00:00,436.0,0.0,0.0,26.324557,291.4,0.0,0.0,-0.0
2020-01-22 03:00:00,436.0,0.0,0.0,26.324557,304.0,0.0,0.0,-0.0
2020-01-22 04:00:00,436.0,0.0,0.0,126.429316,364.0,0.0,0.0,20.400003
2020-01-22 05:00:00,436.0,0.0,0.0,127.050889,424.0,0.0,0.0,22.492854
2020-01-22 06:00:00,436.0,0.0,0.0,126.429316,387.806453,0.0,0.0,91.389212
2020-01-22 07:00:00,436.0,0.0,0.0,22.516066,327.806453,0.0,0.0,19.430296
2020-01-22 08:00:00,376.0,0.0,0.0,-0.0,298.4,0.0,0.0,-0.0
2020-01-22 09:00:00,316.0,0.0,0.0,-0.0,298.4,0.0,0.0,-0.0
2020-01-22 10:00:00,284.0,0.0,0.0,-0.0,299.4,0.0,0.0,-0.0
2020-01-22 11:00:00,284.0,0.0,0.0,-0.0,295.4,0.0,0.0,-0.0
2020-01-22 12:00:00,284.0,0.0,0.0,-0.0,284.0,0.0,0.0,-0.0
2020-01-22 13:00:00,284.0,0.0,0.0,16.970947,284.0,0.0,0.0,-0.0
2020-01-22 14:00:00,284.0,0.0,0.0,18.072542,336.839796,0.0,0.0,7.702058
2020-01-22 15:00:00,284.0,0.0,0.0,-0.0,331.408031,0.0,0.0,4.218629
2020-01-22 16:00:00,313.866052,0.0,0.0,18.531796,391.408031,0.0,0.0,24.621201
2020-01-22 17:00:00,373.866052,0.0,0.0,26.429316,436.0,0.0,0.0,126.245966
2020-01-22 18:00:00,433.866052,0.0,0.0,26.429316,436.0,0.0,0.0,21.99146
2020-01-22 19:00:00,436.0,0.0,0.0,23.437807,436.0,0.0,0.0,26.942854
2020-01-22 20:00:00,436.0,0.0,0.0,22.516066,436.0,0.0,0.0,21.99146
2020-01-22 21:00:00,436.0,0.0,0.0,21.168781,378.875547,0.0,0.0,19.153665
2020-01-22 22:00:00,436.0,0.0,0.0,19.91836,318.875547,0.0,0.0,19.133765
2020-01-22 23:00:00,376.0,0.0,0.0,-0.0,284.0,0.0,0.0,-0.0
2020-01-23 00:00:00,316.0,0.0,0.0,-0.0,284.0,2.0,0.0,-0.0
2020-01-23 01:00:00,284.0,0.0,0.0,-0.0,296.979674,0.0,0.0,18.60404
2020-01-23 02:00:00,284.0,0.0,0.0,-0.0,284.0,0.0,0.0,11.344516
2020-01-23 03:00:00,284.0,0.0,0.0,-0.0,284.0,0.0,0.0,-0.0
2020-01-23 04:00:00,284.0,0.0,0.0,-0.0,284.0,0.0,0.0,-0.0
2020-01-23 05:00:00,284.0,0.0,0.0,-0.0,344.0,0.0,0.0,17.265035
2020-01-23 06:00:00,332.956994,0.0,0.0,18.531796,344.0,0.0,0.0,71.547762
2020-01-23 07:00:00,379.105496,0.0,0.0,18.531796,284.0,0.0,0.0,-0.0
2020-01-23 08:00:00,319.105496,0.0,0.0,-0.0,284.0,0.0,0.0,-0.0
2020-01-23 09:00:00,284.0,0.0,0.0,-0.0,284.0,0.0,0.0,-0.0
2020-01-23 10:00:00,284.0,0.0,0.0,-0.0,284.0,0.0,0.0,-0.0
2020-01-23 11:00:00,284.0,0.0,0.0,-0.0,284.0,0.0,0.0,-0.0
2020-01-23 12:00:00,284.0,0.0,0.0,-0.0,284.0,0.0,0.0,-0.0
2020-01-23 13:00:00,284.0,0.0,0.0,-0.0,284.0,0.0,0.0,-0.0
2020-01-23 14:00:00,284.0,0.0,0.0,-0.0,284.0,0.0,0.0,-0.0
2020-01-23 15:00:00,284.0,0.0,0.0,-0.0,286.0,0.0,0.0,-0.0
2020-01-23 16:00:00,284.0,0.0,0.0,-0.0,346.0,0.0,0.0,18.573789
2020-01-23 17:00:00,284.0,0.0,0.0,-0.0,406.0,0.0,0.0,73.558146
2020-01-23 18:00:00,284.0,0.0,0.0,16.212661,436.0,0.0,0.0,86.416323
2020-01-23 19:00:00,344.0,0.0,0.0,20.989617,436.0,0.0,0.0,30.795702
2020-01-23 20:00:00,404.0,0.0,0.0,20.820283,436.0,0.0,0.0,21.99146
2020-01-23 21:00:00,436.0,0.0,0.0,22.566788,424.0,0.0,0.0,21.116714
2020-01-23 22:00:00,436.0,0.0,0.0,22.96816,364.0,0.0,0.0,-0.0
2020-01-23 23:00:00,436.0,0.0,0.0,21.287879,304.0,0.0,0.0,-0.0
2020-01-24 00:00:00,376.0,0.0,0.0,-0.0,284.0,30.0,0.0,-0.0
2020-01-24 01:00:00,316.0,0.0,0.0,-0.0,284.0,0.0,0.0,-0.0
2020-01-24 02:00:00,284.0,0.0,0.0,-0.0,284.0,0.0,0.0,-0.0
2020-01-24 03:00:00,284.0,0.0,0.0,17.265035,290.4,0.0,0.0,-0.0
2020-01-24 04:00:00,344.0,0.0,0.0,18.60404,307.909,0.0,0.0,-0.0
2020-01-24 05:00:00,284.0,0.0,0.0,116.463099,367.909,0.0,0.0,19.91836
2020-01-24 06:00:00,284.0,0.0,0.0,119.446534,361.6,0.0,0.0,101.222919
2020-01-24 07:00:00,344.0,0.0,0.0,119.222047,301.6,0.0,0.0,-0.0
2020-01-24 08:00:00,284.0,0.0,0.0,-0.0,288.4,0.0,0.0,-0.0
2020-01-24 09:00:00,284.0,0.0,0.0,-0.0,284.0,0.0,0.0,-0.0
2020-01-24 10:00:00,284.0,0.0,0.0,-0.0,284.0,0.0,0.0,-0.0
2020-01-24 11:00:00,284.0,0.0,0.0,-0.0,284.0,0.0,0.0,-0.0
2020-01-24 12:00:00,284.0,0.0,0.0,-0.0,284.0,0.0,0.0,-0.0
2020-01-24 13:00:00,284.0,0.0,0.0,-0.0,284.0,0.0,0.0,-0.0
2020-01-24 14:00:00,284.0,0.0,0.0,-0.0,284.0,0.0,0.0,-0.0
2020-01-24 15:00:00,284.0,0.0,0.0,-0.0,284.0,0.0,0.0,-0.0
2020-01-24 16:00:00,284.0,0.0,0.0,-0.0,335.88616,0.0,0.0,20.793418
2020-01-24 17:00:00,284.0,0.0,0.0,-0.0,395.88616,0.0,0.0,79.426024
2020-01-24 18:00:00,284.0,0.0,0.0,-0.0,436.0,0.0,0.0,71.332966
2020-01-24 19:00:00,344.0,0.0,0.0,19.79881,435.666,0.0,0.0,19.153665
2020-01-24 20:00:00,401.442536,0.0,0.0,18.531796,431.819198,0.0,0.0,19.153665
2020-01-24 21:00:00,360.743873,0.0,0.0,18.531796,371.819198,0.0,0.0,18.60404
2020-01-24 22:00:00,300.743873,0.0,0.0,16.970947,311.819198,0.0,0.0,13.905857
2020-01-24 23:00:00,299.901859,0.0,0.0,18.531796,291.4,0.0,0.0,-0.0
2020-01-25 00:00:00,284.0,0.0,0.0,13.557277,284.0,30.0,0.0,-0.0
2020-01-25 01:00:00,284.0,0.0,0.0,12.446703,284.0,0.0,0.0,18.208373
2020-01-25 02:00:00,284.0,0.0,0.0,12.446703,304.0,0.0,0.0,-0.0
2020-01-25 03:00:00,284.0,0.0,0.0,-0.0,364.0,0.0,0.0,54.391995
2020-01-25 04:00:00,284.0,0.0,0.0,-0.0,424.0,0.0,0.0,20.400003
2020-01-25 05:00:00,284.0,0.0,0.0,-0.0,398.690257,0.0,0.0,23.7796
2020-01-25 06:00:00,344.0,0.0,0.0,18.60404,364.0,0.0,0.0,21.191772
2020-01-25 07:00:00,284.0,0.0,0.0,117.063367,304.0,0.0,0.0,-0.0
2020-01-25 08:00:00,284.0,0.0,0.0,-0.0,289.4,0.0,0.0,-0.0
2020-01-25 09:00:00,284.0,0.0,0.0,-0.0,289.4,0.0,0.0,-0.0
2020-01-25 10:00:00,284.0,0.0,0.0,-0.0,289.4,0.0,0.0,-0.0
2020-01-25 11:00:00,284.0,0.0,0.0,-0.0,289.4,0.0,0.0,-0.0
2020-01-25 12:00:00,284.0,0.0,0.0,-0.0,284.0,0.0,0.0,-0.0
2020-01-25 13:00:00,284.0,0.0,0.0,-0.0,284.0,0.0,0.0,-0.0
2020-01-25 14:00:00,284.0,0.0,0.0,-0.0,284.0,0.0,0.0,-0.0
2020-01-25 15:00:00,284.0,0.0,0.0,-0.0,286.0,0.0,0.0,-0.0
2020-01-25 16:00:00,284.0,0.0,0.0,-0.0,346.0,0.0,0.0,-0.0
2020-01-25 17:00:00,284.0,0.0,0.0,-0.0,406.0,0.0,0.0,72.948197
2020-01-25 18:00:00,284.0,0.0,0.0,-0.0,435.181,0.0,0.0,61.736468
2020-01-25 19:00:00,284.0,0.0,0.0,17.265035,435.679,0.0,0.0,20.845851
2020-01-25 20:00:00,317.294212,0.0,0.0,18.531796,377.683525,0.0,0.0,21.387453
2020-01-25 21:00:00,284.0,0.0,0.0,18.208373,344.0,0.0,0.0,19.133765
2020-01-25 22:00:00,284.0,0.0,0.0,-0.0,284.0,0.0,0.0,15.764242
2020-01-25 23:00:00,284.0,0.0,0.0,-0.0,284.0,0.0,0.0,-0.0
2020-01-26 00:00:00,284.0,0.0,0.0,-0.0,284.0,2.0,0.0,-0.0
2020-01-26 01:00:00,284.0,0.0,0.0,-0.0,284.0,0.0,0.0,-0.0
2020-01-26 02:00:00,284.0,0.0,0.0,-0.0,284.0,0.0,0.0,-0.0
2020-01-26 03:00:00,284.0,0.0,0.0,-0.0,284.0,0.0,0.0,-0.0
2020-01-26 04:00:00,284.0,0.0,0.0,-0.0,284.0,0.0,0.0,-0.0
2020-01-26 05:00:00,284.0,0.0,0.0,-0.0,284.0,0.0,0.0,-0.0
2020-01-26 06:00:00,284.0,0.0,0.0,-0.0,299.7,0.0,0.0,-0.0
2020-01-26 07:00:00,284.0,0.0,0.0,-0.0,304.0,0.0,0.0,-0.0
2020-01-26 08:00:00,284.0,0.0,0.0,-0.0,304.0,0.0,0.0,-0.0
2020-01-26 09:00:00,284.0,0.0,0.0,-0.0,304.0,0.0,0.0,-0.0
2020-01-26 10:00:00,284.0,0.0,0.0,-0.0,304.0,0.0,0.0,-0.0
2020-01-26 11:00:00,284.0,0.0,0.0,-0.0,304.0,0.0,0.0,-0.0
2020-01-26 12:00:00,284.0,0.0,0.0,-0.0,304.0,0.0,0.0,-0.0
2020-01-26 13:00:00,284.0,0.0,0.0,-0.0,304.0,0.0,0.0,-0.0
2020-01-26 14:00:00,284.0,0.0,0.0,-0.0,304.0,0.0,0.0,-0.0
2020-01-26 15:00:00,284.0,0.0,0.0,-0.0,300.311488,0.0,0.0,-0.0
2020-01-26 16:00:00,284.0,0.0,0.0,-0.0,360.311488,0.0,0.0,-0.0
2020-01-26 17:00:00,344.0,0.0,0.0,22.492854,420.311488,0.0,0.0,127.050889
2020-01-26 18:00:00,404.0,0.0,0.0,23.437807,436.0,0.0,0.0,61.850592
2020-01-26 19:00:00,366.615801,0.0,0.0,123.255799,421.6,0.0,0.0,21.118653
2020-01-26 20:00:00,306.615801,0.0,0.0,120.137524,361.6,0.0,0.0,19.133765
2020-01-26 21:00:00,366.615801,0.0,0.0,21.168781,301.6,0.0,0.0,5.707808
2020-01-26 22:00:00,306.615801,0.0,0.0,-0.0,284.0,0.0,0.0,-0.0
2020-01-26 23:00:00,284.0,0.0,0.0,-0.0,284.0,0.0,0.0,-0.0
2020-01-27 00:00:00,284.0,0.0,0.0,-0.0,284.0,2.0,0.0,-0.0
2020-01-27 01:00:00,284.0,0.0,0.0,-0.0,284.0,0.0,0.0,-0.0
2020-01-27 02:00:00,284.0,0.0,0.0,-0.0,284.0,0.0,0.0,-0.0
2020-01-27 03:00:00,284.0,0.0,0.0,-0.0,284.0,0.0,0.0,-0.0
2020-01-27 04:00:00,284.0,0.0,0.0,-0.0,284.0,0.0,0.0,-0.0
2020-01-27 05:00:00,284.0,0.0,0.0,-0.0,344.0,0.0,0.0,42.550282
2020-01-27 06:00:00,344.0,0.0,0.0,19.91836,364.0,0.0,0.0,74.682735
2020-01-27 07:00:00,379.718598,0.0,0.0,18.531796,304.0,0.0,0.0,-0.0
2020-01-27 08:00:00,319.718598,0.0,0.0,-0.0,284.0,0.0,0.0,-0.0
2020-01-27 09:00:00,284.0,0.0,0.0,-0.0,284.0,0.0,0.0,-0.0
2020-01-27 10:00:00,284.0,0.0,0.0,-0.0,284.0,0.0,0.0,-0.0
2020-01-27 11:00:00,284.0,0.0,0.0,-0.0,284.0,0.0,0.0,-0.0
2020-01-27 12:00:00,284.0,0.0,0.0,-0.0,284.0,0.0,0.0,-0.0
2020-01-27 13:00:00,284.0,0.0,0.0,-0.0,284.0,0.0,0.0,-0.0
2020-01-27 14:00:00,284.0,0.0,0.0,-0.0,284.0,0.0,0.0,-0.0
2020-01-27 15:00:00,284.0,0.0,0.0,-0.0,286.0,0.0,0.0,-0.0
2020-01-27 16:00:00,284.0,0.0,0.0,-0.0,346.0,0.0,0.0,-0.0
2020-01-27 17:00:00,284.0,0.0,0.0,-0.0,406.0,0.0,0.0,77.596629
2020-01-27 18:00:00,330.057818,0.0,0.0,18.531796,436.0,0.0,0.0,72.4712
2020-01-27 19:00:00,390.057818,0.0,0.0,19.352769,436.0,0.0,0.0,29.046376
2020-01-27 20:00:00,351.262613,0.0,0.0,18.531796,394.33453,0.0,0.0,26.109983
2020-01-27 21:00:00,291.262613,0.0,0.0,17.641822,344.0,0.0,0.0,18.208373
2020-01-27 22:00:00,284.0,0.0,0.0,-0.0,284.0,0.0,0.0,-0.0
2020-01-27 23:00:00,284.0,0.0,0.0,-0.0,284.0,0.0,0.0,-0.0
2020-01-28 00:00:00,284.0,0.0,0.0,-0.0,284.0,2.0,0.0,-0.0
2020-01-28 01:00:00,284.0,0.0,0.0,-0.0,284.0,0.0,0.0,-0.0
2020-01-28 02:00:00,284.0,0.0,0.0,-0.0,284.0,0.0,0.0,-0.0
2020-01-28 03:00:00,284.0,0.0,0.0,-0.0,284.0,0.0,0.0,-0.0
2020-01-28 04:00:00,284.0,0.0,0.0,-0.0,284.0,0.0,0.0,-0.0
2020-01-28 05:00:00,284.0,0.0,0.0,-0.0,341.277241,0.0,0.0,1.790874
2020-01-28 06:00:00,284.0,0.0,0.0,-0.0,302.314872,0.0,0.0,72.666075
2020-01-28 07:00:00,284.0,0.0,0.0,12.446703,284.0,0.0,0.0,-0.0
2020-01-28 08:00:00,284.0,0.0,0.0,-0.0,284.0,0.0,0.0,-0.0
2020-01-28 09:00:00,284.0,0.0,0.0,-0.0,288.4,0.0,0.0,-0.0
2020-01-28 10:00:00,284.0,0.0,0.0,-0.0,293.4,0.0,0.0,-0.0
2020-01-28 11:00:00,284.0,0.0,0.0,-0.0,287.4,0.0,0.0,-0.0
2020-01-28 12:00:00,284.0,0.0,0.0,-0.0,284.4,0.0,0.0,-0.0
2020-01-28 13:00:00,284.0,0.0,0.0,-0.0,286.4,0.0,0.0,-0.0
2020-01-28 14:00:00,284.0,0.0,0.0,-0.0,284.4,0.0,0.0,-0.0
2020-01-28 15:00:00,284.0,0.0,0.0,-0.0,304.0,0.0,0.0,-0.0
2020-01-28 16:00:00,284.0,0.0,0.0,-0.0,364.0,0.0,0.0,21.096593
2020-01-28 17:00:00,344.0,0.0,0.0,21.168781,424.0,0.0,0.0,59.09817
2020-01-28 18:00:00,404.0,0.0,0.0,21.62631,434.508307,12.27533,0.0,21.413908
2020-01-28 19:00:00,436.0,0.0,0.0,21.513966,374.508307,0.0,0.0,130.530112
2020-01-28 20:00:00,436.0,0.0,0.0,19.153665,314.508307,0.0,0.0,6.53348
2020-01-28 21:00:00,376.0,0.0,0.0,17.477763,304.0,0.0,0.0,-0.0
2020-01-28 22:00:00,316.0,0.0,0.0,-0.0,304.0,0.0,0.0,-0.0
2020-01-28 23:00:00,284.0,0.0,0.0,-0.0,284.0,0.0,0.0,-0.0
2020-01-29 00:00:00,284.0,0.0,0.0,-0.0,284.0,2.0,0.0,-0.0
2020-01-29 01:00:00,284.0,0.0,0.0,-0.0,284.0,0.0,0.0,-0.0
2020-01-29 02:00:00,284.0,0.0,0.0,-0.0,284.0,0.0,0.0,-0.0
2020-01-29 03:00:00,284.0,0.0,0.0,-0.0,324.895053,0.0,0.0,-0.0
2020-01-29 04:00:00,284.0,0.0,0.0,-0.0,362.867453,19.0,0.0,-0.0
2020-01-29 05:00:00,284.0,0.0,0.0,-0.0,344.902196,0.0,0.0,39.358968
2020-01-29 06:00:00,344.0,0.0,0.0,18.60404,367.358042,0.0,0.0,73.88322
2020-01-29 07:00:00,284.0,0.0,0.0,117.739048,307.358042,0.0,0.0,-0.0
2020-01-29 08:00:00,284.0,0.0,0.0,-0.0,308.743422,0.0,0.0,-0.0
2020-01-29 09:00:00,284.0,0.0,0.0,-0.0,307.20624,0.0,0.0,-0.0
2020-01-29 10:00:00,284.0,0.0,0.0,-0.0,304.169266,0.0,0.0,-0.0
2020-01-29 11:00:00,284.0,0.0,0.0,-0.0,302.59159,0.0,0.0,-0.0
2020-01-29 12:00:00,284.0,0.0,0.0,-0.0,300.886566,0.0,0.0,-0.0
2020-01-29 13:00:00,284.0,0.0,0.0,-0.0,287.969138,0.0,0.0,-0.0
2020-01-29 14:00:00,284.0,0.0,0.0,-0.0,284.0,0.0,0.0,-0.0
2020-01-29 15:00:00,284.0,0.0,0.0,-0.0,286.0,0.0,0.0,-0.0
2020-01-29 16:00:00,284.0,0.0,0.0,-0.0,346.0,0.0,0.0,-0.0
2020-01-29 17:00:00,284.0,0.0,0.0,-0.0,406.0,0.0,0.0,60.191169
2020-01-29 18:00:00,344.0,0.0,0.0,19.352769,372.050526,0.0,0.0,66.289991
2020-01-29 19:00:00,404.0,0.0,0.0,19.153665,376.069194,0.0,0.0,56.625938
2020-01-29 20:00:00,435.998,0.0,0.0,19.133765,424.0,0.0,0.0,21.767136
2020-01-29 21:00:00,436.0,0.0,0.0,19.983547,364.0,0.0,0.0,19.991235
2020-01-29 22:00:00,376.0,0.0,0.0,-0.0,304.0,0.0,0.0,-0.0
2020-01-29 23:00:00,316.0,0.0,0.0,-0.0,302.4,0.0,0.0,-0.0
2020-01-30 00:00:00,284.0,0.0,0.0,-0.0,284.0,2.0,0.0,-0.0
2020-01-30 01:00:00,284.0,0.0,0.0,-0.0,284.0,0.0,0.0,-0.0
2020-01-30 02:00:00,284.0,0.0,0.0,-0.0,284.0,0.0,0.0,-0.0
2020-01-30 03:00:00,284.0,0.0,0.0,-0.0,284.0,0.0,0.0,-0.0
2020-01-30 04:00:00,284.0,0.0,0.0,-0.0,285.01087,0.0,0.0,-0.0
2020-01-30 05:00:00,284.0,0.0,0.0,-0.0,345.01087,0.0,0.0,19.133765
2020-01-30 06:00:00,344.0,0.0,0.0,18.60404,364.0,0.0,0.0,88.530197
2020-01-30 07:00:00,404.0,0.0,0.0,19.133765,304.0,0.0,0.0,-0.0
2020-01-30 08:00:00,344.0,0.0,0.0,-0.0,289.4,0.0,0.0,-0.0
2020-01-30 09:00:00,284.0,0.0,0.0,-0.0,289.4,0.0,0.0,-0.0
2020-01-30 10:00:00,284.0,0.0,0.0,-0.0,296.4,0.0,0.0,-0.0
2020-01-30 11:00:00,284.0,0.0,0.0,-0.0,299.4,0.0,0.0,-0.0
2020-01-30 12:00:00,284.0,0.0,0.0,-0.0,304.0,0.0,0.0,-0.0
2020-01-30 13:00:00,284.0,0.0,0.0,-0.0,304.0,0.0,0.0,-0.0
2020-01-30 14:00:00,284.0,0.0,0.0,-0.0,304.0,0.0,0.0,-0.0
2020-01-30 15:00:00,284.0,0.0,0.0,-0.0,342.352272,0.0,0.0,-0.0
2020-01-30 16:00:00,284.0,0.0,0.0,-0.0,402.352272,0.0,0.0,100.221742
2020-01-30 17:00:00,284.0,0.0,0.0,-0.0,436.0,0.0,0.0,21.62631
2020-01-30 18:00:00,310.517936,0.0,0.0,18.531796,436.0,0.0,0.0,70.752314
2020-01-30 19:00:00,370.517936,0.0,0.0,19.91836,436.0,0.0,0.0,23.188675
2020-01-30 20:00:00,379.024355,0.0,0.0,18.531796,392.923991,0.0,0.0,20.726727
2020-01-30 21:00:00,319.024355,0.0,0.0,-0.0,332.923991,0.0,0.0,17.265035
2020-01-30 22:00:00,284.0,0.0,0.0,-0.0,284.0,0.0,0.0,-0.0
2020-01-30 23:00:00,284.0,0.0,0.0,-0.0,284.0,0.0,0.0,-0.0
2020-01-31 00:00:00,284.0,0.0,0.0,-0.0,284.0,2.0,0.0,-0.0
2020-01-31 01:00:00,284.0,0.0,0.0,-0.0,286.4,0.0,0.0,-0.0
2020-01-31 02:00:00,284.0,0.0,0.0,-0.0,286.4,0.0,0.0,-0.0
2020-01-31 03:00:00,284.0,0.0,0.0,-0.0,304.0,0.0,0.0,-0.0
2020-01-31 04:00:00,284.0,0.0,0.0,-0.0,364.0,0.0,0.0,21.116714
2020-01-31 05:00:00,284.0,0.0,0.0,-0.0,424.0,6.655032,0.0,21.647258
2020-01-31 06:00:00,284.0,0.0,0.0,16.970947,424.0,0.0,0.0,97.428647
2020-01-31 07:00:00,344.0,0.0,0.0,21.843654,364.0,0.0,0.0,21.116714
2020-01-31 08:00:00,404.0,0.0,0.0,19.983547,304.0,0.0,0.0,-0.0
2020-01-31 09:00:00,351.16442,0.0,0.0,18.531796,284.0,0.0,0.0,-0.0
2020-01-31 10:00:00,291.16442,0.0,0.0,15.731586,284.0,0.0,0.0,-0.0
2020-01-31 11:00:00,284.0,0.0,0.0,-0.0,284.0,0.0,0.0,-0.0
2020-01-31 12:00:00,284.0,0.0,0.0,-0.0,284.0,0.0,0.0,-0.0
2020-01-31 13:00:00,284.0,0.0,0.0,-0.0,284.0,0.0,0.0,16.970947
2020-01-31 14:00:00,284.0,0.0,0.0,-0.0,316.0,0.0,0.0,18.463561
2020-01-31 15:00:00,284.0,0.0,0.0,-0.0,376.0,0.0,0.0,18.072542
2020-01-31 16:00:00,284.0,0.0,0.0,-0.0,436.0,0.0,0.0,23.128644
2020-01-31 17:00:00,344.0,0.0,0.0,19.430296,436.0,0.0,0.0,130.530112
2020-01-31 18:00:00,370.942494,0.0,0.0,18.531796,436.0,0.0,0.0,23.813478
2020-01-31 19:00:00,430.942494,0.0,0.0,19.91836,436.0,0.0,0.0,24.857249
2020-01-31 20:00:00,436.0,0.0,0.0,19.133765,436.0,0.0,0.0,21.1922
2020-01-31 21:00:00,376.0,0.0,0.0,-0.0,391.990626,0.0,0.0,19.430296
2020-01-31 22:00:00,316.0,0.0,0.0,-0.0,331.990626,0.0,0.0,18.463561
2020-01-31 23:00:00,284.0,0.0,0.0,-0.0,287.4,0.0,0.0,-0.0
2020-02-01 00:00:00,284.0,0.0,0.0,-0.0,284.0,2.0,0.0,-0.0
2020-02-01 01:00:00,284.0,0.0,0.0,-0.0,284.0,0.0,0.0,-0.0
2020-02-01 02:00:00,284.0,0.0,0.0,-0.0,284.0,0.0,0.0,-0.0
2020-02-01 03:00:00,284.0,0.0,0.0,-0.0,284.0,0.0,0.0,-0.0
2020-02-01 04:00:00,284.0,0.0,0.0,-0.0,284.0,0.0,0.0,-0.0
2020-02-01 05:00:00,284.0,0.0,0.0,-0.0,284.0,0.0,0.0,-0.0
2020-02-01 06:00:00,284.0,0.0,0.0,-0.0,284.0,0.0,0.0,-0.0
2020-02-01 07:00:00,284.0,0.0,0.0,-0.0,284.0,0.0,0.0,-0.0
2020-02-01 08:00:00,284.0,0.0,0.0,-0.0,284.0,0.0,0.0,-0.0
2020-02-01 09:00:00,284.0,0.0,0.0,-0.0,284.0,0.0,0.0,-0.0
2020-02-01 10:00:00,284.0,0.0,0.0,-0.0,284.0,0.0,0.0,-0.0
2020-02-01 11:00:00,284.0,0.0,0.0,-0.0,289.271031,0.0,0.0,-0.0
2020-02-01 12:00:00,284.0,0.0,0.0,-0.0,284.0,0.0,0.0,-0.0
2020-02-01 13:00:00,284.0,0.0,0.0,-0.0,284.0,0.0,0.0,-0.0
2020-02-01 14:00:00,284.0,0.0,0.0,-0.0,284.0,0.0,0.0,-0.0
2020-02-01 15:00:00,284.0,0.0,0.0,-0.0,284.0,0.0,0.0,-0.0
2020-02-01 16:00:00,284.0,0.0,0.0,-0.0,304.0,0.0,0.0,-0.0
2020-02-01 17:00:00,344.0,60.0,0.0,1000.0,364.0,0.0,0.0,24.809269
2020-02-01 18:00:00,404.0,90.0,0.0,1000.0,375.690191,0.0,0.0,65.559768
2020-02-01 19:00:00,436.0,90.0,0.0,1000.0,435.690191,0.0,0.0,33.099577
2020-02-01 20:00:00,436.0,90.0,0.0,1000.0,429.96485,0.0,0.0,75.769525
2020-02-01 21:00:00,436.0,90.0,0.0,1000.0,369.96485,0.0,0.0,22.011648
2020-02-01 22:00:00,436.0,90.0,0.0,993.180903,309.96485,0.0,0.0,16.212661
2020-02-01 23:00:00,426.0,80.0,0.0,168.49794,284.0,0.0,0.0,-0.0
2020-02-02 00:00:00,426.0,80.0,0.0,216.086646,290.0,30.0,0.0,-0.0
2020-02-02 01:00:00,426.0,80.0,0.0,168.49794,284.0,0.0,0.0,-0.0
2020-02-02 02:00:00,436.0,20.0,0.0,19.153665,284.0,0.0,0.0,-0.0
2020-02-02 03:00:00,380.85304,0.0,0.0,18.531796,284.0,0.0,0.0,-0.0
2020-02-02 04:00:00,366.146729,0.0,0.0,18.531796,284.0,0.0,0.0,-0.0
2020-02-02 05:00:00,306.146729,0.0,0.0,-0.0,284.0,0.0,0.0,-0.0
2020-02-02 06:00:00,284.0,0.0,0.0,17.265035,284.0,0.0,0.0,-0.0
2020-02-02 07:00:00,284.0,0.0,0.0,-0.0,284.0,0.0,0.0,-0.0
2020-02-02 08:00:00,284.0,0.0,0.0,-0.0,284.0,0.0,0.0,-0.0
2020-02-02 09:00:00,284.0,0.0,0.0,-0.0,296.054695,0.0,0.0,-0.0
2020-02-02 10:00:00,284.0,0.0,0.0,-0.0,300.339923,0.0,0.0,-0.0
2020-02-02 11:00:00,284.0,0.0,0.0,-0.0,303.057491,0.0,0.0,-0.0
2020-02-02 12:00:00,284.0,0.0,0.0,-0.0,291.4,0.0,0.0,-0.0
2020-02-02 13:00:00,284.0,0.0,0.0,-0.0,284.0,0.0,0.0,-0.0
2020-02-02 14:00:00,284.0,0.0,0.0,-0.0,316.516753,0.0,0.0,9.423302
2020-02-02 15:00:00,284.0,0.0,0.0,-0.0,376.516753,0.0,0.0,20.400003
2020-02-02 16:00:00,284.0,0.0,0.0,-0.0,436.0,0.0,0.0,25.772084
2020-02-02 17:00:00,344.0,0.0,0.0,18.573789,436.0,0.0,0.0,27.755129
2020-02-02 18:00:00,404.0,0.0,0.0,21.843654,436.0,0.0,0.0,69.740803
2020-02-02 19:00:00,436.0,0.0,0.0,22.96816,436.0,0.0,0.0,75.799899
2020-02-02 20:00:00,436.0,0.0,0.0,23.206766,436.0,0.0,0.0,27.755129
2020-02-02 21:00:00,436.0,0.0,0.0,23.657594,436.0,0.0,0.0,23.206766
2020-02-02 22:00:00,436.0,0.0,0.0,23.206766,436.0,0.0,0.0,22.732362
2020-02-02 23:00:00,436.0,0.0,0.0,130.277405,436.0,0.0,0.0,21.503244
2020-02-03 00:00:00,436.0,60.0,0.0,233.035526,333.082583,30.0,0.0,18.531796
2020-02-03 01:00:00,436.0,45.566732,0.0,141.716991,291.4,0.0,0.0,-0.0
2020-02-03 02:00:00,436.0,27.440731,0.0,141.716991,291.4,0.0,0.0,-0.0
2020-02-03 03:00:00,436.0,0.0,0.0,136.124055,302.0,0.0,0.0,-0.0
2020-02-03 04:00:00,436.0,49.927941,0.0,141.716991,362.0,0.0,0.0,14.554687
2020-02-03 05:00:00,436.0,80.0,0.0,233.946708,422.0,0.0,0.0,22.96816
2020-02-03 06:00:00,436.0,76.471548,0.0,141.716991,404.0,0.0,0.0,93.937957
2020-02-03 07:00:00,436.0,90.0,0.0,1000.0,344.0,0.0,0.0,-0.0
2020-02-03 08:00:00,436.0,90.0,0.0,1000.0,295.4,0.0,0.0,-0.0
2020-02-03 09:00:00,436.0,30.0,0.0,126.429316,296.4,0.0,0.0,-0.0
2020-02-03 10:00:00,436.0,0.0,0.0,18.573789,289.4,0.0,0.0,-0.0
2020-02-03 11:00:00,376.0,0.0,0.0,-0.0,284.0,0.0,0.0,-0.0
2020-02-03 12:00:00,316.0,0.0,0.0,16.970947,284.0,0.0,0.0,-0.0
2020-02-03 13:00:00,376.0,0.0,0.0,19.430296,304.0,0.0,0.0,-0.0
2020-02-03 14:00:00,351.565736,0.0,0.0,18.531796,364.0,0.0,0.0,20.400003
2020-02-03 15:00:00,295.889835,0.0,0.0,18.531796,424.0,0.0,0.0,24.835859
2020-02-03 16:00:00,284.0,0.0,0.0,-0.0,427.067982,0.0,0.0,24.209952
2020-02-03 17:00:00,344.0,0.0,0.0,23.437807,436.0,0.0,0.0,33.11226
2020-02-03 18:00:00,404.0,0.0,0.0,25.9087,436.0,0.0,0.0,81.163241
2020-02-03 19:00:00,436.0,0.0,0.0,26.429316,436.0,0.0,0.0,58.548075
2020-02-03 20:00:00,436.0,0.0,0.0,26.324557,436.0,0.0,0.0,27.050889
2020-02-03 21:00:00,436.0,0.0,0.0,26.755559,436.0,0.0,0.0,26.429316
2020-02-03 22:00:00,436.0,0.0,0.0,23.657594,436.0,0.0,0.0,23.437807
2020-02-03 23:00:00,436.0,0.0,0.0,23.128644,436.0,0.0,0.0,23.128644
2020-02-04 00:00:00,436.0,0.0,0.0,22.516066,344.0,30.0,0.0,22.96816
2020-02-04 01:00:00,436.0,0.0,0.0,21.647258,404.0,0.0,0.0,22.492854
2020-02-04 02:00:00,436.0,0.0,0.0,20.400003,436.0,0.0,0.0,21.843654
2020-02-04 03:00:00,436.0,0.0,0.0,20.400003,436.0,0.0,0.0,22.492854
2020-02-04 04:00:00,436.0,0.0,0.0,21.287879,436.0,0.0,0.0,22.732362
2020-02-04 05:00:00,436.0,0.0,0.0,22.96816,436.0,0.0,0.0,23.657594
2020-02-04 06:00:00,436.0,0.0,0.0,26.429316,436.0,0.0,0.0,47.071238
2020-02-04 07:00:00,436.0,0.0,0.0,26.324557,424.0,0.0,0.0,22.492854
2020-02-04 08:00:00,436.0,0.0,0.0,22.492854,364.0,0.0,0.0,19.430296
2020-02-04 09:00:00,376.0,0.0,0.0,16.970947,304.0,0.0,0.0,-0.0
2020-02-04 10:00:00,316.0,0.0,0.0,-0.0,284.0,0.0,0.0,-0.0
2020-02-04 11:00:00,284.0,0.0,0.0,-0.0,284.0,0.0,0.0,-0.0
2020-02-04 12:00:00,284.0,0.0,0.0,-0.0,284.0,0.0,0.0,-0.0
2020-02-04 13:00:00,284.0,0.0,0.0,-0.0,284.0,0.0,0.0,-0.0
2020-02-04 14:00:00,284.0,0.0,0.0,-0.0,323.119731,0.0,0.0,18.463561
2020-02-04 15:00:00,284.0,0.0,0.0,-0.0,383.119731,0.0,0.0,19.983547
2020-02-04 16:00:00,284.0,0.0,0.0,-0.0,436.0,0.0,0.0,23.437807
2020-02-04 17:00:00,344.0,0.0,0.0,26.755559,436.0,0.0,0.0,79.253893
2020-02-04 18:00:00,404.0,0.0,0.0,130.530112,436.0,0.0,0.0,64.211969
2020-02-04 19:00:00,436.0,0.0,0.0,131.887731,436.0,0.0,0.0,27.360058
2020-02-04 20:00:00,436.0,0.0,0.0,130.277405,436.0,0.0,0.0,26.35353
2020-02-04 21:00:00,436.0,60.0,0.0,452.546227,436.0,0.0,0.0,23.657594
2020-02-04 22:00:00,436.0,0.0,0.0,135.153454,436.0,0.0,0.0,21.647258
2020-02-04 23:00:00,436.0,0.0,0.0,26.755559,404.0,0.0,0.0,20.400003
2020-02-05 00:00:00,436.0,0.0,0.0,23.437807,290.0,30.0,0.0,19.430296
2020-02-05 01:00:00,436.0,25.688921,0.0,141.716991,317.487487,0.0,0.0,17.633297
2020-02-05 02:00:00,436.0,0.0,0.0,132.461752,292.4,0.0,0.0,-0.0
2020-02-05 03:00:00,436.0,0.0,0.0,127.755129,292.4,0.0,0.0,-0.0
2020-02-05 04:00:00,436.0,0.0,0.0,23.657594,314.586943,0.0,0.0,15.775714
2020-02-05 05:00:00,436.0,0.0,0.0,127.050889,374.586943,0.0,0.0,21.287879
2020-02-05 06:00:00,436.0,60.0,0.0,286.060881,364.0,0.0,0.0,73.024007
2020-02-05 07:00:00,436.0,90.0,0.0,286.060881,304.0,0.0,0.0,-0.0
2020-02-05 08:00:00,436.0,30.0,0.0,18.573789,299.4,0.0,0.0,-0.0
2020-02-05 09:00:00,376.0,0.0,0.0,-0.0,299.4,0.0,0.0,-0.0
2020-02-05 10:00:00,316.0,0.0,0.0,-0.0,297.4,0.0,0.0,-0.0
2020-02-05 11:00:00,284.0,0.0,0.0,-0.0,284.0,0.0,0.0,-0.0
2020-02-05 12:00:00,284.0,0.0,0.0,-0.0,284.0,0.0,0.0,-0.0
2020-02-05 13:00:00,284.0,0.0,0.0,14.191367,304.0,0.0,0.0,18.463561
2020-02-05 14:00:00,344.0,0.0,0.0,19.430296,364.0,0.0,0.0,20.846138
2020-02-05 15:00:00,404.0,0.0,0.0,20.400003,424.0,0.0,0.0,25.031382
2020-02-05 16:00:00,344.0,0.0,0.0,-0.0,436.0,0.0,0.0,26.324557
2020-02-05 17:00:00,404.0,0.0,0.0,26.324557,436.0,0.0,0.0,64.03627
2020-02-05 18:00:00,436.0,0.0,0.0,26.429316,436.0,0.0,0.0,81.163241
2020-02-05 19:00:00,436.0,0.0,0.0,27.050889,436.0,0.0,0.0,27.755129
2020-02-05 20:00:00,436.0,0.0,0.0,26.755559,436.0,0.0,0.0,26.790897
2020-02-05 21:00:00,436.0,0.0,0.0,25.9087,436.0,0.0,0.0,23.657594
2020-02-05 22:00:00,436.0,0.0,0.0,22.732362,436.0,0.0,0.0,23.437807
2020-02-05 23:00:00,436.0,0.0,0.0,21.287879,436.0,0.0,0.0,22.732362
2020-02-06 00:00:00,436.0,0.0,0.0,21.843654,344.0,30.0,0.0,23.437807
2020-02-06 01:00:00,436.0,0.0,0.0,21.647258,404.0,0.0,0.0,21.647258
2020-02-06 02:00:00,436.0,0.0,0.0,21.116411,403.910652,0.0,0.0,20.400003
2020-02-06 03:00:00,436.0,0.0,0.0,19.983547,343.910652,0.0,0.0,18.60404
2020-02-06 04:00:00,376.0,0.0,0.0,18.072542,390.514637,0.0,0.0,19.133765
2020-02-06 05:00:00,436.0,0.0,0.0,19.983547,436.0,0.0,0.0,21.413908
2020-02-06 06:00:00,436.0,0.0,0.0,21.168781,424.0,0.0,0.0,45.045159
2020-02-06 07:00:00,376.0,0.0,0.0,119.417922,364.0,0.0,0.0,19.133765
2020-02-06 08:00:00,428.881682,0.0,0.0,18.531796,304.0,0.0,0.0,-0.0
2020-02-06 09:00:00,368.881682,0.0,0.0,-0.0,291.4,0.0,0.0,-0.0
2020-02-06 10:00:00,308.881682,0.0,0.0,-0.0,285.4,0.0,0.0,-0.0
2020-02-06 11:00:00,284.0,0.0,0.0,-0.0,284.0,0.0,0.0,-0.0
2020-02-06 12:00:00,284.0,0.0,0.0,-0.0,284.0,0.0,0.0,-0.0
2020-02-06 13:00:00,284.0,0.0,0.0,-0.0,284.0,0.0,0.0,-0.0
2020-02-06 14:00:00,284.0,0.0,0.0,-0.0,284.0,0.0,0.0,-0.0
2020-02-06 15:00:00,284.0,0.0,0.0,-0.0,304.0,0.0,0.0,18.573194
2020-02-06 16:00:00,284.0,0.0,0.0,-0.0,364.0,0.0,0.0,20.989617
2020-02-06 17:00:00,344.0,0.0,0.0,21.99146,424.0,0.0,0.0,72.647438
2020-02-06 18:00:00,404.0,0.0,0.0,22.45025,436.0,0.0,0.0,75.099917
2020-02-06 19:00:00,436.0,0.0,0.0,22.45025,436.0,0.0,0.0,27.593048
2020-02-06 20:00:00,436.0,0.0,0.0,22.566788,436.0,0.0,0.0,26.324557
2020-02-06 21:00:00,436.0,0.0,0.0,23.128644,436.0,0.0,0.0,22.576747
2020-02-06 22:00:00,436.0,0.0,0.0,21.647258,436.0,0.0,0.0,19.153665
2020-02-06 23:00:00,436.0,0.0,0.0,20.726727,400.420025,0.0,0.0,17.968694
2020-02-07 00:00:00,436.0,0.0,0.0,21.513966,344.0,30.0,0.0,20.989617
2020-02-07 01:00:00,436.0,0.0,0.0,19.133765,378.976352,0.0,0.0,19.798557
2020-02-07 02:00:00,376.0,0.0,0.0,12.446703,318.976352,0.0,0.0,17.265035
2020-02-07 03:00:00,316.0,0.0,0.0,-0.0,284.0,0.0,0.0,-0.0
2020-02-07 04:00:00,284.0,0.0,0.0,12.446703,292.6,0.0,0.0,-0.0
2020-02-07 05:00:00,284.0,0.0,0.0,16.212661,352.6,0.0,0.0,20.092646
2020-02-07 06:00:00,344.0,0.0,0.0,18.60404,364.0,0.0,0.0,54.755729
2020-02-07 07:00:00,404.0,0.0,0.0,20.27468,304.0,0.0,0.0,-0.0
2020-02-07 08:00:00,344.0,0.0,0.0,-0.0,298.4,0.0,0.0,-0.0
2020-02-07 09:00:00,284.0,0.0,0.0,-0.0,299.4,0.0,0.0,-0.0
2020-02-07 10:00:00,284.0,0.0,0.0,-0.0,298.4,0.0,0.0,-0.0
2020-02-07 11:00:00,284.0,0.0,0.0,-0.0,293.4,0.0,0.0,-0.0
2020-02-07 12:00:00,284.0,0.0,0.0,-0.0,293.4,0.0,0.0,-0.0
2020-02-07 13:00:00,284.0,0.0,0.0,-0.0,293.4,0.0,0.0,-0.0
2020-02-07 14:00:00,284.0,0.0,0.0,-0.0,292.4,0.0,0.0,-0.0
2020-02-07 15:00:00,284.0,0.0,0.0,-0.0,304.0,0.0,0.0,-0.0
2020-02-07 16:00:00,284.0,0.0,0.0,-0.0,364.0,0.0,0.0,20.341416
2020-02-07 17:00:00,344.0,0.0,0.0,21.118653,424.0,0.0,0.0,26.534311
2020-02-07 18:00:00,404.0,0.0,0.0,21.168781,376.0,0.0,0.0,69.875617
2020-02-07 19:00:00,436.0,0.0,0.0,21.62631,436.0,0.0,0.0,21.413908
2020-02-07 20:00:00,436.0,0.0,0.0,126.755559,392.763996,0.0,0.0,41.312172
2020-02-07 21:00:00,436.0,0.0,0.0,133.752662,436.0,0.0,0.0,21.168781
2020-02-07 22:00:00,436.0,0.0,0.0,130.277405,436.0,0.0,0.0,20.989617
2020-02-07 23:00:00,436.0,0.0,0.0,26.429316,436.0,0.0,0.0,21.118653
2020-02-08 00:00:00,436.0,0.0,0.0,126.755559,391.074223,30.0,0.0,21.843654
2020-02-08 01:00:00,436.0,0.0,0.0,26.429316,436.0,0.0,0.0,22.492854
2020-02-08 02:00:00,436.0,0.0,0.0,26.429316,436.0,0.0,0.0,22.492854
2020-02-08 03:00:00,436.0,0.0,0.0,23.437807,436.0,0.0,0.0,21.647258
2020-02-08 04:00:00,436.0,0.0,0.0,23.437807,436.0,0.0,0.0,22.492854
2020-02-08 05:00:00,436.0,0.0,0.0,26.429316,424.0,0.0,0.0,23.437807
2020-02-08 06:00:00,436.0,0.0,0.0,127.050889,364.0,0.0,0.0,73.341377
2020-02-08 07:00:00,436.0,0.0,0.0,26.429316,304.0,0.0,0.0,13.405999
2020-02-08 08:00:00,436.0,0.0,0.0,19.983547,284.0,0.0,0.0,-0.0
2020-02-08 09:00:00,376.0,0.0,0.0,-0.0,284.0,0.0,0.0,-0.0
2020-02-08 10:00:00,316.0,0.0,0.0,-0.0,284.0,0.0,0.0,-0.0
2020-02-08 11:00:00,284.0,0.0,0.0,-0.0,284.0,0.0,0.0,-0.0
2020-02-08 12:00:00,284.0,0.0,0.0,-0.0,284.0,0.0,0.0,-0.0
2020-02-08 13:00:00,284.0,0.0,0.0,-0.0,284.0,0.0,0.0,-0.0
2020-02-08 14:00:00,284.0,0.0,0.0,-0.0,302.0,0.0,0.0,8.830962
2020-02-08 15:00:00,284.0,0.0,0.0,-0.0,362.0,0.0,0.0,21.116714
2020-02-08 16:00:00,284.0,0.0,0.0,-0.0,422.0,0.0,0.0,25.647713
2020-02-08 17:00:00,344.0,0.0,0.0,23.437807,436.0,0.0,0.0,26.892945
2020-02-08 18:00:00,404.0,0.0,0.0,26.324557,436.0,0.0,0.0,75.451757
2020-02-08 19:00:00,436.0,0.0,0.0,26.429316,436.0,0.0,0.0,61.954439
2020-02-08 20:00:00,436.0,0.0,0.0,25.9087,436.0,0.0,0.0,29.01868
2020-02-08 21:00:00,436.0,0.0,0.0,25.9087,436.0,0.0,0.0,26.324557
2020-02-08 22:00:00,436.0,0.0,0.0,24.923047,436.0,0.0,0.0,23.437807
2020-02-08 23:00:00,436.0,0.0,0.0,23.206766,436.0,0.0,0.0,25.9087
2020-02-09 00:00:00,436.0,0.0,0.0,23.206766,344.0,30.0,0.0,26.891871
2020-02-09 01:00:00,436.0,0.0,0.0,23.657594,404.0,0.0,0.0,26.324557
2020-02-09 02:00:00,436.0,0.0,0.0,23.437807,436.0,0.0,0.0,23.437807
2020-02-09 03:00:00,436.0,0.0,0.0,22.96816,436.0,0.0,0.0,23.437807
2020-02-09 04:00:00,436.0,0.0,0.0,22.732362,436.0,0.0,0.0,23.437807
2020-02-09 05:00:00,436.0,0.0,0.0,22.96816,436.0,0.0,0.0,25.9087
2020-02-09 06:00:00,436.0,0.0,0.0,23.437807,424.0,0.0,0.0,36.119672
2020-02-09 07:00:00,436.0,0.0,0.0,23.437807,364.0,0.0,0.0,19.983547
2020-02-09 08:00:00,409.362096,0.0,0.0,18.531796,304.0,0.0,0.0,-0.0
2020-02-09 09:00:00,349.362096,0.0,0.0,-0.0,284.0,0.0,0.0,-0.0
2020-02-09 10:00:00,289.362096,0.0,0.0,-0.0,284.0,0.0,0.0,-0.0
2020-02-09 11:00:00,284.0,0.0,0.0,-0.0,284.0,0.0,0.0,-0.0
2020-02-09 12:00:00,284.0,0.0,0.0,-0.0,284.0,0.0,0.0,-0.0
2020-02-09 13:00:00,284.0,0.0,0.0,-0.0,284.0,0.0,0.0,-0.0
2020-02-09 14:00:00,284.0,0.0,0.0,-0.0,289.0,0.0,0.0,-0.0
2020-02-09 15:00:00,284.0,0.0,0.0,-0.0,349.0,0.0,0.0,20.846138
2020-02-09 16:00:00,284.0,0.0,0.0,-0.0,409.0,0.0,0.0,25.043359
2020-02-09 17:00:00,344.0,0.0,0.0,21.843654,436.0,8.252438,0.0,26.755559
2020-02-09 18:00:00,404.0,0.0,0.0,22.492854,436.0,9.667999,0.0,73.132277
2020-02-09 19:00:00,436.0,0.0,0.0,23.206766,436.0,0.0,0.0,68.033152
2020-02-09 20:00:00,436.0,0.0,0.0,23.206766,436.0,0.0,0.0,26.816783
2020-02-09 21:00:00,436.0,0.0,0.0,23.437807,436.0,0.0,0.0,24.484876
2020-02-09 22:00:00,436.0,0.0,0.0,23.437807,436.0,0.0,0.0,23.128644
2020-02-09 23:00:00,436.0,0.0,0.0,22.96816,436.0,0.0,0.0,23.128644
2020-02-10 00:00:00,436.0,0.0,0.0,23.128644,344.0,30.0,0.0,22.96816
2020-02-10 01:00:00,436.0,0.0,0.0,21.288154,404.0,0.0,0.0,22.516066
2020-02-10 02:00:00,436.0,0.0,0.0,21.116411,436.0,0.0,0.0,21.287879
2020-02-10 03:00:00,436.0,0.0,0.0,19.685338,436.0,0.0,0.0,21.288154
2020-02-10 04:00:00,436.0,0.0,0.0,20.400003,436.0,0.0,0.0,21.647258
2020-02-10 05:00:00,436.0,0.0,0.0,21.647258,436.0,0.0,0.0,23.206766
2020-02-10 06:00:00,436.0,0.0,0.0,23.437807,432.81398,0.0,0.0,81.910494
2020-02-10 07:00:00,436.0,0.0,0.0,126.755559,372.81398,0.0,0.0,19.983547
2020-02-10 08:00:00,436.0,0.0,0.0,123.437807,338.032952,0.0,0.0,17.5393
2020-02-10 09:00:00,436.0,0.0,0.0,19.983547,287.4,0.0,0.0,-0.0
2020-02-10 10:00:00,376.0,0.0,0.0,-0.0,284.0,0.0,0.0,-0.0
2020-02-10 11:00:00,316.0,0.0,0.0,-0.0,284.0,0.0,0.0,-0.0
2020-02-10 12:00:00,284.0,0.0,0.0,-0.0,284.0,0.0,0.0,-0.0
2020-02-10 13:00:00,284.0,0.0,0.0,-0.0,292.4,0.0,0.0,-0.0
2020-02-10 14:00:00,284.0,0.0,0.0,-0.0,290.4,0.0,0.0,-0.0
2020-02-10 15:00:00,344.0,0.0,0.0,20.400003,304.0,0.0,0.0,-0.0
2020-02-10 16:00:00,404.0,0.0,0.0,122.516066,364.0,0.0,0.0,25.247545
2020-02-10 17:00:00,436.0,60.0,0.0,1091.313411,424.0,0.0,0.0,79.789347
2020-02-10 18:00:00,436.0,90.0,0.0,1091.313411,436.0,0.0,0.0,55.149108
2020-02-10 19:00:00,436.0,90.0,0.0,1091.313411,436.0,0.0,0.0,19.91836
2020-02-10 20:00:00,436.0,90.0,0.0,1091.313411,394.431645,0.0,0.0,19.133765
2020-02-10 21:00:00,436.0,90.0,0.0,1000.0,334.431645,0.0,0.0,18.60404
2020-02-10 22:00:00,436.0,80.0,0.0,227.274616,284.0,0.0,0.0,15.907046
2020-02-10 23:00:00,436.0,20.0,0.0,127.050889,304.931305,0.0,0.0,18.531796
2020-02-11 00:00:00,436.0,0.0,0.0,126.755559,382.706285,30.0,0.0,18.531796
2020-02-11 01:00:00,436.0,0.0,0.0,126.755559,436.0,0.0,0.0,21.116411
2020-02-11 02:00:00,436.0,0.0,0.0,126.755559,436.0,0.0,0.0,21.116714
2020-02-11 03:00:00,436.0,0.0,0.0,126.755559,436.0,0.0,0.0,21.116411
2020-02-11 04:00:00,436.0,0.0,0.0,126.755559,436.0,0.0,0.0,21.116714
2020-02-11 05:00:00,436.0,60.0,0.0,227.274616,424.0,0.0,0.0,21.647258
2020-02-11 06:00:00,436.0,90.0,0.0,1000.0,364.0,0.0,0.0,76.969158
2020-02-11 07:00:00,436.0,90.0,0.0,1000.0,304.0,0.0,0.0,-0.0
2020-02-11 08:00:00,436.0,30.0,0.0,21.288154,284.0,0.0,0.0,-0.0
2020-02-11 09:00:00,436.0,0.0,0.0,19.983547,284.0,0.0,0.0,-0.0
2020-02-11 10:00:00,376.0,0.0,0.0,-0.0,284.0,0.0,0.0,-0.0
2020-02-11 11:00:00,316.0,0.0,0.0,-0.0,284.0,0.0,0.0,-0.0
2020-02-11 12:00:00,284.0,0.0,0.0,-0.0,284.0,0.0,0.0,-0.0
2020-02-11 13:00:00,284.0,0.0,0.0,-0.0,284.0,0.0,0.0,16.970947
2020-02-11 14:00:00,284.0,0.0,0.0,-0.0,344.0,0.0,0.0,19.983547
2020-02-11 15:00:00,284.0,0.0,0.0,15.731586,404.0,0.0,0.0,21.116714
2020-02-11 16:00:00,284.0,0.0,0.0,-0.0,436.0,0.0,0.0,23.437807
2020-02-11 17:00:00,344.0,0.0,0.0,26.324557,436.0,0.0,0.0,68.00828
2020-02-11 18:00:00,404.0,0.0,0.0,26.429316,436.0,0.0,0.0,79.361567
2020-02-11 19:00:00,436.0,0.0,0.0,26.429316,436.0,0.0,0.0,26.324557
2020-02-11 20:00:00,436.0,0.0,0.0,23.437807,436.0,0.0,0.0,23.256644
2020-02-11 21:00:00,436.0,0.0,0.0,22.576747,436.0,0.0,0.0,21.843654
2020-02-11 22:00:00,436.0,0.0,0.0,20.400003,436.0,0.0,0.0,20.846138
2020-02-11 23:00:00,436.0,0.0,0.0,19.133765,436.0,0.0,0.0,20.096027
2020-02-12 00:00:00,436.0,0.0,0.0,19.153665,344.0,30.0,0.0,20.726727
2020-02-12 01:00:00,432.660523,0.0,0.0,18.531796,404.0,0.0,0.0,19.91836
2020-02-12 02:00:00,411.912749,0.0,0.0,18.531796,436.0,0.0,0.0,19.133765
2020-02-12 03:00:00,351.912749,0.0,0.0,18.208373,435.058094,0.0,0.0,19.133765
2020-02-12 04:00:00,301.331952,0.0,0.0,18.531796,436.0,0.0,0.0,19.91836
2020-02-12 05:00:00,361.331952,0.0,0.0,20.726727,436.0,0.0,0.0,21.513966
2020-02-12 06:00:00,421.331952,0.0,0.0,21.62631,424.0,0.0,0.0,43.923971
2020-02-12 07:00:00,436.0,0.0,0.0,21.801606,364.0,0.0,0.0,19.133765
2020-02-12 08:00:00,376.0,0.0,0.0,16.212661,304.0,0.0,0.0,-0.0
2020-02-12 09:00:00,316.0,0.0,0.0,-0.0,304.0,0.0,0.0,-0.0
2020-02-12 10:00:00,284.0,0.0,0.0,-0.0,285.4,0.0,0.0,-0.0
2020-02-12 11:00:00,284.0,0.0,0.0,-0.0,284.0,0.0,0.0,-0.0
2020-02-12 12:00:00,284.0,0.0,0.0,-0.0,284.0,0.0,0.0,-0.0
2020-02-12 13:00:00,284.0,0.0,0.0,-0.0,284.0,0.0,0.0,-0.0
2020-02-12 14:00:00,284.0,0.0,0.0,-0.0,344.0,0.0,0.0,18.573789
2020-02-12 15:00:00,284.0,0.0,0.0,-0.0,404.0,0.0,0.0,21.823324
2020-02-12 16:00:00,284.0,0.0,0.0,-0.0,436.0,0.0,0.0,23.437807
2020-02-12 17:00:00,344.0,0.0,0.0,21.647258,436.0,0.0,0.0,30.016696
2020-02-12 18:00:00,404.0,0.0,0.0,23.206766,436.0,0.0,0.0,76.994351
2020-02-12 19:00:00,436.0,0.0,0.0,25.9087,436.0,0.0,0.0,65.183135
2020-02-12 20:00:00,436.0,0.0,0.0,23.206766,436.0,0.0,0.0,26.423756
2020-02-12 21:00:00,436.0,0.0,0.0,23.437807,436.0,0.0,0.0,23.437807
2020-02-12 22:00:00,436.0,0.0,0.0,22.96816,436.0,0.0,0.0,21.647258
2020-02-12 23:00:00,436.0,0.0,0.0,18.573789,436.0,0.0,0.0,22.516066
2020-02-13 00:00:00,376.0,0.0,0.0,17.265035,344.0,30.0,0.0,22.516066
2020-02-13 01:00:00,316.0,0.0,0.0,-0.0,404.0,0.0,0.0,21.843654
2020-02-13 02:00:00,284.0,0.0,0.0,-0.0,436.0,0.0,0.0,21.288154
2020-02-13 03:00:00,284.0,0.0,0.0,-0.0,436.0,0.0,0.0,21.116714
2020-02-13 04:00:00,284.0,0.0,0.0,-0.0,436.0,0.0,0.0,21.647258
2020-02-13 05:00:00,344.0,0.0,0.0,20.400003,436.0,0.0,0.0,23.437807
2020-02-13 06:00:00,404.0,0.0,0.0,22.96816,436.0,0.0,0.0,49.691973
2020-02-13 07:00:00,436.0,0.0,0.0,22.96816,376.0,0.0,0.0,19.983547
2020-02-13 08:00:00,436.0,0.0,0.0,19.983547,316.0,0.0,0.0,19.430296
2020-02-13 09:00:00,376.0,0.0,0.0,-0.0,284.0,0.0,0.0,-0.0
2020-02-13 10:00:00,316.0,0.0,0.0,-0.0,284.0,0.0,0.0,-0.0
2020-02-13 11:00:00,284.0,0.0,0.0,-0.0,284.0,0.0,0.0,-0.0
2020-02-13 12:00:00,284.0,0.0,0.0,-0.0,284.0,0.0,0.0,-0.0
2020-02-13 13:00:00,284.0,0.0,0.0,-0.0,284.0,0.0,0.0,-0.0
2020-02-13 14:00:00,284.0,0.0,0.0,-0.0,284.0,0.0,0.0,-0.0
2020-02-13 15:00:00,284.0,0.0,0.0,-0.0,304.0,0.0,0.0,-0.0
2020-02-13 16:00:00,284.0,0.0,0.0,-0.0,364.0,0.0,0.0,19.91836
2020-02-13 17:00:00,344.0,0.0,0.0,23.192161,424.0,0.0,0.0,73.904601
2020-02-13 18:00:00,364.982908,0.0,0.0,99.889469,436.0,0.0,0.0,67.532714
2020-02-13 19:00:00,424.982908,0.0,0.0,22.441135,436.0,0.0,0.0,21.168781
2020-02-13 20:00:00,364.982908,0.0,0.0,116.463099,424.0,0.0,0.0,21.235709
2020-02-13 21:00:00,424.982908,0.0,0.0,48.837964,364.0,0.0,0.0,21.118653
2020-02-13 22:00:00,436.0,0.0,0.0,21.118653,304.0,0.0,0.0,13.241028
2020-02-13 23:00:00,376.0,0.0,0.0,-0.0,284.0,0.0,0.0,10.954544
2020-02-14 00:00:00,316.0,0.0,0.0,17.265035,284.0,2.0,0.0,17.265035
2020-02-14 01:00:00,284.0,0.0,0.0,-0.0,284.0,0.0,0.0,-0.0
2020-02-14 02:00:00,284.0,0.0,0.0,-0.0,284.0,0.0,0.0,-0.0
2020-02-14 03:00:00,284.0,0.0,0.0,-0.0,284.0,0.0,0.0,-0.0
2020-02-14 04:00:00,284.0,0.0,0.0,-0.0,284.0,0.0,0.0,-0.0
2020-02-14 05:00:00,284.0,0.0,0.0,12.446703,344.0,0.0,0.0,20.989617
2020-02-14 06:00:00,344.0,0.0,0.0,19.153665,355.6,0.0,0.0,83.329447
2020-02-14 07:00:00,327.720143,0.0,0.0,119.417922,295.6,0.0,0.0,-0.0
2020-02-14 08:00:00,284.0,0.0,0.0,-0.0,284.0,0.0,0.0,-0.0
2020-02-14 09:00:00,284.0,0.0,0.0,-0.0,284.0,0.0,0.0,-0.0
2020-02-14 10:00:00,284.0,0.0,0.0,-0.0,284.0,0.0,0.0,-0.0
2020-02-14 11:00:00,284.0,0.0,0.0,-0.0,284.0,0.0,0.0,-0.0
2020-02-14 12:00:00,284.0,0.0,0.0,-0.0,286.0,0.0,0.0,-0.0
2020-02-14 13:00:00,284.0,0.0,0.0,-0.0,346.0,0.0,0.0,17.265035
2020-02-14 14:00:00,284.0,0.0,0.0,-0.0,357.867539,0.0,0.0,20.263167
2020-02-14 15:00:00,284.0,0.0,0.0,-0.0,358.040384,0.0,0.0,22.633141
2020-02-14 16:00:00,284.0,0.0,0.0,-0.0,418.040384,0.0,0.0,21.168781
2020-02-14 17:00:00,344.0,0.0,0.0,22.566788,436.0,0.0,0.0,30.418863
2020-02-14 18:00:00,404.0,0.0,0.0,23.366674,436.0,0.0,0.0,73.879273
2020-02-14 19:00:00,344.0,0.0,0.0,119.446534,436.0,0.0,0.0,49.131415
2020-02-14 20:00:00,284.0,0.0,0.0,120.137524,436.0,0.0,0.0,21.99146
2020-02-14 21:00:00,284.0,0.0,0.0,120.137524,436.0,0.0,0.0,21.62631
2020-02-14 22:00:00,344.0,0.0,0.0,23.366674,436.0,0.0,0.0,21.62631
2020-02-14 23:00:00,404.0,0.0,0.0,21.99146,436.0,0.0,0.0,21.413908
2020-02-15 00:00:00,436.0,0.0,0.0,21.413908,344.0,30.0,0.0,23.192161
2020-02-15 01:00:00,436.0,0.0,0.0,21.168781,404.0,0.0,0.0,21.801606
2020-02-15 02:00:00,436.0,0.0,0.0,20.820283,436.0,0.0,0.0,21.513966
2020-02-15 03:00:00,436.0,0.0,0.0,19.91836,436.0,0.0,0.0,21.168781
2020-02-15 04:00:00,436.0,0.0,0.0,19.153665,436.0,0.0,0.0,21.99146
2020-02-15 05:00:00,436.0,0.0,0.0,21.168781,424.0,0.0,0.0,23.366674
2020-02-15 06:00:00,436.0,0.0,0.0,21.413908,364.0,0.0,0.0,37.841063
2020-02-15 07:00:00,436.0,0.0,0.0,21.62631,304.0,0.0,0.0,14.877096
2020-02-15 08:00:00,376.0,0.0,0.0,-0.0,291.4,0.0,0.0,-0.0
2020-02-15 09:00:00,316.0,0.0,0.0,-0.0,289.4,0.0,0.0,-0.0
2020-02-15 10:00:00,284.0,0.0,0.0,-0.0,284.0,0.0,0.0,-0.0
2020-02-15 11:00:00,284.0,0.0,0.0,-0.0,284.0,0.0,0.0,-0.0
2020-02-15 12:00:00,344.0,0.0,0.0,19.430296,288.4,0.0,0.0,-0.0
2020-02-15 13:00:00,284.0,0.0,0.0,-0.0,322.218064,0.0,0.0,-0.0
2020-02-15 14:00:00,284.0,0.0,0.0,-0.0,382.218064,0.0,0.0,23.458312
2020-02-15 15:00:00,284.0,0.0,0.0,-0.0,436.0,0.0,0.0,23.389008
2020-02-15 16:00:00,284.0,0.0,0.0,-0.0,436.0,0.0,0.0,23.912383
2020-02-15 17:00:00,344.0,0.0,0.0,20.820283,436.0,0.0,0.0,29.42357
2020-02-15 18:00:00,404.0,0.0,0.0,21.118653,436.0,0.0,0.0,73.239897
2020-02-15 19:00:00,436.0,0.0,0.0,21.168781,436.0,0.0,0.0,61.797336
2020-02-15 20:00:00,436.0,0.0,0.0,21.168781,436.0,0.0,0.0,27.313166
2020-02-15 21:00:00,436.0,0.0,0.0,21.168781,436.0,0.0,0.0,25.685064
2020-02-15 22:00:00,436.0,0.0,0.0,21.168781,436.0,0.0,0.0,23.865331
2020-02-15 23:00:00,436.0,0.0,0.0,21.413908,436.0,0.0,0.0,23.366674
2020-02-16 00:00:00,436.0,0.0,0.0,21.168781,344.0,30.0,0.0,23.192161
2020-02-16 01:00:00,436.0,0.0,0.0,21.096593,404.0,0.0,0.0,21.801606
2020-02-16 02:00:00,436.0,0.0,0.0,21.116411,436.0,0.0,0.0,21.168781
2020-02-16 03:00:00,436.0,0.0,0.0,22.576747,436.0,0.0,0.0,22.576747
2020-02-16 04:00:00,436.0,0.0,0.0,23.128644,436.0,0.0,0.0,26.324557
2020-02-16 05:00:00,436.0,0.0,0.0,22.96816,436.0,0.0,0.0,26.755559
2020-02-16 06:00:00,436.0,0.0,0.0,26.755559,436.0,0.0,0.0,39.981683
2020-02-16 07:00:00,436.0,0.0,0.0,23.657594,404.0,0.0,0.0,22.516066
2020-02-16 08:00:00,436.0,0.0,0.0,122.492854,344.0,0.0,0.0,4.710089
2020-02-16 09:00:00,376.0,0.0,0.0,-0.0,284.0,0.0,0.0,-0.0
2020-02-16 10:00:00,338.344805,0.0,0.0,18.531796,284.0,0.0,0.0,-0.0
2020-02-16 11:00:00,284.0,0.0,0.0,-0.0,284.0,0.0,0.0,-0.0
2020-02-16 12:00:00,284.0,0.0,0.0,-0.0,284.0,0.0,0.0,-0.0
2020-02-16 13:00:00,284.0,0.0,0.0,-0.0,304.0,0.0,0.0,-0.0
2020-02-16 14:00:00,284.0,0.0,0.0,-0.0,364.0,0.0,0.0,20.400003
2020-02-16 15:00:00,284.0,0.0,0.0,-0.0,424.0,0.0,0.0,23.584081
2020-02-16 16:00:00,284.0,0.0,0.0,-0.0,436.0,0.0,0.0,23.128644
2020-02-16 17:00:00,344.0,0.0,0.0,23.128644,436.0,0.0,0.0,30.376759
2020-02-16 18:00:00,404.0,0.0,0.0,23.437807,436.0,0.0,0.0,110.586472
2020-02-16 19:00:00,436.0,0.0,0.0,20.989617,436.0,0.0,0.0,28.912649
2020-02-16 20:00:00,436.0,0.0,0.0,22.732362,436.0,0.0,0.0,22.441135
2020-02-16 21:00:00,436.0,0.0,0.0,22.492854,436.0,0.0,0.0,24.823209
2020-02-16 22:00:00,436.0,0.0,0.0,21.99146,436.0,0.0,0.0,23.437807
2020-02-16 23:00:00,436.0,0.0,0.0,22.732362,436.0,0.0,0.0,23.657594
2020-02-17 00:00:00,436.0,0.0,0.0,25.9087,344.0,30.0,0.0,27.16208
2020-02-17 01:00:00,436.0,0.0,0.0,23.437807,404.0,0.0,0.0,26.324557
2020-02-17 02:00:00,436.0,0.0,0.0,23.206766,436.0,0.0,0.0,23.826795
2020-02-17 03:00:00,436.0,0.0,0.0,23.206766,436.0,0.0,0.0,23.128644
2020-02-17 04:00:00,436.0,0.0,0.0,23.128644,436.0,0.0,0.0,22.732362
2020-02-17 05:00:00,436.0,0.0,0.0,23.206766,436.0,0.0,0.0,22.96816
2020-02-17 06:00:00,436.0,0.0,0.0,26.324557,403.146033,0.0,0.0,42.406425
2020-02-17 07:00:00,436.0,60.0,0.0,1000.0,343.146033,0.0,0.0,7.353994
2020-02-17 08:00:00,436.0,0.0,0.0,21.116411,293.4,0.0,0.0,-0.0
2020-02-17 09:00:00,376.0,0.0,0.0,-0.0,295.4,0.0,0.0,-0.0
2020-02-17 10:00:00,316.0,0.0,0.0,-0.0,291.4,0.0,0.0,-0.0
2020-02-17 11:00:00,284.0,0.0,0.0,-0.0,290.4,0.0,0.0,-0.0
2020-02-17 12:00:00,284.0,0.0,0.0,-0.0,285.4,0.0,0.0,-0.0
2020-02-17 13:00:00,284.0,0.0,0.0,-0.0,288.4,0.0,0.0,-0.0
2020-02-17 14:00:00,284.0,0.0,0.0,-0.0,289.4,0.0,0.0,-0.0
2020-02-17 15:00:00,284.0,0.0,0.0,18.072542,289.4,0.0,0.0,-0.0
2020-02-17 16:00:00,344.0,0.0,0.0,21.647258,304.0,0.0,0.0,18.359615
2020-02-17 17:00:00,404.0,60.0,0.0,1000.0,364.0,0.0,0.0,26.491433
2020-02-17 18:00:00,436.0,90.0,0.0,1091.313411,424.0,0.0,0.0,77.059482
2020-02-17 19:00:00,436.0,90.0,0.0,1140.792856,436.0,0.0,0.0,68.164964
2020-02-17 20:00:00,436.0,90.0,0.0,1091.313411,436.0,0.0,0.0,26.530062
2020-02-17 21:00:00,436.0,90.0,0.0,1140.792856,425.660797,0.0,0.0,22.492854
2020-02-17 22:00:00,436.0,90.0,0.0,1091.313411,365.660797,0.0,0.0,19.983547
2020-02-17 23:00:00,436.0,90.0,0.0,283.035526,305.660797,0.0,0.0,15.810028
2020-02-18 00:00:00,436.0,90.0,0.0,1000.0,311.136342,30.0,0.0,18.531796
2020-02-18 01:00:00,436.0,90.0,0.0,1000.0,291.4,0.0,0.0,-0.0
2020-02-18 02:00:00,436.0,30.0,0.0,126.324557,291.4,0.0,0.0,-0.0
2020-02-18 03:00:00,436.0,0.0,0.0,123.437807,304.0,0.0,0.0,-0.0
2020-02-18 04:00:00,436.0,0.0,0.0,18.573789,364.0,0.0,0.0,19.983547
2020-02-18 05:00:00,376.0,0.0,0.0,-0.0,424.0,0.0,0.0,21.288154
2020-02-18 06:00:00,436.0,0.0,0.0,22.492854,364.0,0.0,0.0,72.545641
2020-02-18 07:00:00,436.0,0.0,0.0,121.288154,304.0,0.0,0.0,-0.0
2020-02-18 08:00:00,376.0,0.0,0.0,-0.0,284.0,0.0,0.0,-0.0
2020-02-18 09:00:00,316.0,0.0,0.0,-0.0,284.0,0.0,0.0,-0.0
2020-02-18 10:00:00,284.0,0.0,0.0,-0.0,284.0,0.0,0.0,-0.0
2020-02-18 11:00:00,284.0,0.0,0.0,-0.0,284.0,0.0,0.0,-0.0
2020-02-18 12:00:00,284.0,0.0,0.0,-0.0,284.0,0.0,0.0,-0.0
2020-02-18 13:00:00,284.0,0.0,0.0,-0.0,284.0,0.0,0.0,-0.0
2020-02-18 14:00:00,284.0,0.0,0.0,-0.0,292.4,0.0,0.0,-0.0
2020-02-18 15:00:00,284.0,0.0,0.0,-0.0,291.4,0.0,0.0,-0.0
2020-02-18 16:00:00,284.0,0.0,0.0,-0.0,330.339653,0.0,0.0,-0.0
2020-02-18 17:00:00,337.118589,0.0,0.0,18.531796,390.339653,0.0,0.0,48.426523
2020-02-18 18:00:00,397.118589,0.0,0.0,22.96816,436.0,0.0,0.0,72.985809
2020-02-18 19:00:00,436.0,0.0,0.0,127.050889,436.0,0.0,0.0,62.320446
2020-02-18 20:00:00,436.0,0.0,0.0,126.755559,436.0,0.0,0.0,23.368434
2020-02-18 21:00:00,436.0,0.0,0.0,122.96816,384.441385,0.0,0.0,19.91836
2020-02-18 22:00:00,436.0,0.0,0.0,121.116714,324.441385,0.0,0.0,10.006815
2020-02-18 23:00:00,436.0,0.0,0.0,20.400003,284.0,0.0,0.0,-0.0
2020-02-19 00:00:00,432.140458,0.0,0.0,18.531796,284.0,30.0,0.0,-0.0
2020-02-19 01:00:00,372.140458,0.0,0.0,-0.0,284.0,0.0,0.0,-0.0
2020-02-19 02:00:00,312.140458,0.0,0.0,-0.0,284.0,0.0,0.0,-0.0
2020-02-19 03:00:00,284.0,0.0,0.0,-0.0,284.0,0.0,0.0,-0.0
2020-02-19 04:00:00,284.0,0.0,0.0,-0.0,292.937761,0.0,0.0,-0.0
2020-02-19 05:00:00,284.0,0.0,0.0,-0.0,352.937761,0.0,0.0,22.15999
2020-02-19 06:00:00,344.0,0.0,0.0,19.153665,349.6,0.0,0.0,73.381603
2020-02-19 07:00:00,337.757423,0.0,0.0,18.531796,289.6,0.0,0.0,-0.0
2020-02-19 08:00:00,284.0,0.0,0.0,-0.0,284.0,0.0,0.0,-0.0
2020-02-19 09:00:00,284.0,0.0,0.0,-0.0,284.0,0.0,0.0,-0.0
2020-02-19 10:00:00,284.0,0.0,0.0,-0.0,284.0,0.0,0.0,-0.0
2020-02-19 11:00:00,284.0,0.0,0.0,-0.0,284.0,0.0,0.0,-0.0
2020-02-19 12:00:00,284.0,0.0,0.0,-0.0,284.0,0.0,0.0,-0.0
2020-02-19 13:00:00,284.0,0.0,0.0,-0.0,284.0,0.0,0.0,-0.0
2020-02-19 14:00:00,284.0,0.0,0.0,-0.0,284.0,0.0,0.0,-0.0
2020-02-19 15:00:00,284.0,0.0,0.0,-0.0,284.0,0.0,0.0,-0.0
2020-02-19 16:00:00,284.0,0.0,0.0,-0.0,329.034067,0.0,0.0,-0.0
2020-02-19 17:00:00,284.0,0.0,0.0,-0.0,389.034067,0.0,0.0,46.444294
2020-02-19 18:00:00,344.0,0.0,0.0,21.116714,436.0,0.0,0.0,76.506437
2020-02-19 19:00:00,404.0,0.0,0.0,122.516066,436.0,0.0,0.0,68.160649
2020-02-19 20:00:00,436.0,0.0,0.0,123.128644,407.017811,0.0,0.0,24.800416
2020-02-19 21:00:00,436.0,0.0,0.0,122.96816,347.017811,0.0,0.0,20.846138
2020-02-19 22:00:00,436.0,0.0,0.0,21.116411,287.017811,0.0,0.0,-0.0
2020-02-19 23:00:00,376.0,0.0,0.0,18.463561,284.0,0.0,0.0,-0.0
2020-02-20 00:00:00,383.245749,0.0,0.0,18.531796,284.0,30.0,0.0,-0.0
2020-02-20 01:00:00,323.245749,0.0,0.0,-0.0,284.0,0.0,0.0,-0.0
2020-02-20 02:00:00,284.0,0.0,0.0,-0.0,284.0,0.0,0.0,-0.0
2020-02-20 03:00:00,284.0,0.0,0.0,-0.0,284.0,0.0,0.0,-0.0
2020-02-20 04:00:00,284.0,0.0,0.0,-0.0,286.4,0.0,0.0,-0.0
2020-02-20 05:00:00,284.0,0.0,0.0,-0.0,346.4,0.0,0.0,24.525316
2020-02-20 06:00:00,344.0,0.0,0.0,19.91836,349.6,0.0,0.0,71.159021
2020-02-20 07:00:00,321.273761,0.0,0.0,18.531796,289.6,0.0,0.0,-0.0
2020-02-20 08:00:00,284.0,0.0,0.0,-0.0,284.0,0.0,0.0,-0.0
2020-02-20 09:00:00,284.0,0.0,0.0,-0.0,284.0,0.0,0.0,-0.0
2020-02-20 10:00:00,284.0,0.0,0.0,-0.0,284.0,0.0,0.0,-0.0
2020-02-20 11:00:00,284.0,0.0,0.0,-0.0,284.0,0.0,0.0,-0.0
2020-02-20 12:00:00,284.0,0.0,0.0,-0.0,284.0,0.0,0.0,-0.0
2020-02-20 13:00:00,284.0,0.0,0.0,-0.0,284.0,0.0,0.0,-0.0
2020-02-20 14:00:00,284.0,0.0,0.0,-0.0,284.0,0.0,0.0,-0.0
2020-02-20 15:00:00,284.0,0.0,0.0,-0.0,284.0,0.0,0.0,-0.0
2020-02-20 16:00:00,284.0,0.0,0.0,-0.0,304.0,0.0,0.0,-0.0
2020-02-20 17:00:00,284.0,0.0,0.0,-0.0,364.0,0.0,0.0,25.270193
2020-02-20 18:00:00,284.0,0.0,0.0,18.208373,424.0,0.0,0.0,23.696066
2020-02-20 19:00:00,344.0,0.0,0.0,19.153665,436.0,0.0,0.0,69.873431
2020-02-20 20:00:00,284.0,0.0,0.0,16.212661,436.0,0.0,0.0,47.023088
2020-02-20 21:00:00,284.0,0.0,0.0,-0.0,436.0,0.0,0.0,22.516066
2020-02-20 22:00:00,284.0,0.0,0.0,-0.0,434.230182,0.0,0.0,20.852091
2020-02-20 23:00:00,284.0,0.0,0.0,-0.0,374.230182,0.0,0.0,20.092646
2020-02-21 00:00:00,284.0,0.0,0.0,-0.0,284.0,2.0,0.0,-0.0
2020-02-21 01:00:00,284.0,0.0,0.0,-0.0,284.0,0.0,0.0,-0.0
2020-02-21 02:00:00,284.0,0.0,0.0,-0.0,284.0,0.0,0.0,-0.0
2020-02-21 03:00:00,284.0,0.0,0.0,-0.0,304.0,0.0,0.0,-0.0
2020-02-21 04:00:00,284.0,0.0,0.0,-0.0,364.0,0.0,0.0,20.400003
2020-02-21 05:00:00,284.0,0.0,0.0,-0.0,424.0,0.0,0.0,25.150844
2020-02-21 06:00:00,284.0,0.0,0.0,-0.0,436.0,0.0,0.0,107.794641
2020-02-21 07:00:00,284.0,0.0,0.0,14.191367,376.0,0.0,0.0,21.116411
2020-02-21 08:00:00,284.0,0.0,0.0,-0.0,316.0,0.0,0.0,19.430296
2020-02-21 09:00:00,284.0,0.0,0.0,-0.0,284.0,0.0,0.0,-0.0
2020-02-21 10:00:00,284.0,0.0,0.0,-0.0,284.0,0.0,0.0,-0.0
2020-02-21 11:00:00,284.0,0.0,0.0,-0.0,284.0,0.0,0.0,-0.0
2020-02-21 12:00:00,284.0,0.0,0.0,-0.0,284.0,0.0,0.0,-0.0
2020-02-21 13:00:00,284.0,0.0,0.0,-0.0,284.0,0.0,0.0,-0.0
2020-02-21 14:00:00,284.0,0.0,0.0,-0.0,296.4,0.0,0.0,17.336563
2020-02-21 15:00:00,284.0,0.0,0.0,-0.0,356.4,0.0,0.0,21.287879
2020-02-21 16:00:00,284.0,0.0,0.0,-0.0,416.4,0.0,0.0,22.96816
2020-02-21 17:00:00,344.0,0.0,0.0,22.732362,436.0,0.0,0.0,30.52423
2020-02-21 18:00:00,404.0,0.0,0.0,24.591779,436.0,0.0,0.0,79.649875
2020-02-21 19:00:00,436.0,0.0,0.0,25.906145,436.0,0.0,0.0,60.185699
2020-02-21 20:00:00,436.0,0.0,0.0,23.206766,436.0,0.0,0.0,26.324557
2020-02-21 21:00:00,436.0,0.0,0.0,24.806648,436.0,0.0,0.0,23.128644
2020-02-21 22:00:00,436.0,0.0,0.0,24.367365,436.0,0.0,0.0,22.576747
2020-02-21 23:00:00,436.0,0.0,0.0,22.96816,436.0,0.0,0.0,22.492854
2020-02-22 00:00:00,436.0,0.0,0.0,23.437807,344.0,30.0,0.0,23.437807
2020-02-22 01:00:00,436.0,0.0,0.0,22.96816,404.0,0.0,0.0,22.96816
2020-02-22 02:00:00,436.0,0.0,0.0,22.732362,436.0,0.0,0.0,22.96816
2020-02-22 03:00:00,436.0,0.0,0.0,22.732362,436.0,0.0,0.0,23.128644
2020-02-22 04:00:00,436.0,0.0,0.0,22.732362,436.0,0.0,0.0,23.437807
2020-02-22 05:00:00,436.0,0.0,0.0,23.437807,436.0,0.0,0.0,38.901071
2020-02-22 06:00:00,436.0,0.0,0.0,23.657594,424.0,0.0,0.0,25.185694
2020-02-22 07:00:00,436.0,13.790455,0.0,141.716991,364.0,0.0,0.0,21.116714
2020-02-22 08:00:00,436.0,0.0,0.0,20.400003,304.0,0.0,0.0,11.040868
2020-02-22 09:00:00,376.0,0.0,0.0,-0.0,284.0,0.0,0.0,-0.0
2020-02-22 10:00:00,316.0,0.0,0.0,-0.0,284.0,0.0,0.0,-0.0
2020-02-22 11:00:00,284.0,0.0,0.0,-0.0,284.0,0.0,0.0,-0.0
2020-02-22 12:00:00,284.0,0.0,0.0,-0.0,284.0,0.0,0.0,-0.0
2020-02-22 13:00:00,284.0,0.0,0.0,-0.0,284.0,0.0,0.0,-0.0
2020-02-22 14:00:00,284.0,0.0,0.0,-0.0,290.0,0.0,0.0,9.460106
2020-02-22 15:00:00,284.0,0.0,0.0,18.463561,350.0,0.0,0.0,20.846138
2020-02-22 16:00:00,344.0,0.0,0.0,19.983547,410.0,7.381416,0.0,22.185841
2020-02-22 17:00:00,404.0,0.0,0.0,25.9087,436.0,0.0,0.0,81.391854
2020-02-22 18:00:00,436.0,0.0,0.0,130.277405,436.0,0.0,0.0,65.926009
2020-02-22 19:00:00,436.0,0.0,0.0,126.892495,436.0,0.0,0.0,25.412689
2020-02-22 20:00:00,436.0,0.0,0.0,127.274563,436.0,0.0,0.0,22.96816
2020-02-22 21:00:00,436.0,0.0,0.0,24.823417,436.0,0.0,0.0,22.732362
2020-02-22 22:00:00,436.0,0.0,0.0,24.139039,436.0,0.0,0.0,21.311321
2020-02-22 23:00:00,436.0,0.0,0.0,23.522679,436.0,0.0,0.0,21.474047
2020-02-23 00:00:00,436.0,0.0,0.0,21.647258,344.0,30.0,0.0,21.843654
2020-02-23 01:00:00,436.0,0.0,0.0,21.474047,404.0,0.0,0.0,21.288154
2020-02-23 02:00:00,436.0,0.0,0.0,21.288154,436.0,0.0,0.0,19.983547
2020-02-23 03:00:00,436.0,0.0,0.0,20.400003,436.0,0.0,0.0,21.287879
2020-02-23 04:00:00,376.0,0.0,0.0,-0.0,436.0,0.0,0.0,21.288154
2020-02-23 05:00:00,316.0,0.0,0.0,-0.0,436.0,0.0,0.0,46.221859
2020-02-23 06:00:00,284.0,0.0,0.0,-0.0,424.0,0.0,0.0,21.647258
2020-02-23 07:00:00,284.0,0.0,0.0,-0.0,364.0,0.0,0.0,20.846138
2020-02-23 08:00:00,284.0,0.0,0.0,-0.0,304.0,0.0,0.0,-0.0
2020-02-23 09:00:00,284.0,0.0,0.0,-0.0,304.0,0.0,0.0,-0.0
2020-02-23 10:00:00,284.0,0.0,0.0,-0.0,304.0,0.0,0.0,-0.0
2020-02-23 11:00:00,284.0,0.0,0.0,-0.0,285.4,0.0,0.0,-0.0
2020-02-23 12:00:00,284.0,0.0,0.0,-0.0,302.4,0.0,0.0,-0.0
2020-02-23 13:00:00,284.0,0.0,0.0,-0.0,289.4,0.0,0.0,-0.0
2020-02-23 14:00:00,284.0,0.0,0.0,-0.0,300.76929,0.0,0.0,18.531796
2020-02-23 15:00:00,284.0,0.0,0.0,-0.0,292.4,0.0,0.0,-0.0
2020-02-23 16:00:00,284.0,0.0,0.0,-0.0,314.120069,0.0,0.0,-0.0
2020-02-23 17:00:00,284.0,0.0,0.0,16.970947,374.120069,0.0,0.0,135.838333
2020-02-23 18:00:00,289.82057,0.0,0.0,18.531796,434.120069,0.0,0.0,21.647258
2020-02-23 19:00:00,284.0,0.0,0.0,18.208373,435.755173,0.0,0.0,19.983547
2020-02-23 20:00:00,284.0,0.0,0.0,-0.0,424.0,0.0,0.0,21.287879
2020-02-23 21:00:00,284.0,0.0,0.0,-0.0,364.0,0.0,0.0,34.817823
2020-02-23 22:00:00,284.0,0.0,0.0,-0.0,304.0,0.0,0.0,10.175988
2020-02-23 23:00:00,284.0,0.0,0.0,-0.0,284.0,0.0,0.0,6.881682
2020-02-24 00:00:00,284.0,0.0,0.0,-0.0,284.0,2.0,0.0,2.70855
2020-02-24 01:00:00,284.0,0.0,0.0,-0.0,284.0,0.0,0.0,-0.0
2020-02-24 02:00:00,284.0,0.0,0.0,-0.0,284.0,0.0,0.0,-0.0
2020-02-24 03:00:00,284.0,0.0,0.0,-0.0,331.813317,0.0,0.0,19.91836
2020-02-24 04:00:00,284.0,0.0,0.0,18.208373,391.813317,0.0,0.0,23.004778
2020-02-24 05:00:00,344.0,0.0,0.0,21.801606,424.0,0.0,0.0,65.796948
2020-02-24 06:00:00,284.0,0.0,0.0,122.657648,364.0,0.0,0.0,21.06161
2020-02-24 07:00:00,344.0,0.0,0.0,22.45025,304.0,0.0,0.0,-0.0
2020-02-24 08:00:00,284.0,0.0,0.0,-0.0,304.0,0.0,0.0,-0.0
2020-02-24 09:00:00,284.0,0.0,0.0,-0.0,300.4,0.0,0.0,-0.0
2020-02-24 10:00:00,284.0,0.0,0.0,17.641822,300.4,0.0,0.0,-0.0
2020-02-24 11:00:00,287.351323,0.0,0.0,18.531796,284.0,0.0,0.0,-0.0
2020-02-24 12:00:00,347.351323,0.0,0.0,22.45025,294.4,0.0,0.0,18.38731
2020-02-24 13:00:00,395.308127,0.0,0.0,124.21484,314.043344,0.0,0.0,18.60404
2020-02-24 14:00:00,426.0,7.609252,0.0,126.274969,284.0,0.0,0.0,18.60404
2020-02-24 15:00:00,436.0,0.0,0.0,22.566788,344.0,0.0,0.0,17.265035
2020-02-24 16:00:00,436.0,0.0,0.0,21.168781,363.446959,0.0,0.0,20.846138
2020-02-24 17:00:00,436.0,0.0,0.0,21.168781,423.446959,0.0,0.0,69.0424
2020-02-24 18:00:00,436.0,0.0,0.0,21.096593,436.0,0.0,0.0,75.540019
2020-02-24 19:00:00,436.0,0.0,0.0,20.820283,436.0,0.0,0.0,26.429316
2020-02-24 20:00:00,436.0,0.0,0.0,18.549582,436.0,0.0,0.0,25.535375
2020-02-24 21:00:00,405.005643,0.0,0.0,18.531796,436.0,0.0,0.0,22.78028
2020-02-24 22:00:00,345.005643,0.0,0.0,-0.0,436.0,0.0,0.0,21.116714
2020-02-24 23:00:00,285.005643,0.0,0.0,-0.0,436.0,0.0,0.0,19.527943
2020-02-25 00:00:00,284.0,0.0,0.0,-0.0,291.4,2.0,0.0,-0.0
2020-02-25 01:00:00,284.0,0.0,0.0,-0.0,294.4,0.0,0.0,-0.0
2020-02-25 02:00:00,284.0,0.0,0.0,-0.0,292.4,0.0,0.0,-0.0
2020-02-25 03:00:00,284.0,0.0,0.0,-0.0,293.4,0.0,0.0,-0.0
2020-02-25 04:00:00,284.0,0.0,0.0,-0.0,334.23553,0.0,0.0,-0.0
2020-02-25 05:00:00,315.309301,0.0,0.0,18.531796,394.23553,0.0,0.0,61.554938
2020-02-25 06:00:00,375.309301,0.0,0.0,21.513966,424.0,0.0,0.0,73.105661
2020-02-25 07:00:00,435.309301,0.0,0.0,23.366674,364.0,0.0,0.0,25.877255
2020-02-25 08:00:00,436.0,0.0,0.0,23.657594,304.0,0.0,0.0,23.376092
2020-02-25 09:00:00,436.0,0.0,0.0,130.277405,304.0,0.0,0.0,-0.0
2020-02-25 10:00:00,376.0,0.0,0.0,-0.0,304.0,0.0,0.0,-0.0
2020-02-25 11:00:00,316.0,0.0,0.0,-0.0,284.0,0.0,0.0,-0.0
2020-02-25 12:00:00,284.0,0.0,0.0,-0.0,284.0,0.0,0.0,-0.0
2020-02-25 13:00:00,284.0,0.0,0.0,-0.0,284.0,0.0,0.0,-0.0
2020-02-25 14:00:00,297.911524,0.0,0.0,18.531796,284.4,0.0,0.0,-0.0
2020-02-25 15:00:00,357.911524,0.0,0.0,18.549582,310.52851,0.0,0.0,-0.0
2020-02-25 16:00:00,301.148059,0.0,0.0,18.531796,370.52851,0.0,0.0,24.746569
2020-02-25 17:00:00,284.0,0.0,0.0,118.531796,430.52851,0.0,0.0,20.820283
2020-02-25 18:00:00,344.0,60.0,0.0,248.030682,436.0,0.0,0.0,69.868402
2020-02-25 19:00:00,404.0,80.0,0.0,168.49794,436.0,0.0,0.0,65.507771
2020-02-25 20:00:00,426.0,80.0,0.0,168.49794,436.0,0.0,0.0,24.477949
2020-02-25 21:00:00,366.0,20.0,0.0,116.240999,433.23116,0.0,0.0,21.168781
2020-02-25 22:00:00,425.615707,0.0,0.0,124.039545,373.23116,0.0,0.0,18.60404
2020-02-25 23:00:00,365.615707,0.0,0.0,117.739048,313.23116,0.0,0.0,4.116122
2020-02-26 00:00:00,425.615707,0.0,0.0,19.153665,284.0,2.0,0.0,-0.0
2020-02-26 01:00:00,436.0,0.0,0.0,121.608226,284.0,0.0,0.0,-0.0
2020-02-26 02:00:00,426.0,60.0,0.0,168.49794,284.0,0.0,0.0,7.375069
2020-02-26 03:00:00,436.0,53.087968,0.0,141.716991,286.322101,0.0,0.0,7.393831
2020-02-26 04:00:00,436.0,90.0,0.0,1000.0,346.322101,0.0,0.0,7.863403
2020-02-26 05:00:00,436.0,90.0,0.0,1000.0,406.322101,0.0,0.0,50.448648
2020-02-26 06:00:00,436.0,90.0,0.0,1000.0,424.0,0.0,0.0,76.777694
2020-02-26 07:00:00,436.0,90.0,0.0,283.752662,364.0,0.0,0.0,21.116714
2020-02-26 08:00:00,436.0,30.0,0.0,21.116714,304.0,0.0,0.0,-0.0
2020-02-26 09:00:00,376.0,0.0,0.0,16.970947,284.0,0.0,0.0,-0.0
2020-02-26 10:00:00,316.0,0.0,0.0,-0.0,284.0,0.0,0.0,-0.0
2020-02-26 11:00:00,284.0,0.0,0.0,-0.0,284.0,0.0,0.0,-0.0
2020-02-26 12:00:00,284.0,0.0,0.0,-0.0,284.0,0.0,0.0,-0.0
2020-02-26 13:00:00,284.0,0.0,0.0,-0.0,284.0,0.0,0.0,-0.0
2020-02-26 14:00:00,284.0,0.0,0.0,-0.0,284.0,0.0,0.0,-0.0
2020-02-26 15:00:00,284.0,0.0,0.0,-0.0,344.0,0.0,0.0,18.531796
2020-02-26 16:00:00,284.0,0.0,0.0,15.731586,404.0,0.0,0.0,20.846138
2020-02-26 17:00:00,344.0,0.0,0.0,22.96816,436.0,0.0,0.0,69.19983
2020-02-26 18:00:00,404.0,0.0,0.0,23.437807,436.0,0.0,0.0,96.133598
2020-02-26 19:00:00,436.0,0.0,0.0,21.474047,436.0,0.0,0.0,21.521343
2020-02-26 20:00:00,436.0,0.0,0.0,21.474047,394.259434,0.0,0.0,21.567413
2020-02-26 21:00:00,436.0,0.0,0.0,21.116714,334.259434,0.0,0.0,15.49618
2020-02-26 22:00:00,436.0,0.0,0.0,19.983547,302.0,0.0,0.0,-0.0
2020-02-26 23:00:00,436.0,0.0,0.0,21.843654,310.667283,0.0,0.0,18.531796
2020-02-27 00:00:00,436.0,0.0,0.0,22.96816,284.0,30.0,0.0,18.531796
2020-02-27 01:00:00,436.0,0.0,0.0,21.647258,302.0,0.0,0.0,-0.0
2020-02-27 02:00:00,436.0,0.0,0.0,21.287879,303.0,0.0,0.0,-0.0
2020-02-27 03:00:00,436.0,0.0,0.0,19.983547,304.0,0.0,0.0,-0.0
2020-02-27 04:00:00,436.0,0.0,0.0,21.287879,364.0,0.0,0.0,21.596909
2020-02-27 05:00:00,436.0,0.0,0.0,126.324557,424.0,0.0,0.0,24.713089
2020-02-27 06:00:00,436.0,60.0,0.0,1000.0,364.0,0.0,0.0,72.135176
2020-02-27 07:00:00,436.0,90.0,0.0,1000.0,304.0,0.0,0.0,-0.0
2020-02-27 08:00:00,376.0,30.0,0.0,18.072542,298.4,0.0,0.0,-0.0
2020-02-27 09:00:00,316.0,0.0,0.0,-0.0,285.4,0.0,0.0,-0.0
2020-02-27 10:00:00,284.0,0.0,0.0,-0.0,284.0,0.0,0.0,-0.0
2020-02-27 11:00:00,284.0,0.0,0.0,-0.0,284.0,0.0,0.0,-0.0
2020-02-27 12:00:00,284.0,0.0,0.0,-0.0,293.4,0.0,0.0,-0.0
2020-02-27 13:00:00,284.0,0.0,0.0,-0.0,293.4,0.0,0.0,-0.0
2020-02-27 14:00:00,284.0,0.0,0.0,-0.0,292.4,0.0,0.0,-0.0
2020-02-27 15:00:00,284.0,0.0,0.0,-0.0,300.604605,0.0,0.0,-0.0
2020-02-27 16:00:00,284.0,0.0,0.0,-0.0,360.604605,0.0,0.0,-0.0
2020-02-27 17:00:00,284.0,0.0,0.0,-0.0,420.604605,0.0,0.0,50.176156
2020-02-27 18:00:00,284.0,0.0,0.0,-0.0,436.0,0.0,0.0,78.617288
2020-02-27 19:00:00,284.0,0.0,0.0,-0.0,436.0,0.0,0.0,58.090593
2020-02-27 20:00:00,284.0,0.0,0.0,-0.0,436.0,0.0,0.0,26.790897
2020-02-27 21:00:00,284.0,0.0,0.0,-0.0,436.0,0.0,0.0,23.206766
2020-02-27 22:00:00,284.0,0.0,0.0,-0.0,436.0,0.0,0.0,23.128644
2020-02-27 23:00:00,284.0,0.0,0.0,-0.0,436.0,0.0,0.0,21.647258
2020-02-28 00:00:00,284.0,0.0,0.0,-0.0,344.0,2.0,0.0,22.516066
2020-02-28 01:00:00,284.0,0.0,0.0,-0.0,404.0,0.0,0.0,22.706276
2020-02-28 02:00:00,284.0,0.0,0.0,-0.0,436.0,0.0,0.0,19.430296
2020-02-28 03:00:00,284.0,0.0,0.0,-0.0,433.723929,0.0,0.0,18.573789
2020-02-28 04:00:00,344.0,0.0,0.0,19.153665,436.0,0.0,0.0,21.474047
2020-02-28 05:00:00,404.0,0.0,0.0,22.96816,436.0,0.0,0.0,23.206766
2020-02-28 06:00:00,436.0,0.0,0.0,126.324557,436.0,0.0,0.0,23.128644
2020-02-28 07:00:00,436.0,0.0,0.0,125.9087,436.0,0.0,0.0,21.919768
2020-02-28 08:00:00,436.0,0.0,0.0,22.185841,436.0,0.0,0.0,21.288154
2020-02-28 09:00:00,436.0,0.0,0.0,21.288154,424.0,0.0,0.0,21.287879
2020-02-28 10:00:00,436.0,0.0,0.0,21.474047,364.0,0.0,0.0,19.983547
2020-02-28 11:00:00,436.0,0.0,0.0,21.288154,304.0,0.0,0.0,-0.0
2020-02-28 12:00:00,436.0,0.0,0.0,21.287879,284.0,0.0,0.0,-0.0
2020-02-28 13:00:00,436.0,0.0,0.0,21.287879,304.0,0.0,0.0,-0.0
2020-02-28 14:00:00,436.0,0.0,0.0,21.647258,364.0,0.0,0.0,19.983547
2020-02-28 15:00:00,436.0,0.0,0.0,21.647258,424.0,0.0,0.0,21.647258
2020-02-28 16:00:00,436.0,0.0,0.0,22.492854,436.0,0.0,0.0,23.444698
2020-02-28 17:00:00,436.0,0.0,0.0,23.206766,436.0,0.0,0.0,29.763939
2020-02-28 18:00:00,436.0,0.0,0.0,25.095594,436.0,0.0,0.0,79.227331
2020-02-28 19:00:00,436.0,0.0,0.0,128.796409,436.0,0.0,0.0,61.140831
2020-02-28 20:00:00,436.0,0.0,0.0,26.575375,436.0,0.0,0.0,26.769322
2020-02-28 21:00:00,436.0,0.0,0.0,24.591779,436.0,0.0,0.0,26.692893
2020-02-28 22:00:00,436.0,0.0,0.0,29.996334,436.0,0.0,0.0,25.9087
2020-02-28 23:00:00,436.0,0.0,0.0,24.362627,436.0,0.0,0.0,23.444698
2020-02-29 00:00:00,436.0,0.0,0.0,26.324557,344.0,30.0,0.0,25.148657
2020-02-29 01:00:00,436.0,0.0,0.0,126.324557,404.0,0.0,0.0,24.832091
2020-02-29 02:00:00,436.0,59.668247,0.0,141.716991,436.0,0.0,0.0,26.156587
2020-02-29 03:00:00,436.0,47.488516,0.0,141.716991,436.0,0.0,0.0,22.786984
2020-02-29 04:00:00,436.0,90.0,0.0,1000.0,436.0,0.0,0.0,21.647258
2020-02-29 05:00:00,436.0,90.0,0.0,1000.0,424.0,0.0,0.0,25.789115
2020-02-29 06:00:00,436.0,90.0,0.0,1000.0,364.0,0.0,0.0,20.400003
2020-02-29 07:00:00,436.0,90.0,0.0,277.274563,304.0,0.0,0.0,-0.0
2020-02-29 08:00:00,436.0,30.0,0.0,19.983547,294.4,0.0,0.0,-0.0
2020-02-29 09:00:00,376.0,0.0,0.0,-0.0,284.0,0.0,0.0,-0.0
2020-02-29 10:00:00,316.0,0.0,0.0,-0.0,284.0,0.0,0.0,-0.0
2020-02-29 11:00:00,284.0,0.0,0.0,-0.0,284.0,0.0,0.0,-0.0
2020-02-29 12:00:00,284.0,0.0,0.0,-0.0,284.0,0.0,0.0,-0.0
2020-02-29 13:00:00,284.0,0.0,0.0,-0.0,284.0,0.0,0.0,-0.0
2020-02-29 14:00:00,284.0,0.0,0.0,-0.0,284.0,0.0,0.0,-0.0
2020-02-29 15:00:00,284.0,0.0,0.0,-0.0,316.0,0.0,0.0,16.970947
2020-02-29 16:00:00,284.0,0.0,0.0,-0.0,376.0,0.0,0.0,21.116714
2020-02-29 17:00:00,344.0,0.0,0.0,21.647258,436.0,0.0,0.0,26.324557
2020-02-29 18:00:00,404.0,0.0,0.0,23.87513,436.0,0.0,0.0,79.378092
2020-02-29 19:00:00,436.0,0.0,0.0,23.128644,436.0,0.0,0.0,72.914142
2020-02-29 20:00:00,436.0,0.0,0.0,19.983547,436.0,0.0,0.0,23.657594
2020-02-29 21:00:00,407.194756,0.0,0.0,18.531796,404.0,0.0,0.0,22.535885
2020-02-29 22:00:00,347.194756,0.0,0.0,16.970947,344.0,0.0,0.0,18.463561
2020-02-29 23:00:00,399.637689,0.0,0.0,18.531796,370.336702,0.0,0.0,16.970947
2020-03-01 00:00:00,436.0,0.0,0.0,23.206766,344.0,30.0,0.0,22.96816
2020-03-01 01:00:00,436.0,0.0,0.0,22.96816,404.0,0.0,0.0,22.492854
2020-03-01 02:00:00,436.0,0.0,0.0,22.96816,436.0,0.0,0.0,20.400003
2020-03-01 03:00:00,436.0,0.0,0.0,21.288154,436.0,0.0,0.0,22.492854
2020-03-01 04:00:00,376.0,0.0,0.0,-0.0,436.0,0.0,0.0,22.516066
2020-03-01 05:00:00,316.0,0.0,0.0,-0.0,436.0,0.0,0.0,41.287681
2020-03-01 06:00:00,284.0,0.0,0.0,-0.0,424.0,0.0,0.0,26.163716
2020-03-01 07:00:00,284.0,0.0,0.0,-0.0,364.0,0.0,0.0,21.843654
2020-03-01 08:00:00,284.0,0.0,0.0,-0.0,304.0,0.0,0.0,-0.0
2020-03-01 09:00:00,284.0,0.0,0.0,-0.0,304.0,0.0,0.0,-0.0
2020-03-01 10:00:00,284.0,0.0,0.0,-0.0,304.0,0.0,0.0,-0.0
2020-03-01 11:00:00,284.0,0.0,0.0,-0.0,285.4,0.0,0.0,-0.0
2020-03-01 12:00:00,284.0,0.0,0.0,-0.0,302.4,0.0,0.0,-0.0
2020-03-01 13:00:00,284.0,0.0,0.0,-0.0,289.4,0.0,0.0,-0.0
2020-03-01 14:00:00,284.0,0.0,0.0,-0.0,284.0,0.0,0.0,4.490592
2020-03-01 15:00:00,284.0,0.0,0.0,-0.0,292.4,0.0,0.0,-0.0
2020-03-01 16:00:00,284.0,0.0,0.0,-0.0,330.937007,0.0,0.0,-0.0
2020-03-01 17:00:00,284.0,0.0,0.0,-0.0,390.937007,0.0,0.0,141.716991
2020-03-01 18:00:00,284.0,0.0,0.0,-0.0,436.0,0.0,0.0,22.516066
2020-03-01 19:00:00,284.0,0.0,0.0,17.641822,412.857198,0.0,0.0,18.531796
2020-03-01 20:00:00,284.0,0.0,0.0,-0.0,424.0,0.0,0.0,21.132989
2020-03-01 21:00:00,284.0,0.0,0.0,-0.0,364.0,0.0,0.0,38.3545
2020-03-01 22:00:00,284.0,0.0,0.0,-0.0,304.0,0.0,0.0,7.367372
2020-03-01 23:00:00,284.0,0.0,0.0,-0.0,308.868485,0.0,0.0,-0.0
2020-03-02 00:00:00,284.0,0.0,0.0,-0.0,284.0,2.0,0.0,-0.0
2020-03-02 01:00:00,284.0,0.0,0.0,-0.0,284.0,0.0,0.0,-0.0
2020-03-02 02:00:00,284.0,0.0,0.0,-0.0,284.0,0.0,0.0,-0.0
2020-03-02 03:00:00,284.0,0.0,0.0,-0.0,304.0,0.0,0.0,18.60404
2020-03-02 04:00:00,284.0,0.0,0.0,16.212661,364.0,0.0,0.0,21.62631
2020-03-02 05:00:00,344.0,0.0,0.0,21.118653,424.0,0.0,0.0,70.197529
2020-03-02 06:00:00,404.0,60.0,0.0,141.716991,364.0,0.0,0.0,19.91836
2020-03-02 07:00:00,344.0,0.0,0.0,119.417922,304.0,0.0,0.0,-0.0
2020-03-02 08:00:00,284.0,0.0,0.0,-0.0,304.0,0.0,0.0,-0.0
2020-03-02 09:00:00,284.0,0.0,0.0,-0.0,300.4,0.0,0.0,-0.0
2020-03-02 10:00:00,284.0,0.0,0.0,17.265035,300.4,0.0,0.0,-0.0
2020-03-02 11:00:00,298.264199,0.0,0.0,18.531796,284.0,0.0,0.0,-0.0
2020-03-02 12:00:00,356.515589,0.0,0.0,124.039545,304.0,0.0,0.0,13.798662
2020-03-02 13:00:00,416.515589,60.0,0.0,168.49794,364.0,0.0,0.0,19.153665
2020-03-02 14:00:00,426.0,80.0,0.0,168.49794,346.0,0.0,0.0,18.60404
2020-03-02 15:00:00,366.0,20.0,0.0,119.190356,286.0,0.0,0.0,16.384323
2020-03-02 16:00:00,426.0,0.0,0.0,21.168781,346.0,0.0,0.0,20.67927
2020-03-02 17:00:00,436.0,0.0,0.0,21.168781,406.0,0.0,0.0,69.002785
2020-03-02 18:00:00,436.0,0.0,0.0,21.096593,436.0,0.0,0.0,77.170047
2020-03-02 19:00:00,436.0,0.0,0.0,20.989617,436.0,0.0,0.0,25.443654
2020-03-02 20:00:00,415.627319,0.0,0.0,18.531796,436.0,0.0,0.0,25.443654
2020-03-02 21:00:00,355.627319,0.0,0.0,-0.0,436.0,0.0,0.0,22.381599
2020-03-02 22:00:00,295.627319,0.0,0.0,-0.0,436.0,0.0,0.0,21.116714
2020-03-02 23:00:00,284.0,0.0,0.0,-0.0,393.222445,0.0,0.0,18.531796
2020-03-03 00:00:00,284.0,0.0,0.0,-0.0,291.4,2.0,0.0,-0.0
2020-03-03 01:00:00,284.0,0.0,0.0,-0.0,294.4,0.0,0.0,-0.0
2020-03-03 02:00:00,284.0,0.0,0.0,-0.0,292.4,0.0,0.0,-0.0
2020-03-03 03:00:00,284.0,0.0,0.0,-0.0,293.4,0.0,0.0,-0.0
2020-03-03 04:00:00,284.0,0.0,0.0,-0.0,304.0,0.0,0.0,-0.0
2020-03-03 05:00:00,284.0,0.0,0.0,17.265035,364.0,0.0,0.0,49.124133
2020-03-03 06:00:00,344.0,0.0,0.0,21.118653,424.0,0.0,0.0,70.752314
2020-03-03 07:00:00,404.0,0.0,0.0,21.99146,380.308202,0.0,0.0,25.767809
2020-03-03 08:00:00,436.0,0.0,0.0,130.277405,347.214831,0.0,0.0,17.021832
2020-03-03 09:00:00,436.0,0.0,0.0,130.277405,304.0,0.0,0.0,-0.0
2020-03-03 10:00:00,376.0,0.0,0.0,-0.0,304.0,0.0,0.0,-0.0
2020-03-03 11:00:00,316.0,0.0,0.0,-0.0,284.0,0.0,0.0,-0.0
2020-03-03 12:00:00,284.0,0.0,0.0,-0.0,284.0,0.0,0.0,-0.0
2020-03-03 13:00:00,284.0,0.0,0.0,-0.0,284.0,0.0,0.0,-0.0
2020-03-03 14:00:00,284.0,0.0,0.0,18.072542,284.4,0.0,0.0,-0.0
2020-03-03 15:00:00,284.0,0.0,0.0,-0.0,304.0,0.0,0.0,-0.0
2020-03-03 16:00:00,284.0,0.0,0.0,16.970947,364.0,0.0,0.0,25.711375
2020-03-03 17:00:00,284.0,0.0,0.0,118.531796,424.0,0.0,0.0,20.726727
2020-03-03 18:00:00,344.0,60.0,0.0,248.030682,436.0,0.0,0.0,65.702168
2020-03-03 19:00:00,404.0,75.397071,0.0,141.716991,436.0,0.0,0.0,69.875617
2020-03-03 20:00:00,426.0,80.0,0.0,141.716991,436.0,0.0,0.0,24.266989
2020-03-03 21:00:00,436.0,20.0,0.0,20.726727,424.376972,0.0,0.0,19.91836
2020-03-03 22:00:00,376.0,0.0,0.0,116.474315,364.376972,0.0,0.0,17.145233
2020-03-03 23:00:00,316.0,0.0,0.0,118.188723,350.581406,0.0,0.0,5.900438
2020-03-04 00:00:00,286.826624,0.0,0.0,118.531796,284.0,30.0,0.0,-0.0
2020-03-04 01:00:00,346.826624,60.0,0.0,141.716991,284.0,0.0,0.0,-0.0
2020-03-04 02:00:00,406.826624,90.0,0.0,241.716991,344.0,0.0,0.0,7.365809
2020-03-04 03:00:00,436.0,90.0,0.0,245.312045,316.0,0.0,0.0,18.208373
2020-03-04 04:00:00,436.0,90.0,0.0,1000.0,376.0,0.0,0.0,18.573789
2020-03-04 05:00:00,436.0,90.0,0.0,1000.0,436.0,0.0,0.0,56.548235
2020-03-04 06:00:00,436.0,90.0,0.0,283.035526,424.0,0.0,0.0,74.231742
2020-03-04 07:00:00,436.0,45.018006,0.0,141.716991,364.0,0.0,0.0,19.983547
2020-03-04 08:00:00,436.0,0.0,0.0,19.983547,304.0,0.0,0.0,-0.0
2020-03-04 09:00:00,376.0,0.0,0.0,-0.0,284.0,0.0,0.0,-0.0
2020-03-04 10:00:00,316.0,0.0,0.0,-0.0,284.0,0.0,0.0,-0.0
2020-03-04 11:00:00,284.0,0.0,0.0,-0.0,284.0,0.0,0.0,-0.0
2020-03-04 12:00:00,284.0,0.0,0.0,-0.0,284.0,0.0,0.0,-0.0
2020-03-04 13:00:00,284.0,0.0,0.0,-0.0,284.0,0.0,0.0,-0.0
2020-03-04 14:00:00,284.0,0.0,0.0,-0.0,285.830135,0.0,0.0,-0.0
2020-03-04 15:00:00,284.0,0.0,0.0,-0.0,345.830135,0.0,0.0,16.217455
2020-03-04 16:00:00,284.0,0.0,0.0,-0.0,405.830135,0.0,0.0,20.846138
2020-03-04 17:00:00,344.0,0.0,0.0,22.732362,436.0,0.0,0.0,70.082512
2020-03-04 18:00:00,404.0,0.0,0.0,23.437807,436.0,0.0,0.0,94.492982
2020-03-04 19:00:00,436.0,0.0,0.0,21.647258,436.0,0.0,0.0,22.45025
2020-03-04 20:00:00,436.0,0.0,0.0,21.116714,424.0,0.0,0.0,22.516066
2020-03-04 21:00:00,436.0,0.0,0.0,22.516066,364.0,0.0,0.0,18.573789
2020-03-04 22:00:00,436.0,0.0,0.0,22.492854,304.0,0.0,0.0,-0.0
2020-03-04 23:00:00,436.0,0.0,0.0,22.492854,291.4,0.0,0.0,16.217455
2020-03-05 00:00:00,436.0,0.0,0.0,22.492854,284.0,30.0,0.0,-0.0
2020-03-05 01:00:00,436.0,0.0,0.0,21.116714,291.4,0.0,0.0,-0.0
2020-03-05 02:00:00,436.0,0.0,0.0,21.116714,292.4,0.0,0.0,-0.0
2020-03-05 03:00:00,436.0,0.0,0.0,20.846138,304.0,0.0,0.0,-0.0
2020-03-05 04:00:00,436.0,0.0,0.0,22.492854,364.0,0.0,0.0,21.287879
2020-03-05 05:00:00,436.0,60.0,0.0,233.035526,424.0,0.0,0.0,65.383454
2020-03-05 06:00:00,436.0,90.0,0.0,1000.0,364.0,0.0,0.0,73.557038
2020-03-05 07:00:00,436.0,90.0,0.0,1000.0,304.0,0.0,0.0,-0.0
2020-03-05 08:00:00,376.0,30.0,0.0,16.970947,298.4,0.0,0.0,-0.0
2020-03-05 09:00:00,316.0,0.0,0.0,-0.0,285.4,0.0,0.0,-0.0
2020-03-05 10:00:00,284.0,0.0,0.0,-0.0,284.0,0.0,0.0,-0.0
2020-03-05 11:00:00,284.0,0.0,0.0,-0.0,284.0,0.0,0.0,-0.0
2020-03-05 12:00:00,284.0,0.0,0.0,-0.0,293.4,0.0,0.0,-0.0
2020-03-05 13:00:00,284.0,0.0,0.0,-0.0,293.4,0.0,0.0,-0.0
2020-03-05 14:00:00,284.0,0.0,0.0,-0.0,292.4,0.0,0.0,-0.0
2020-03-05 15:00:00,284.0,0.0,0.0,-0.0,291.4,0.0,0.0,-0.0
2020-03-05 16:00:00,284.0,0.0,0.0,-0.0,331.310951,0.0,0.0,-0.0
2020-03-05 17:00:00,284.0,0.0,0.0,-0.0,391.310951,8.057452,0.0,52.121504
2020-03-05 18:00:00,284.0,0.0,0.0,-0.0,436.0,0.0,0.0,77.313264
2020-03-05 19:00:00,284.0,0.0,0.0,-0.0,436.0,0.0,0.0,61.068013
2020-03-05 20:00:00,284.0,0.0,0.0,-0.0,436.0,0.0,0.0,27.755129
2020-03-05 21:00:00,284.0,0.0,0.0,-0.0,436.0,0.0,0.0,25.9087
2020-03-05 22:00:00,284.0,0.0,0.0,-0.0,436.0,0.0,0.0,23.128644
2020-03-05 23:00:00,284.0,0.0,0.0,-0.0,436.0,0.0,0.0,21.116714
2020-03-06 00:00:00,284.0,0.0,0.0,-0.0,344.0,2.0,0.0,22.732362
2020-03-06 01:00:00,284.0,0.0,0.0,-0.0,366.999567,0.0,0.0,23.128644
2020-03-06 02:00:00,284.0,0.0,0.0,-0.0,306.999567,0.0,0.0,18.573789
2020-03-06 03:00:00,284.0,0.0,0.0,-0.0,304.0,0.0,0.0,18.531796
2020-03-06 04:00:00,299.671342,0.0,0.0,18.531796,364.0,0.0,0.0,22.516066
2020-03-06 05:00:00,359.671342,0.0,0.0,23.128644,424.0,0.0,0.0,26.324557
2020-03-06 06:00:00,419.671342,0.0,0.0,26.790897,436.0,0.0,0.0,28.452688
2020-03-06 07:00:00,436.0,0.0,0.0,26.429316,436.0,0.0,0.0,22.576747
2020-03-06 08:00:00,436.0,0.0,0.0,21.116714,409.222208,0.0,0.0,21.287879
2020-03-06 09:00:00,425.041869,0.0,0.0,18.531796,349.222208,0.0,0.0,21.287879
2020-03-06 10:00:00,436.0,0.0,0.0,19.430296,289.222208,0.0,0.0,15.775714
2020-03-06 11:00:00,398.324091,0.0,0.0,18.531796,284.0,0.0,0.0,-0.0
2020-03-06 12:00:00,399.311004,0.0,0.0,18.531796,284.0,0.0,0.0,-0.0
2020-03-06 13:00:00,357.706624,0.0,0.0,18.531796,284.0,0.0,0.0,-0.0
2020-03-06 14:00:00,417.706624,0.0,0.0,21.116411,304.0,0.0,0.0,18.072542
2020-03-06 15:00:00,436.0,0.0,0.0,21.116411,364.0,0.0,0.0,21.843654
2020-03-06 16:00:00,436.0,0.0,0.0,22.576747,424.0,0.0,0.0,25.9087
2020-03-06 17:00:00,436.0,0.0,0.0,23.206766,436.0,0.0,0.0,27.755129
2020-03-06 18:00:00,436.0,0.0,0.0,26.790897,436.0,0.0,0.0,81.163241
2020-03-06 19:00:00,436.0,0.0,0.0,30.277405,436.0,0.0,0.0,61.335089
2020-03-06 20:00:00,436.0,0.0,0.0,27.274563,436.0,0.0,0.0,27.050889
2020-03-06 21:00:00,436.0,0.0,0.0,27.755129,436.0,0.0,0.0,26.585705
2020-03-06 22:00:00,436.0,0.0,0.0,127.755129,436.0,0.0,0.0,26.429316
2020-03-06 23:00:00,436.0,0.0,0.0,26.755559,436.0,0.0,0.0,23.724945
2020-03-07 00:00:00,436.0,0.0,0.0,26.429316,410.0,30.0,0.0,26.755559
2020-03-07 01:00:00,436.0,0.0,0.0,136.124055,436.0,0.0,0.0,26.665125
2020-03-07 02:00:00,436.0,0.0,0.0,127.755129,436.0,0.0,0.0,25.385576
2020-03-07 03:00:00,436.0,60.0,0.0,1000.0,436.0,0.0,0.0,25.261472
2020-03-07 04:00:00,436.0,90.0,0.0,286.124055,436.0,0.0,0.0,25.003261
2020-03-07 05:00:00,436.0,90.0,0.0,1000.0,424.0,0.0,0.0,25.441836
2020-03-07 06:00:00,436.0,90.0,0.0,1000.0,364.0,0.0,0.0,24.4564
2020-03-07 07:00:00,436.0,90.0,0.0,1000.0,304.0,0.0,0.0,-0.0
2020-03-07 08:00:00,436.0,30.0,0.0,21.116714,294.4,0.0,0.0,-0.0
2020-03-07 09:00:00,376.0,0.0,0.0,-0.0,284.0,0.0,0.0,-0.0
2020-03-07 10:00:00,316.0,0.0,0.0,-0.0,284.0,0.0,0.0,-0.0
2020-03-07 11:00:00,284.0,0.0,0.0,-0.0,284.0,0.0,0.0,-0.0
2020-03-07 12:00:00,284.0,0.0,0.0,-0.0,284.0,0.0,0.0,-0.0
2020-03-07 13:00:00,284.0,0.0,0.0,-0.0,284.0,0.0,0.0,-0.0
2020-03-07 14:00:00,284.0,0.0,0.0,-0.0,284.0,0.0,0.0,-0.0
2020-03-07 15:00:00,284.0,0.0,0.0,-0.0,344.0,0.0,0.0,16.970947
2020-03-07 16:00:00,284.0,0.0,0.0,-0.0,404.0,0.0,0.0,21.287879
2020-03-07 17:00:00,344.0,0.0,0.0,22.516066,436.0,4.79816,0.0,26.755559
2020-03-07 18:00:00,404.0,0.0,0.0,26.404825,436.0,0.0,0.0,89.845985
2020-03-07 19:00:00,436.0,0.0,0.0,24.484876,436.0,0.0,0.0,72.864407
2020-03-07 20:00:00,436.0,0.0,0.0,21.288154,436.0,0.0,0.0,23.437807
2020-03-07 21:00:00,436.0,0.0,0.0,19.983547,436.0,0.0,0.0,21.843654
2020-03-07 22:00:00,379.63159,0.0,0.0,18.531796,417.921755,0.0,0.0,1.104642
2020-03-07 23:00:00,434.148755,0.0,0.0,18.531796,368.52422,0.0,0.0,16.970947
2020-03-08 00:00:00,436.0,0.0,0.0,121.647258,344.0,30.0,0.0,25.022385
2020-03-08 01:00:00,436.0,0.0,0.0,123.437807,368.028879,0.0,0.0,18.573789
2020-03-08 02:00:00,436.0,0.0,0.0,121.843654,308.028879,0.0,0.0,18.489804
2020-03-08 03:00:00,436.0,0.0,0.0,121.116714,331.969661,0.0,0.0,18.531796
2020-03-08 04:00:00,436.0,0.0,0.0,120.846138,333.820299,0.0,0.0,-0.0
2020-03-08 05:00:00,436.0,60.0,0.0,222.516066,364.0,0.0,0.0,21.770118
2020-03-08 06:00:00,436.0,27.998287,0.0,141.716991,304.0,0.0,0.0,-0.0
2020-03-08 07:00:00,376.0,0.0,0.0,-0.0,295.4,0.0,0.0,-0.0
2020-03-08 08:00:00,316.0,0.0,0.0,-0.0,313.165048,0.0,0.0,-0.0
2020-03-08 09:00:00,284.0,0.0,0.0,-0.0,311.86371,0.0,0.0,-0.0
2020-03-08 10:00:00,284.0,0.0,0.0,-0.0,307.64676,0.0,0.0,-0.0
2020-03-08 11:00:00,284.0,0.0,0.0,-0.0,304.0,0.0,0.0,-0.0
2020-03-08 12:00:00,284.0,0.0,0.0,-0.0,293.4,0.0,0.0,-0.0
2020-03-08 13:00:00,284.0,0.0,0.0,-0.0,293.4,0.0,0.0,-0.0
2020-03-08 14:00:00,284.0,0.0,0.0,-0.0,291.4,0.0,0.0,-0.0
2020-03-08 15:00:00,284.0,0.0,0.0,-0.0,304.0,0.0,0.0,-0.0
2020-03-08 16:00:00,284.0,0.0,0.0,-0.0,364.0,0.0,0.0,21.116714
2020-03-08 17:00:00,284.0,0.0,0.0,-0.0,424.0,0.0,0.0,21.647258
2020-03-08 18:00:00,344.0,0.0,0.0,19.983547,436.0,0.0,0.0,71.740682
2020-03-08 19:00:00,381.849722,0.0,0.0,18.531796,436.0,0.0,0.0,77.065448
2020-03-08 20:00:00,412.544274,0.0,0.0,18.531796,436.0,0.0,0.0,42.782079
2020-03-08 21:00:00,352.544274,0.0,0.0,-0.0,436.0,0.0,0.0,21.843654
2020-03-08 22:00:00,326.028333,0.0,0.0,18.531796,382.997768,0.0,0.0,0.111842
2020-03-08 23:00:00,284.0,0.0,0.0,-0.0,322.997768,0.0,0.0,-0.0
2020-03-09 00:00:00,284.0,0.0,0.0,-0.0,344.0,2.0,0.0,19.430296
2020-03-09 01:00:00,284.0,0.0,0.0,-0.0,404.0,0.0,0.0,25.918222
2020-03-09 02:00:00,284.0,0.0,0.0,-0.0,436.0,0.0,0.0,25.496605
2020-03-09 03:00:00,284.0,0.0,0.0,-0.0,436.0,0.0,0.0,25.418249
2020-03-09 04:00:00,284.0,0.0,0.0,-0.0,436.0,0.0,0.0,25.230374
2020-03-09 05:00:00,284.0,0.0,0.0,-0.0,436.0,0.0,0.0,78.791532
2020-03-09 06:00:00,284.0,0.0,0.0,-0.0,389.514148,0.0,0.0,23.128644
2020-03-09 07:00:00,284.0,0.0,0.0,-0.0,329.514148,0.0,0.0,13.934949
2020-03-09 08:00:00,284.0,0.0,0.0,-0.0,304.0,0.0,0.0,-0.0
2020-03-09 09:00:00,284.0,0.0,0.0,-0.0,364.0,0.0,0.0,21.843654
2020-03-09 10:00:00,284.0,0.0,0.0,-0.0,364.0,0.0,0.0,22.96816
2020-03-09 11:00:00,284.0,0.0,0.0,-0.0,304.0,0.0,0.0,-0.0
2020-03-09 12:00:00,284.0,0.0,0.0,-0.0,364.0,0.0,0.0,20.846138
2020-03-09 13:00:00,284.0,0.0,0.0,-0.0,316.000753,0.0,0.0,14.295387
2020-03-09 14:00:00,284.0,0.0,0.0,-0.0,376.000753,0.0,0.0,21.168781
2020-03-09 15:00:00,284.0,0.0,0.0,-0.0,436.0,0.0,0.0,22.476997
2020-03-09 16:00:00,284.0,0.0,0.0,-0.0,436.0,0.0,0.0,21.168781
2020-03-09 17:00:00,284.0,0.0,0.0,12.446703,436.0,0.0,0.0,29.2499
2020-03-09 18:00:00,344.0,0.0,0.0,21.168781,436.0,0.0,0.0,59.195022
2020-03-09 19:00:00,404.0,0.0,0.0,20.405445,436.0,0.0,0.0,75.95374
2020-03-09 20:00:00,436.0,0.0,0.0,19.91836,436.0,0.0,0.0,29.870048
2020-03-09 21:00:00,436.0,0.0,0.0,21.413908,436.0,0.0,0.0,21.801606
2020-03-09 22:00:00,376.0,0.0,0.0,119.190356,436.0,0.0,0.0,21.413908
2020-03-09 23:00:00,436.0,0.0,0.0,19.430296,436.0,0.0,0.0,21.118653
2020-03-10 00:00:00,376.0,0.0,0.0,13.557277,284.0,30.0,0.0,18.208373
2020-03-10 01:00:00,316.0,0.0,0.0,-0.0,284.0,0.0,0.0,-0.0
2020-03-10 02:00:00,284.0,0.0,0.0,-0.0,284.0,0.0,0.0,-0.0
2020-03-10 03:00:00,284.0,0.0,0.0,-0.0,284.0,0.0,0.0,-0.0
2020-03-10 04:00:00,284.0,0.0,0.0,17.265035,344.0,0.0,0.0,18.208373
2020-03-10 05:00:00,344.0,0.0,0.0,21.168781,404.0,0.0,0.0,64.448079
2020-03-10 06:00:00,284.0,0.0,0.0,118.531796,364.0,0.0,0.0,22.556668
2020-03-10 07:00:00,284.0,0.0,0.0,116.463099,304.0,0.0,0.0,-0.0
2020-03-10 08:00:00,284.0,0.0,0.0,-0.0,304.0,0.0,0.0,-0.0
2020-03-10 09:00:00,284.0,0.0,0.0,-0.0,304.0,0.0,0.0,-0.0
2020-03-10 10:00:00,284.0,0.0,0.0,-0.0,304.0,0.0,0.0,-0.0
2020-03-10 11:00:00,284.0,0.0,0.0,-0.0,304.0,0.0,0.0,-0.0
2020-03-10 12:00:00,284.0,0.0,0.0,-0.0,304.0,0.0,0.0,-0.0
2020-03-10 13:00:00,284.0,0.0,0.0,-0.0,304.0,0.0,0.0,-0.0
2020-03-10 14:00:00,284.0,0.0,0.0,-0.0,304.0,0.0,0.0,-0.0
2020-03-10 15:00:00,284.0,0.0,0.0,-0.0,304.0,0.0,0.0,-0.0
2020-03-10 16:00:00,284.0,0.0,0.0,-0.0,357.539416,0.0,0.0,-0.0
2020-03-10 17:00:00,284.168896,0.0,0.0,18.531796,417.539416,0.0,0.0,21.439406
2020-03-10 18:00:00,344.168896,0.0,0.0,22.732362,436.0,0.0,0.0,127.274563
2020-03-10 19:00:00,404.168896,0.0,0.0,132.461752,436.0,0.0,0.0,43.501669
2020-03-10 20:00:00,436.0,0.0,0.0,26.429316,436.0,0.0,0.0,25.256544
2020-03-10 21:00:00,436.0,60.0,0.0,223.657594,436.0,0.0,0.0,21.116714
2020-03-10 22:00:00,436.0,0.0,0.0,21.096593,383.079808,0.0,0.0,17.507728
2020-03-10 23:00:00,376.0,0.0,0.0,18.463561,323.079808,0.0,0.0,-0.0
2020-03-11 00:00:00,346.607592,0.0,0.0,18.531796,284.0,30.0,0.0,-0.0
2020-03-11 01:00:00,406.607592,0.0,0.0,19.153665,284.0,0.0,0.0,18.208373
2020-03-11 02:00:00,346.607592,0.0,0.0,16.212661,284.0,0.0,0.0,11.298078
2020-03-11 03:00:00,286.607592,0.0,0.0,-0.0,284.0,0.0,0.0,-0.0
2020-03-11 04:00:00,284.0,0.0,0.0,-0.0,332.224299,0.0,0.0,-0.0
2020-03-11 05:00:00,332.158212,0.0,0.0,18.531796,363.266807,0.0,0.0,42.363805
2020-03-11 06:00:00,392.158212,0.0,0.0,19.153665,303.266807,0.0,0.0,-0.0
2020-03-11 07:00:00,332.158212,0.0,0.0,-0.0,284.0,0.0,0.0,-0.0
2020-03-11 08:00:00,284.0,0.0,0.0,-0.0,284.0,0.0,0.0,-0.0
2020-03-11 09:00:00,284.0,0.0,0.0,-0.0,284.0,0.0,0.0,-0.0
2020-03-11 10:00:00,284.0,0.0,0.0,-0.0,284.0,0.0,0.0,-0.0
2020-03-11 11:00:00,284.0,0.0,0.0,-0.0,303.11957,0.0,0.0,-0.0
2020-03-11 12:00:00,284.0,0.0,0.0,-0.0,298.780096,0.0,0.0,-0.0
2020-03-11 13:00:00,284.0,0.0,0.0,-0.0,295.7,0.0,0.0,-0.0
2020-03-11 14:00:00,284.0,0.0,0.0,-0.0,294.7,0.0,0.0,-0.0
2020-03-11 15:00:00,284.0,0.0,0.0,-0.0,294.7,0.0,0.0,-0.0
2020-03-11 16:00:00,284.0,0.0,0.0,-0.0,354.102581,0.0,0.0,7.320224
2020-03-11 17:00:00,284.0,0.0,0.0,-0.0,414.102581,0.0,0.0,35.314583
2020-03-11 18:00:00,344.0,0.0,0.0,21.168781,436.0,0.0,0.0,117.063367
2020-03-11 19:00:00,404.0,0.0,0.0,21.62631,434.939,0.0,0.0,21.513966
2020-03-11 20:00:00,435.875,0.0,0.0,21.168781,424.0,0.0,0.0,21.340559
2020-03-11 21:00:00,391.031695,0.0,0.0,70.147934,364.0,0.0,0.0,20.726727
2020-03-11 22:00:00,331.031695,0.0,0.0,-0.0,304.0,0.0,0.0,13.528103
2020-03-11 23:00:00,284.0,0.0,0.0,-0.0,287.0,0.0,0.0,-0.0
2020-03-12 00:00:00,284.0,0.0,0.0,-0.0,284.0,3.0,0.0,-0.0
2020-03-12 01:00:00,284.0,0.0,0.0,-0.0,287.0,0.0,0.0,-0.0
2020-03-12 02:00:00,284.0,0.0,0.0,-0.0,287.0,0.0,0.0,-0.0
2020-03-12 03:00:00,284.0,0.0,0.0,-0.0,287.0,0.0,0.0,-0.0
2020-03-12 04:00:00,284.0,0.0,0.0,-0.0,287.0,0.0,0.0,-0.0
2020-03-12 05:00:00,284.0,0.0,0.0,-0.0,318.57314,0.0,0.0,19.749492
2020-03-12 06:00:00,309.051997,0.0,0.0,18.531796,296.0,0.0,0.0,-0.0
2020-03-12 07:00:00,284.0,0.0,0.0,18.208373,295.0,0.0,0.0,-0.0
2020-03-12 08:00:00,284.0,0.0,0.0,-0.0,300.0,0.0,0.0,-0.0
2020-03-12 09:00:00,284.0,0.0,0.0,-0.0,300.0,0.0,0.0,-0.0
2020-03-12 10:00:00,284.0,0.0,0.0,-0.0,300.0,0.0,0.0,-0.0
2020-03-12 11:00:00,284.0,0.0,0.0,-0.0,291.175,0.0,0.0,-0.0
2020-03-12 12:00:00,284.0,0.0,0.0,-0.0,296.134,0.0,0.0,-0.0
2020-03-12 13:00:00,284.0,0.0,0.0,-0.0,305.047687,0.0,0.0,-0.0
2020-03-12 14:00:00,284.0,0.0,0.0,-0.0,304.0,0.0,0.0,-0.0
2020-03-12 15:00:00,284.0,0.0,0.0,-0.0,304.0,0.0,0.0,-0.0
2020-03-12 16:00:00,284.0,0.0,0.0,-0.0,304.0,0.0,0.0,-0.0
2020-03-12 17:00:00,284.0,0.0,0.0,-0.0,364.0,0.0,0.0,21.943552
2020-03-12 18:00:00,344.0,0.0,0.0,23.865799,424.0,0.0,0.0,77.250946
2020-03-12 19:00:00,404.0,0.0,0.0,124.686648,436.0,0.0,0.0,70.12981
2020-03-12 20:00:00,435.821,0.0,0.0,123.953703,436.0,0.0,0.0,25.471221
2020-03-12 21:00:00,436.0,0.0,0.0,126.429316,436.0,0.0,0.0,21.116714
2020-03-12 22:00:00,436.0,0.0,0.0,22.96816,377.652147,0.0,0.0,22.492854
2020-03-12 23:00:00,436.0,0.0,0.0,122.96816,317.652147,0.0,0.0,-0.0
2020-03-13 00:00:00,436.0,0.0,0.0,127.274563,344.0,30.0,0.0,22.440644
2020-03-13 01:00:00,436.0,60.0,0.0,1000.0,404.0,0.0,0.0,21.647258
2020-03-13 02:00:00,436.0,80.0,0.0,233.752662,436.0,0.0,0.0,21.287879
2020-03-13 03:00:00,436.0,20.0,0.0,22.492854,436.0,0.0,0.0,25.612611
2020-03-13 04:00:00,436.0,0.0,0.0,22.96816,436.0,0.0,0.0,21.843654
2020-03-13 05:00:00,436.0,0.0,0.0,23.437807,436.0,0.0,0.0,61.223448
2020-03-13 06:00:00,436.0,0.0,0.0,132.461752,436.0,0.0,0.0,21.647258
2020-03-13 07:00:00,436.0,0.0,0.0,22.492854,384.074889,0.0,0.0,20.846138
2020-03-13 08:00:00,376.0,0.0,0.0,15.731586,324.074889,0.0,0.0,18.531796
2020-03-13 09:00:00,316.0,0.0,0.0,-0.0,338.214277,0.0,0.0,18.072542
2020-03-13 10:00:00,284.0,0.0,0.0,-0.0,398.214277,0.0,0.0,21.116411
2020-03-13 11:00:00,344.0,0.0,0.0,20.400003,436.0,0.0,0.0,20.846138
2020-03-13 12:00:00,404.0,0.0,0.0,19.983547,436.0,0.0,0.0,20.846138
2020-03-13 13:00:00,417.031177,0.0,0.0,18.531796,436.0,0.0,0.0,20.846138
2020-03-13 14:00:00,358.906971,0.0,0.0,18.531796,436.0,0.0,0.0,21.843654
2020-03-13 15:00:00,418.906971,0.0,0.0,19.983547,436.0,0.0,0.0,22.492854
2020-03-13 16:00:00,436.0,0.0,0.0,21.647258,436.0,0.0,0.0,26.325632
2020-03-13 17:00:00,436.0,0.0,0.0,22.732362,436.0,0.0,0.0,26.755559
2020-03-13 18:00:00,436.0,0.0,0.0,26.755559,436.0,0.0,0.0,81.354705
2020-03-13 19:00:00,436.0,0.0,0.0,27.274563,436.0,0.0,0.0,61.405384
2020-03-13 20:00:00,436.0,0.0,0.0,26.755559,436.0,0.0,0.0,26.790897
2020-03-13 21:00:00,436.0,0.0,0.0,26.429316,436.0,0.0,0.0,27.050889
2020-03-13 22:00:00,436.0,0.0,0.0,26.429316,436.0,0.0,0.0,26.324557
2020-03-13 23:00:00,436.0,0.0,0.0,23.128644,436.0,0.0,0.0,23.437807
2020-03-14 00:00:00,436.0,0.0,0.0,22.96816,344.0,30.0,0.0,24.162359
2020-03-14 01:00:00,436.0,0.0,0.0,23.657594,404.0,0.0,0.0,23.206766
2020-03-14 02:00:00,436.0,0.0,0.0,23.437807,436.0,0.0,0.0,22.732362
2020-03-14 03:00:00,436.0,0.0,0.0,23.657594,436.0,0.0,0.0,22.96816
2020-03-14 04:00:00,436.0,0.0,0.0,23.437807,436.0,0.0,0.0,22.96816
2020-03-14 05:00:00,436.0,0.0,0.0,25.9087,436.0,0.0,0.0,22.96816
2020-03-14 06:00:00,436.0,0.0,0.0,23.437807,436.0,0.0,0.0,21.647258
2020-03-14 07:00:00,436.0,0.0,0.0,23.128644,436.0,0.0,0.0,19.983547
2020-03-14 08:00:00,436.0,0.0,0.0,21.647258,393.248833,0.0,0.0,19.430296
2020-03-14 09:00:00,436.0,0.0,0.0,20.400003,333.248833,0.0,0.0,5.624561
2020-03-14 10:00:00,436.0,0.0,0.0,21.288154,304.0,0.0,0.0,-0.0
2020-03-14 11:00:00,387.340751,0.0,0.0,18.531796,364.0,0.0,0.0,21.116714
2020-03-14 12:00:00,436.0,0.0,0.0,19.983547,424.0,0.0,0.0,19.983547
2020-03-14 13:00:00,436.0,0.0,0.0,19.430296,364.0,0.0,0.0,20.846138
2020-03-14 14:00:00,436.0,0.0,0.0,19.430296,304.0,0.0,0.0,-0.0
2020-03-14 15:00:00,436.0,0.0,0.0,21.288154,364.0,0.0,0.0,18.072542
2020-03-14 16:00:00,436.0,0.0,0.0,22.96816,424.0,0.0,0.0,22.516066
2020-03-14 17:00:00,436.0,0.0,0.0,21.474047,436.0,0.0,0.0,26.790897
2020-03-14 18:00:00,436.0,0.0,0.0,23.206766,436.0,0.0,0.0,60.495124
2020-03-14 19:00:00,436.0,0.0,0.0,23.87513,436.0,0.0,0.0,81.163241
2020-03-14 20:00:00,436.0,0.0,0.0,23.87513,436.0,0.0,0.0,28.304241
2020-03-14 21:00:00,436.0,0.0,0.0,23.206766,436.0,0.0,0.0,27.264303
2020-03-14 22:00:00,436.0,0.0,0.0,23.128644,436.0,0.0,0.0,26.429316
2020-03-14 23:00:00,436.0,0.0,0.0,22.96816,436.0,0.0,0.0,26.324557
2020-03-15 00:00:00,436.0,0.0,0.0,21.647258,344.0,30.0,0.0,23.128644
2020-03-15 01:00:00,436.0,0.0,0.0,22.96816,404.0,0.0,0.0,25.741485
2020-03-15 02:00:00,436.0,0.0,0.0,21.647258,436.0,0.0,0.0,25.535016
2020-03-15 03:00:00,436.0,0.0,0.0,21.843654,436.0,0.0,0.0,25.412102
2020-03-15 04:00:00,436.0,0.0,0.0,22.516066,436.0,0.0,0.0,24.835936
2020-03-15 05:00:00,436.0,0.0,0.0,23.128644,424.0,0.0,0.0,27.991257
2020-03-15 06:00:00,436.0,60.0,0.0,1000.0,364.0,0.0,0.0,20.812988
2020-03-15 07:00:00,436.0,28.436413,0.0,141.716991,304.0,0.0,0.0,-0.0
2020-03-15 08:00:00,436.0,0.0,0.0,18.573789,289.4,0.0,0.0,-0.0
2020-03-15 09:00:00,376.0,0.0,0.0,-0.0,284.0,0.0,0.0,-0.0
2020-03-15 10:00:00,316.0,0.0,0.0,-0.0,284.0,0.0,0.0,-0.0
2020-03-15 11:00:00,284.0,0.0,0.0,-0.0,284.0,0.0,0.0,-0.0
2020-03-15 12:00:00,284.0,0.0,0.0,-0.0,304.0,0.0,0.0,-0.0
2020-03-15 13:00:00,284.0,0.0,0.0,-0.0,301.4,0.0,0.0,-0.0
2020-03-15 14:00:00,284.0,0.0,0.0,-0.0,304.0,0.0,0.0,-0.0
2020-03-15 15:00:00,344.0,0.0,0.0,19.983547,364.0,0.0,0.0,19.983547
2020-03-15 16:00:00,404.0,0.0,0.0,19.983547,424.0,0.0,0.0,21.843654
2020-03-15 17:00:00,436.0,0.0,0.0,18.573789,436.0,0.0,0.0,26.585705
2020-03-15 18:00:00,436.0,0.0,0.0,21.843654,436.0,0.0,0.0,27.050889
2020-03-15 19:00:00,436.0,0.0,0.0,22.492854,436.0,0.0,0.0,76.815583
2020-03-15 20:00:00,436.0,0.0,0.0,22.492854,436.0,0.0,0.0,67.21727
2020-03-15 21:00:00,436.0,0.0,0.0,21.647258,436.0,0.0,0.0,26.755559
2020-03-15 22:00:00,414.431461,0.0,0.0,18.531796,436.0,0.0,0.0,23.437807
2020-03-15 23:00:00,354.431461,0.0,0.0,-0.0,436.0,0.0,0.0,22.732362
2020-03-16 00:00:00,294.431461,0.0,0.0,-0.0,344.0,2.0,0.0,23.437807
2020-03-16 01:00:00,284.0,0.0,0.0,-0.0,404.0,0.0,0.0,22.732362
2020-03-16 02:00:00,284.0,0.0,0.0,-0.0,436.0,0.0,0.0,22.576747
2020-03-16 03:00:00,284.0,0.0,0.0,-0.0,436.0,0.0,0.0,22.96816
2020-03-16 04:00:00,284.0,0.0,0.0,-0.0,436.0,0.0,0.0,23.128644
2020-03-16 05:00:00,284.0,0.0,0.0,-0.0,436.0,0.0,0.0,41.608856
2020-03-16 06:00:00,284.0,0.0,0.0,16.970947,436.0,0.0,0.0,25.631088
2020-03-16 07:00:00,284.0,0.0,0.0,-0.0,424.0,0.0,0.0,21.647258
2020-03-16 08:00:00,284.0,0.0,0.0,-0.0,364.0,0.0,0.0,19.430296
2020-03-16 09:00:00,284.0,0.0,0.0,-0.0,304.0,0.0,0.0,-0.0
2020-03-16 10:00:00,284.0,0.0,0.0,-0.0,284.0,0.0,0.0,-0.0
2020-03-16 11:00:00,284.0,0.0,0.0,-0.0,284.0,0.0,0.0,-0.0
2020-03-16 12:00:00,284.0,0.0,0.0,-0.0,284.0,0.0,0.0,-0.0
2020-03-16 13:00:00,284.0,0.0,0.0,-0.0,284.0,0.0,0.0,-0.0
2020-03-16 14:00:00,284.0,0.0,0.0,-0.0,284.0,0.0,0.0,-0.0
2020-03-16 15:00:00,284.0,0.0,0.0,-0.0,304.0,0.0,0.0,-0.0
2020-03-16 16:00:00,284.0,0.0,0.0,-0.0,364.0,0.0,0.0,20.400003
2020-03-16 17:00:00,344.0,0.0,0.0,21.116411,424.0,0.0,0.0,26.429316
2020-03-16 18:00:00,404.0,0.0,0.0,28.060329,436.0,0.0,0.0,74.228265
2020-03-16 19:00:00,436.0,0.0,0.0,27.159121,436.0,0.0,0.0,89.687118
2020-03-16 20:00:00,436.0,0.0,0.0,27.687032,424.0,0.0,0.0,26.330107
2020-03-16 21:00:00,436.0,0.0,0.0,24.923047,364.0,0.0,0.0,20.400003
2020-03-16 22:00:00,436.0,0.0,0.0,22.576747,304.0,0.0,0.0,16.733623
2020-03-16 23:00:00,376.0,0.0,0.0,18.463561,292.4,0.0,0.0,0.844732
2020-03-17 00:00:00,436.0,0.0,0.0,21.287879,330.119861,30.0,0.0,18.531796
2020-03-17 01:00:00,376.0,0.0,0.0,14.191367,292.4,0.0,0.0,-0.0
2020-03-17 02:00:00,316.0,0.0,0.0,-0.0,292.4,0.0,0.0,-0.0
2020-03-17 03:00:00,284.0,0.0,0.0,18.072542,323.921613,0.0,0.0,16.663589
2020-03-17 04:00:00,344.0,0.0,0.0,19.430296,383.921613,0.0,0.0,20.400003
2020-03-17 05:00:00,404.0,0.0,0.0,21.288154,365.118619,0.0,0.0,64.208917
2020-03-17 06:00:00,436.0,0.0,0.0,21.843654,305.118619,0.0,0.0,20.846138
2020-03-17 07:00:00,436.0,0.0,0.0,120.400003,294.4,0.0,0.0,-0.0
2020-03-17 08:00:00,376.0,0.0,0.0,-0.0,297.4,0.0,0.0,-0.0
2020-03-17 09:00:00,316.0,0.0,0.0,-0.0,284.0,0.0,0.0,-0.0
2020-03-17 10:00:00,284.0,0.0,0.0,-0.0,284.0,0.0,0.0,-0.0
2020-03-17 11:00:00,284.0,0.0,0.0,-0.0,284.0,0.0,0.0,-0.0
2020-03-17 12:00:00,284.0,0.0,0.0,-0.0,304.0,0.0,0.0,-0.0
2020-03-17 13:00:00,284.0,0.0,0.0,-0.0,364.0,0.0,0.0,26.021947
2020-03-17 14:00:00,284.0,0.0,0.0,-0.0,364.44207,0.0,0.0,23.023528
2020-03-17 15:00:00,284.0,0.0,0.0,-0.0,424.44207,0.0,0.0,21.116714
2020-03-17 16:00:00,284.0,0.0,0.0,-0.0,436.0,0.0,0.0,23.94836
2020-03-17 17:00:00,284.0,0.0,0.0,14.191367,436.0,0.0,0.0,26.755559
2020-03-17 18:00:00,344.0,0.0,0.0,21.843654,436.0,0.0,0.0,68.090984
2020-03-17 19:00:00,404.0,0.0,0.0,20.400003,436.0,0.0,0.0,75.511591
2020-03-17 20:00:00,365.784262,0.0,0.0,18.531796,436.0,0.0,0.0,28.328802
2020-03-17 21:00:00,305.784262,0.0,0.0,15.731586,436.0,0.0,0.0,26.755559
2020-03-17 22:00:00,365.784262,0.0,0.0,22.576747,436.0,0.0,0.0,22.576747
2020-03-17 23:00:00,425.784262,0.0,0.0,22.732362,436.0,0.0,0.0,21.843947
2020-03-18 00:00:00,436.0,0.0,0.0,22.185841,344.0,30.0,0.0,23.128644
2020-03-18 01:00:00,436.0,0.0,0.0,23.128644,404.0,0.0,0.0,21.843654
2020-03-18 02:00:00,376.0,0.0,0.0,-0.0,364.0,0.0,0.0,22.492854
2020-03-18 03:00:00,316.0,0.0,0.0,-0.0,304.0,0.0,0.0,-0.0
2020-03-18 04:00:00,284.0,0.0,0.0,-0.0,364.0,0.0,0.0,21.288154
2020-03-18 05:00:00,284.0,0.0,0.0,-0.0,424.0,0.0,0.0,45.739002
2020-03-18 06:00:00,284.0,0.0,0.0,-0.0,364.0,0.0,0.0,18.60404
2020-03-18 07:00:00,284.0,0.0,0.0,-0.0,304.0,0.0,0.0,-0.0
2020-03-18 08:00:00,284.0,0.0,0.0,-0.0,297.4,0.0,0.0,-0.0
2020-03-18 09:00:00,284.0,0.0,0.0,-0.0,291.4,0.0,0.0,-0.0
2020-03-18 10:00:00,284.0,0.0,0.0,-0.0,289.4,0.0,0.0,-0.0
2020-03-18 11:00:00,284.0,0.0,0.0,-0.0,284.0,0.0,0.0,-0.0
2020-03-18 12:00:00,284.0,0.0,0.0,-0.0,284.0,0.0,0.0,-0.0
2020-03-18 13:00:00,284.0,0.0,0.0,-0.0,284.0,0.0,0.0,-0.0
2020-03-18 14:00:00,284.0,0.0,0.0,-0.0,284.0,0.0,0.0,-0.0
2020-03-18 15:00:00,284.0,0.0,0.0,-0.0,286.4,0.0,0.0,-0.0
2020-03-18 16:00:00,284.0,0.0,0.0,-0.0,304.0,0.0,0.0,-0.0
2020-03-18 17:00:00,284.0,0.0,0.0,-0.0,364.0,0.0,0.0,44.428201
2020-03-18 18:00:00,284.0,0.0,0.0,-0.0,424.0,0.0,0.0,87.719842
2020-03-18 19:00:00,284.0,0.0,0.0,16.212661,436.0,0.0,0.0,73.938034
2020-03-18 20:00:00,284.0,0.0,0.0,12.446703,424.0,0.0,0.0,26.755559
2020-03-18 21:00:00,330.330077,0.0,0.0,18.531796,364.0,0.0,0.0,22.732362
2020-03-18 22:00:00,335.381045,0.0,0.0,18.531796,304.0,0.0,0.0,-0.0
2020-03-18 23:00:00,395.381045,0.0,0.0,22.96816,304.0,0.0,0.0,0.0
2020-03-19 00:00:00,436.0,60.0,0.0,283.035526,338.516466,30.0,0.0,16.217455
2020-03-19 01:00:00,436.0,90.0,0.0,1000.0,398.516466,0.0,0.0,20.846138
2020-03-19 02:00:00,436.0,90.0,0.0,1000.0,436.0,0.0,0.0,20.846138
2020-03-19 03:00:00,436.0,38.59297,0.0,141.716991,397.400784,0.0,0.0,20.846138
2020-03-19 04:00:00,436.0,0.0,0.0,126.324557,337.400784,0.0,0.0,18.463561
2020-03-19 05:00:00,436.0,27.669417,0.0,141.716991,364.0,0.0,0.0,38.134758
2020-03-19 06:00:00,436.0,87.669417,0.0,1000.0,304.0,0.0,0.0,15.775714
2020-03-19 07:00:00,436.0,90.0,0.0,1000.0,305.342575,0.0,0.0,-0.0
2020-03-19 08:00:00,436.0,30.0,0.0,121.843654,296.61368,0.0,0.0,-0.0
2020-03-19 09:00:00,376.0,0.0,0.0,-0.0,291.486908,0.0,0.0,-0.0
2020-03-19 10:00:00,316.0,0.0,0.0,16.970947,305.94083,0.0,0.0,-0.0
2020-03-19 11:00:00,284.0,0.0,0.0,-0.0,287.74075,0.0,0.0,-0.0
2020-03-19 12:00:00,284.0,0.0,0.0,-0.0,290.002324,0.0,0.0,-0.0
2020-03-19 13:00:00,284.0,0.0,0.0,-0.0,299.734254,0.0,0.0,-0.0
2020-03-19 14:00:00,284.0,0.0,0.0,-0.0,294.244965,0.0,0.0,-0.0
2020-03-19 15:00:00,284.0,0.0,0.0,-0.0,293.333163,0.0,0.0,-0.0
2020-03-19 16:00:00,284.0,0.0,0.0,-0.0,353.333163,0.0,0.0,18.92679
2020-03-19 17:00:00,284.0,0.0,0.0,-0.0,413.333163,0.0,0.0,26.007126
2020-03-19 18:00:00,344.0,0.0,0.0,18.573789,436.0,0.0,0.0,74.645402
2020-03-19 19:00:00,404.0,0.0,0.0,25.248115,436.0,0.0,0.0,70.622155
2020-03-19 20:00:00,436.0,0.0,0.0,21.23875,436.0,0.0,0.0,37.436742
2020-03-19 21:00:00,376.0,0.0,0.0,-0.0,419.922802,0.0,0.0,18.531796
2020-03-19 22:00:00,436.0,0.0,0.0,19.983547,364.0,0.0,0.0,19.983547
2020-03-19 23:00:00,412.973625,0.0,0.0,18.531796,304.0,0.0,0.0,-0.0
2020-03-20 00:00:00,368.010639,0.0,0.0,18.531796,344.0,30.0,0.0,21.116714
2020-03-20 01:00:00,428.010639,0.0,0.0,22.516066,404.0,0.0,0.0,21.843654
2020-03-20 02:00:00,436.0,0.0,0.0,22.732362,436.0,0.0,0.0,23.437807
2020-03-20 03:00:00,436.0,0.0,0.0,22.732362,436.0,0.0,0.0,22.96816
2020-03-20 04:00:00,436.0,0.0,0.0,23.128644,436.0,0.0,0.0,23.128644
2020-03-20 05:00:00,436.0,0.0,0.0,25.9087,436.0,0.0,0.0,23.772202
2020-03-20 06:00:00,436.0,0.0,0.0,23.206766,436.0,0.0,0.0,21.647258
2020-03-20 07:00:00,436.0,0.0,0.0,21.647258,382.533583,0.0,0.0,19.983547
2020-03-20 08:00:00,436.0,0.0,0.0,19.430296,322.533583,0.0,0.0,17.080045
2020-03-20 09:00:00,436.0,0.0,0.0,21.287879,376.034161,0.0,0.0,18.531796
2020-03-20 10:00:00,379.258566,0.0,0.0,18.531796,429.653205,0.0,0.0,18.531796
2020-03-20 11:00:00,319.258566,0.0,0.0,-0.0,436.0,0.0,0.0,19.983547
2020-03-20 12:00:00,284.0,0.0,0.0,16.970947,436.0,0.0,0.0,21.647258
2020-03-20 13:00:00,284.0,0.0,0.0,18.463561,436.0,0.0,0.0,21.843654
2020-03-20 14:00:00,338.442448,0.0,0.0,18.531796,436.0,0.0,0.0,22.732362
2020-03-20 15:00:00,398.442448,0.0,0.0,21.116714,436.0,0.0,0.0,21.119221
2020-03-20 16:00:00,360.161739,0.0,0.0,18.531796,436.0,0.0,0.0,21.647258
2020-03-20 17:00:00,420.161739,0.0,0.0,21.116714,436.0,0.0,0.0,24.488098
2020-03-20 18:00:00,436.0,0.0,0.0,23.128644,436.0,0.0,0.0,69.727604
2020-03-20 19:00:00,436.0,0.0,0.0,24.367365,436.0,0.0,0.0,73.201718
2020-03-20 20:00:00,436.0,0.0,0.0,23.206766,436.0,0.0,0.0,26.324557
2020-03-20 21:00:00,436.0,0.0,0.0,23.437807,436.0,0.0,0.0,26.638497
2020-03-20 22:00:00,436.0,0.0,0.0,23.87513,436.0,0.0,0.0,25.088231
2020-03-20 23:00:00,436.0,0.0,0.0,23.657594,436.0,0.0,0.0,21.647258
2020-03-21 00:00:00,436.0,0.0,0.0,23.437807,344.0,30.0,0.0,21.116411
2020-03-21 01:00:00,436.0,0.0,0.0,22.96816,404.0,0.0,0.0,20.400003
2020-03-21 02:00:00,436.0,0.0,0.0,21.647258,436.0,0.0,0.0,19.983547
2020-03-21 03:00:00,436.0,0.0,0.0,21.647258,436.0,0.0,0.0,21.474047
2020-03-21 04:00:00,436.0,0.0,0.0,19.983547,436.0,0.0,0.0,22.576747
2020-03-21 05:00:00,376.0,0.0,0.0,14.191367,425.807406,0.0,0.0,75.76514
2020-03-21 06:00:00,316.0,0.0,0.0,-0.0,365.807406,0.0,0.0,21.647258
2020-03-21 07:00:00,284.0,0.0,0.0,-0.0,305.807406,0.0,0.0,11.94669
2020-03-21 08:00:00,284.0,0.0,0.0,-0.0,293.4,0.0,0.0,-0.0
2020-03-21 09:00:00,284.0,0.0,0.0,-0.0,296.4,0.0,0.0,-0.0
2020-03-21 10:00:00,284.0,0.0,0.0,-0.0,304.0,0.0,0.0,-0.0
2020-03-21 11:00:00,284.0,0.0,0.0,-0.0,304.0,0.0,0.0,-0.0
2020-03-21 12:00:00,284.0,0.0,0.0,-0.0,304.0,0.0,0.0,-0.0
2020-03-21 13:00:00,284.0,0.0,0.0,-0.0,304.0,0.0,0.0,-0.0
2020-03-21 14:00:00,284.0,0.0,0.0,-0.0,304.0,0.0,0.0,-0.0
2020-03-21 15:00:00,284.0,0.0,0.0,-0.0,291.4,0.0,0.0,-0.0
2020-03-21 16:00:00,284.0,0.0,0.0,-0.0,341.79358,0.0,0.0,18.729981
2020-03-21 17:00:00,284.0,0.0,0.0,14.191367,401.79358,0.0,0.0,25.939745
2020-03-21 18:00:00,344.0,0.0,0.0,24.934947,436.0,0.0,0.0,76.647319
2020-03-21 19:00:00,404.0,0.0,0.0,126.948976,436.0,0.0,0.0,72.354205
2020-03-21 20:00:00,436.0,0.0,0.0,26.324557,436.0,0.0,0.0,23.437807
2020-03-21 21:00:00,436.0,0.0,0.0,23.437807,436.0,0.0,0.0,23.018165
2020-03-21 22:00:00,436.0,0.0,0.0,22.96816,436.0,0.0,0.0,21.843654
2020-03-21 23:00:00,436.0,0.0,0.0,22.492854,436.0,0.0,0.0,21.116411
2020-03-22 00:00:00,436.0,0.0,0.0,23.128644,344.0,30.0,0.0,22.576747
2020-03-22 01:00:00,436.0,0.0,0.0,23.128644,404.0,0.0,0.0,23.657594
2020-03-22 02:00:00,436.0,0.0,0.0,22.516066,436.0,0.0,0.0,23.437807
2020-03-22 03:00:00,436.0,0.0,0.0,21.647258,436.0,0.0,0.0,23.437807
2020-03-22 04:00:00,436.0,0.0,0.0,21.288154,436.0,0.0,0.0,23.657594
2020-03-22 05:00:00,436.0,0.0,0.0,21.647258,436.0,0.0,0.0,37.739751
2020-03-22 06:00:00,436.0,0.0,0.0,21.99146,417.379874,0.0,0.0,21.116411
2020-03-22 07:00:00,376.0,0.0,0.0,17.641822,364.0,0.0,0.0,18.573789
2020-03-22 08:00:00,316.0,0.0,0.0,-0.0,304.0,0.0,0.0,-0.0
2020-03-22 09:00:00,284.0,0.0,0.0,-0.0,284.4,0.0,0.0,-0.0
2020-03-22 10:00:00,284.0,0.0,0.0,-0.0,304.0,0.0,0.0,-0.0
2020-03-22 11:00:00,284.0,0.0,0.0,-0.0,284.0,0.0,0.0,-0.0
2020-03-22 12:00:00,284.0,0.0,0.0,-0.0,284.0,0.0,0.0,-0.0
2020-03-22 13:00:00,284.0,0.0,0.0,-0.0,284.0,0.0,0.0,-0.0
2020-03-22 14:00:00,284.0,0.0,0.0,18.072542,344.0,0.0,0.0,18.072542
2020-03-22 15:00:00,344.0,0.0,0.0,21.116714,404.0,0.0,0.0,19.430296
2020-03-22 16:00:00,369.158977,0.0,0.0,18.531796,436.0,0.0,0.0,21.647258
2020-03-22 17:00:00,429.158977,0.0,0.0,20.400003,436.0,0.0,0.0,26.22358
2020-03-22 18:00:00,436.0,0.0,0.0,28.549561,436.0,0.0,0.0,75.221359
2020-03-22 19:00:00,436.0,5.11701,0.0,141.716991,436.0,0.0,0.0,72.229093
2020-03-22 20:00:00,436.0,0.0,0.0,41.614694,436.0,0.0,0.0,25.9087
2020-03-22 21:00:00,436.0,0.0,0.0,28.612174,436.0,0.0,0.0,23.206766
2020-03-22 22:00:00,436.0,0.0,0.0,24.542136,436.0,0.0,0.0,22.516066
2020-03-22 23:00:00,436.0,0.0,0.0,22.96816,436.0,0.0,0.0,21.647258
2020-03-23 00:00:00,436.0,0.0,0.0,23.437807,344.0,30.0,0.0,21.843654
2020-03-23 01:00:00,436.0,0.0,0.0,23.206766,404.0,0.0,0.0,22.492854
2020-03-23 02:00:00,436.0,0.0,0.0,23.128644,436.0,0.0,0.0,22.732362
2020-03-23 03:00:00,436.0,0.0,0.0,23.128644,436.0,0.0,0.0,23.128644
2020-03-23 04:00:00,436.0,0.0,0.0,23.206766,436.0,0.0,0.0,23.657594
2020-03-23 05:00:00,436.0,0.0,0.0,25.9087,424.0,0.0,0.0,41.276435
2020-03-23 06:00:00,436.0,0.0,0.0,126.790897,364.0,0.0,0.0,21.647258
2020-03-23 07:00:00,436.0,0.0,0.0,22.492854,304.0,0.0,0.0,-0.0
2020-03-23 08:00:00,376.0,0.0,0.0,16.970947,293.4,0.0,0.0,-0.0
2020-03-23 09:00:00,316.0,0.0,0.0,-0.0,284.0,0.0,0.0,-0.0
2020-03-23 10:00:00,284.0,0.0,0.0,-0.0,284.0,0.0,0.0,-0.0
2020-03-23 11:00:00,284.0,0.0,0.0,-0.0,284.0,0.0,0.0,-0.0
2020-03-23 12:00:00,284.0,0.0,0.0,-0.0,284.0,0.0,0.0,17.374646
2020-03-23 13:00:00,284.0,0.0,0.0,-0.0,304.0,0.0,0.0,15.926503
2020-03-23 14:00:00,284.0,0.0,0.0,-0.0,364.0,0.0,0.0,19.685338
2020-03-23 15:00:00,284.0,0.0,0.0,-0.0,424.0,0.0,0.0,19.983547
2020-03-23 16:00:00,284.0,0.0,0.0,-0.0,436.0,0.0,0.0,21.474047
2020-03-23 17:00:00,344.0,0.0,0.0,19.983547,436.0,0.0,0.0,26.423756
2020-03-23 18:00:00,404.0,0.0,0.0,24.214247,436.0,0.0,0.0,75.451757
2020-03-23 19:00:00,436.0,0.0,0.0,24.487545,436.0,0.0,0.0,71.606065
2020-03-23 20:00:00,436.0,0.0,0.0,23.206766,436.0,0.0,0.0,27.410464
2020-03-23 21:00:00,436.0,0.0,0.0,22.576747,436.0,0.0,0.0,25.095594
2020-03-23 22:00:00,436.0,0.0,0.0,24.285484,436.0,0.0,0.0,21.474047
2020-03-23 23:00:00,436.0,0.0,0.0,21.287879,436.0,0.0,0.0,19.983547
2020-03-24 00:00:00,436.0,0.0,0.0,20.400003,344.0,30.0,0.0,19.983547
2020-03-24 01:00:00,436.0,0.0,0.0,21.287879,404.0,0.0,0.0,20.846138
2020-03-24 02:00:00,436.0,0.0,0.0,21.116714,436.0,0.0,0.0,21.116714
2020-03-24 03:00:00,436.0,0.0,0.0,21.288154,436.0,0.0,0.0,21.647258
2020-03-24 04:00:00,436.0,0.0,0.0,22.492854,436.0,0.0,0.0,22.96816
2020-03-24 05:00:00,436.0,0.0,0.0,23.437807,436.0,0.0,0.0,48.127291
2020-03-24 06:00:00,436.0,60.0,0.0,280.882499,436.0,0.0,0.0,22.492854
2020-03-24 07:00:00,436.0,0.0,0.0,22.96816,383.910061,0.0,0.0,19.685338
2020-03-24 08:00:00,436.0,0.0,0.0,18.573789,323.910061,0.0,0.0,18.072542
2020-03-24 09:00:00,376.0,0.0,0.0,-0.0,284.0,0.0,0.0,-0.0
2020-03-24 10:00:00,316.0,0.0,0.0,-0.0,284.0,0.0,0.0,-0.0
2020-03-24 11:00:00,284.0,0.0,0.0,-0.0,284.0,0.0,0.0,-0.0
2020-03-24 12:00:00,284.0,0.0,0.0,-0.0,284.0,0.0,0.0,-0.0
2020-03-24 13:00:00,284.0,0.0,0.0,-0.0,284.0,0.0,0.0,-0.0
2020-03-24 14:00:00,284.0,0.0,0.0,-0.0,295.4,0.0,0.0,-0.0
2020-03-24 15:00:00,284.0,0.0,0.0,-0.0,355.4,0.0,0.0,19.430296
2020-03-24 16:00:00,284.0,0.0,0.0,-0.0,415.4,0.0,0.0,21.116714
2020-03-24 17:00:00,328.80302,0.0,0.0,18.531796,436.0,0.0,0.0,21.118653
2020-03-24 18:00:00,388.80302,0.0,0.0,23.87513,436.0,0.0,0.0,76.504181
2020-03-24 19:00:00,436.0,0.0,0.0,23.192161,436.0,0.0,0.0,73.333735
2020-03-24 20:00:00,436.0,0.0,0.0,21.99146,436.0,0.0,0.0,23.973246
2020-03-24 21:00:00,436.0,0.0,0.0,20.726727,424.0,0.0,0.0,21.99146
2020-03-24 22:00:00,376.0,0.0,0.0,18.208373,364.0,0.0,0.0,18.806109
2020-03-24 23:00:00,316.0,0.0,0.0,13.557277,304.0,0.0,0.0,18.185241
2020-03-25 00:00:00,284.0,0.0,0.0,12.446703,335.779209,2.0,0.0,18.531796
2020-03-25 01:00:00,284.0,0.0,0.0,-0.0,284.0,0.0,0.0,-0.0
2020-03-25 02:00:00,284.0,0.0,0.0,-0.0,284.0,0.0,0.0,-0.0
2020-03-25 03:00:00,284.0,0.0,0.0,-0.0,304.0,0.0,0.0,-0.0
2020-03-25 04:00:00,284.0,0.0,0.0,18.072542,364.0,0.0,0.0,20.846138
2020-03-25 05:00:00,344.0,0.0,0.0,21.647258,424.0,0.0,0.0,76.110305
2020-03-25 06:00:00,404.0,0.0,0.0,126.755559,364.0,0.0,0.0,21.647258
2020-03-25 07:00:00,436.0,60.0,0.0,281.857535,304.0,0.0,0.0,-0.0
2020-03-25 08:00:00,436.0,0.0,0.0,19.983547,284.0,0.0,0.0,-0.0
2020-03-25 09:00:00,376.0,0.0,0.0,-0.0,284.0,0.0,0.0,-0.0
2020-03-25 10:00:00,316.0,0.0,0.0,-0.0,284.0,0.0,0.0,-0.0
2020-03-25 11:00:00,284.0,0.0,0.0,-0.0,284.0,0.0,0.0,-0.0
2020-03-25 12:00:00,284.0,0.0,0.0,-0.0,284.0,0.0,0.0,-0.0
2020-03-25 13:00:00,284.0,0.0,0.0,-0.0,284.0,0.0,0.0,-0.0
2020-03-25 14:00:00,284.0,0.0,0.0,-0.0,284.0,0.0,0.0,-0.0
2020-03-25 15:00:00,284.0,0.0,0.0,-0.0,304.0,0.0,0.0,-0.0
2020-03-25 16:00:00,284.0,0.0,0.0,-0.0,364.0,0.0,0.0,20.316048
2020-03-25 17:00:00,344.0,0.0,0.0,20.400003,424.0,0.0,0.0,26.790897
2020-03-25 18:00:00,404.0,0.0,0.0,25.9087,436.0,0.0,0.0,97.866991
2020-03-25 19:00:00,436.0,0.0,0.0,26.429316,424.0,0.0,0.0,76.757632
2020-03-25 20:00:00,436.0,0.0,0.0,23.128644,364.0,0.0,0.0,18.600032
2020-03-25 21:00:00,436.0,0.0,0.0,22.732362,304.0,0.0,0.0,18.463561
2020-03-25 22:00:00,436.0,0.0,0.0,21.843654,292.4,0.0,0.0,-0.0
2020-03-25 23:00:00,399.509408,0.0,0.0,18.531796,292.4,0.0,0.0,-0.0
2020-03-26 00:00:00,436.0,0.0,0.0,21.843654,284.0,30.0,0.0,-0.0
2020-03-26 01:00:00,436.0,60.0,0.0,1000.0,292.4,0.0,0.0,-0.0
2020-03-26 02:00:00,436.0,90.0,0.0,281.857535,291.4,0.0,0.0,-0.0
2020-03-26 03:00:00,436.0,90.0,0.0,1000.0,291.4,0.0,0.0,-0.0
2020-03-26 04:00:00,436.0,90.0,0.0,1000.0,291.4,0.0,0.0,-0.0
2020-03-26 05:00:00,436.0,90.0,0.0,1000.0,315.326452,0.0,0.0,-0.0
2020-03-26 06:00:00,436.0,90.0,0.0,1091.313411,295.4,0.0,0.0,-0.0
2020-03-26 07:00:00,436.0,90.0,0.0,1000.0,296.4,0.0,0.0,-0.0
2020-03-26 08:00:00,436.0,30.0,0.0,121.116714,299.111306,0.0,0.0,-0.0
2020-03-26 09:00:00,376.0,0.0,0.0,-0.0,304.565316,0.0,0.0,-0.0
2020-03-26 10:00:00,316.0,0.0,0.0,-0.0,294.4,0.0,0.0,-0.0
2020-03-26 11:00:00,284.0,0.0,0.0,-0.0,284.0,0.0,0.0,-0.0
2020-03-26 12:00:00,284.0,0.0,0.0,-0.0,284.0,0.0,0.0,-0.0
2020-03-26 13:00:00,284.0,0.0,0.0,-0.0,284.0,0.0,0.0,-0.0
2020-03-26 14:00:00,284.0,0.0,0.0,-0.0,284.0,0.0,0.0,-0.0
2020-03-26 15:00:00,284.0,0.0,0.0,-0.0,304.0,0.0,0.0,0.0
2020-03-26 16:00:00,284.0,0.0,0.0,-0.0,364.0,0.0,0.0,21.287879
2020-03-26 17:00:00,284.0,0.0,0.0,-0.0,424.0,0.0,0.0,72.380606
2020-03-26 18:00:00,344.0,0.0,0.0,126.324557,436.0,0.0,0.0,77.51334
2020-03-26 19:00:00,404.0,0.0,0.0,126.324557,424.0,0.0,0.0,49.239293
2020-03-26 20:00:00,386.700197,0.0,0.0,123.255799,364.0,0.0,0.0,21.287879
2020-03-26 21:00:00,436.0,0.0,0.0,21.118653,304.0,0.0,0.0,7.888471
2020-03-26 22:00:00,436.0,0.0,0.0,22.96816,284.0,0.0,0.0,0.0
2020-03-26 23:00:00,436.0,0.0,0.0,21.843654,284.0,0.0,0.0,-0.0
2020-03-27 00:00:00,426.0,29.220327,0.0,124.21484,311.853861,30.0,0.0,18.531796
2020-03-27 01:00:00,426.0,80.0,0.0,168.49794,293.4,0.0,0.0,18.531796
2020-03-27 02:00:00,366.0,20.0,0.0,119.446534,284.0,0.0,0.0,-0.0
2020-03-27 03:00:00,426.0,0.0,0.0,21.413908,284.0,0.0,0.0,-0.0
2020-03-27 04:00:00,369.841318,0.0,0.0,119.446534,284.0,0.0,0.0,-0.0
2020-03-27 05:00:00,309.841318,0.0,0.0,16.212661,284.0,0.0,0.0,-0.0
2020-03-27 06:00:00,317.075286,0.0,0.0,18.531796,287.4,0.0,0.0,-0.0
2020-03-27 07:00:00,284.0,0.0,0.0,-0.0,297.4,0.0,0.0,-0.0
2020-03-27 08:00:00,284.0,0.0,0.0,-0.0,294.4,0.0,0.0,-0.0
2020-03-27 09:00:00,284.0,0.0,0.0,-0.0,284.0,0.0,0.0,-0.0
2020-03-27 10:00:00,284.0,0.0,0.0,-0.0,296.4,0.0,0.0,-0.0
2020-03-27 11:00:00,284.0,0.0,0.0,-0.0,295.4,0.0,0.0,-0.0
2020-03-27 12:00:00,284.0,0.0,0.0,-0.0,295.4,0.0,0.0,-0.0
2020-03-27 13:00:00,284.0,0.0,0.0,-0.0,295.4,0.0,0.0,-0.0
2020-03-27 14:00:00,284.0,0.0,0.0,-0.0,303.214647,0.0,0.0,-0.0
2020-03-27 15:00:00,284.0,0.0,0.0,-0.0,334.152406,0.0,0.0,19.84362
2020-03-27 16:00:00,284.0,0.0,0.0,18.072542,376.0,0.0,0.0,20.846138
2020-03-27 17:00:00,344.0,0.0,0.0,21.843654,436.0,0.0,0.0,26.437504
2020-03-27 18:00:00,404.0,0.0,0.0,27.274563,436.0,0.0,0.0,66.603836
2020-03-27 19:00:00,436.0,0.0,0.0,27.755129,436.0,0.0,0.0,81.163241
2020-03-27 20:00:00,436.0,0.0,0.0,30.277405,436.0,0.0,0.0,23.366674
2020-03-27 21:00:00,436.0,0.0,0.0,30.277405,436.0,0.0,0.0,22.45025
2020-03-27 22:00:00,436.0,0.0,0.0,26.755559,436.0,0.0,0.0,21.118653
2020-03-27 23:00:00,436.0,0.0,0.0,26.324557,436.0,0.0,0.0,22.492854
2020-03-28 00:00:00,436.0,0.0,0.0,26.790897,410.0,30.0,0.0,23.774037
2020-03-28 01:00:00,436.0,0.0,0.0,27.050889,436.0,0.0,0.0,23.206766
2020-03-28 02:00:00,436.0,0.0,0.0,26.790897,436.0,0.0,0.0,23.128644
2020-03-28 03:00:00,436.0,0.0,0.0,26.429316,436.0,0.0,0.0,26.429316
2020-03-28 04:00:00,436.0,0.0,0.0,26.790897,436.0,0.0,0.0,27.050889
2020-03-28 05:00:00,436.0,0.0,0.0,26.790897,424.0,0.0,0.0,37.702923
2020-03-28 06:00:00,436.0,0.0,0.0,26.790897,364.0,0.0,0.0,21.474047
2020-03-28 07:00:00,436.0,0.0,0.0,21.116714,304.0,0.0,0.0,-0.0
2020-03-28 08:00:00,376.0,0.0,0.0,-0.0,284.0,0.0,0.0,-0.0
2020-03-28 09:00:00,316.0,0.0,0.0,-0.0,284.0,0.0,0.0,-0.0
2020-03-28 10:00:00,284.0,0.0,0.0,-0.0,304.0,0.0,0.0,-0.0
2020-03-28 11:00:00,284.0,0.0,0.0,-0.0,364.0,0.0,0.0,20.400003
2020-03-28 12:00:00,284.0,0.0,0.0,-0.0,424.0,0.0,0.0,20.400003
2020-03-28 13:00:00,284.0,0.0,0.0,-0.0,436.0,0.0,0.0,20.846138
2020-03-28 14:00:00,284.0,0.0,0.0,-0.0,435.631039,0.0,0.0,19.685338
2020-03-28 15:00:00,293.720541,0.0,0.0,18.531796,436.0,0.0,0.0,20.846138
2020-03-28 16:00:00,353.720541,0.0,0.0,22.96816,436.0,0.0,0.0,23.128644
2020-03-28 17:00:00,413.720541,0.0,0.0,23.437807,436.0,0.0,0.0,53.006601
2020-03-28 18:00:00,436.0,0.0,0.0,130.530112,436.0,0.0,0.0,79.2628
2020-03-28 19:00:00,436.0,10.422065,0.0,141.716991,436.0,0.0,0.0,28.895546
2020-03-28 20:00:00,436.0,70.422065,0.0,423.871266,436.0,0.0,0.0,23.7906
2020-03-28 21:00:00,436.0,90.0,0.0,171.149073,436.0,0.0,0.0,27.276912
2020-03-28 22:00:00,436.0,90.0,0.0,1000.0,436.0,0.0,0.0,21.227782
2020-03-28 23:00:00,436.0,90.0,0.0,273.657594,413.350508,0.0,0.0,19.989315
2020-03-29 00:00:00,436.0,30.0,0.0,20.846138,290.0,30.0,0.0,-0.0
2020-03-29 01:00:00,436.0,0.0,0.0,121.287879,289.7,0.0,0.0,-0.0
2020-03-29 02:00:00,436.0,0.0,0.0,121.647258,293.7,0.0,0.0,-0.0
2020-03-29 03:00:00,436.0,0.0,0.0,121.647258,284.0,0.0,0.0,-0.0
2020-03-29 04:00:00,376.0,0.0,0.0,16.970947,284.0,0.0,0.0,-0.0
2020-03-29 05:00:00,316.0,0.0,0.0,-0.0,284.0,0.0,0.0,-0.0
2020-03-29 06:00:00,284.0,0.0,0.0,-0.0,284.0,0.0,0.0,-0.0
2020-03-29 07:00:00,284.0,0.0,0.0,-0.0,284.0,0.0,0.0,-0.0
2020-03-29 08:00:00,284.0,0.0,0.0,-0.0,288.7,0.0,0.0,-0.0
2020-03-29 09:00:00,284.0,0.0,0.0,-0.0,303.2446,0.0,0.0,-0.0
2020-03-29 10:00:00,284.0,0.0,0.0,-0.0,327.116578,0.0,0.0,-0.0
2020-03-29 11:00:00,284.0,0.0,0.0,-0.0,319.581302,0.0,0.0,-0.0
2020-03-29 12:00:00,284.0,0.0,0.0,-0.0,313.403139,0.0,0.0,-0.0
2020-03-29 13:00:00,284.0,0.0,0.0,-0.0,307.201983,0.0,0.0,-0.0
2020-03-29 14:00:00,284.0,0.0,0.0,-0.0,307.642647,0.0,0.0,-0.0
2020-03-29 15:00:00,284.0,0.0,0.0,-0.0,299.156,0.0,0.0,-0.0
2020-03-29 16:00:00,284.0,0.0,0.0,-0.0,304.0,0.0,0.0,-0.0
2020-03-29 17:00:00,284.0,0.0,0.0,-0.0,364.0,0.0,0.0,44.039829
2020-03-29 18:00:00,284.0,0.0,0.0,16.212661,424.0,0.0,0.0,60.862097
2020-03-29 19:00:00,344.0,0.0,0.0,19.133765,436.0,0.0,0.0,75.221359
2020-03-29 20:00:00,284.0,0.0,0.0,-0.0,436.0,0.0,0.0,25.9087
2020-03-29 21:00:00,284.0,0.0,0.0,-0.0,436.0,0.0,0.0,24.806185
2020-03-29 22:00:00,284.0,0.0,0.0,-0.0,436.0,0.0,0.0,23.206766
2020-03-29 23:00:00,284.0,0.0,0.0,-0.0,436.0,0.0,0.0,22.516066
2020-03-30 00:00:00,284.0,0.0,0.0,-0.0,344.0,2.0,0.0,19.685338
2020-03-30 01:00:00,284.0,0.0,0.0,-0.0,347.041306,0.0,0.0,18.991051
2020-03-30 02:00:00,284.0,0.0,0.0,-0.0,294.7,0.0,0.0,12.679045
2020-03-30 03:00:00,284.0,0.0,0.0,-0.0,296.7,0.0,0.0,-0.0
2020-03-30 04:00:00,284.0,0.0,0.0,-0.0,297.7,0.0,0.0,-0.0
2020-03-30 05:00:00,344.0,0.0,0.0,21.287879,296.7,0.0,0.0,-0.0
2020-03-30 06:00:00,404.0,0.0,0.0,125.9087,304.0,0.0,0.0,-0.0
2020-03-30 07:00:00,436.0,0.0,0.0,122.732362,304.0,0.0,0.0,-0.0
2020-03-30 08:00:00,436.0,0.0,0.0,21.474047,364.0,0.0,0.0,20.400003
2020-03-30 09:00:00,436.0,0.0,0.0,20.400003,424.0,0.0,0.0,22.721717
2020-03-30 10:00:00,376.0,0.0,0.0,-0.0,436.0,0.0,0.0,29.703261
2020-03-30 11:00:00,316.0,0.0,0.0,-0.0,436.0,0.0,0.0,21.647258
2020-03-30 12:00:00,284.0,0.0,0.0,-0.0,434.21466,0.0,0.0,21.116714
2020-03-30 13:00:00,284.0,0.0,0.0,-0.0,374.21466,0.0,0.0,19.685338
2020-03-30 14:00:00,284.0,0.0,0.0,-0.0,346.213039,0.0,0.0,18.573789
2020-03-30 15:00:00,284.0,0.0,0.0,-0.0,304.0,0.0,0.0,-0.0
2020-03-30 16:00:00,344.0,0.0,0.0,19.983547,364.0,0.0,0.0,19.983547
2020-03-30 17:00:00,404.0,0.0,0.0,23.43222,424.0,0.0,0.0,25.9087
2020-03-30 18:00:00,436.0,0.0,0.0,28.433278,436.0,0.0,0.0,86.957397
2020-03-30 19:00:00,436.0,25.883205,0.0,141.716991,436.0,0.0,0.0,77.434199
2020-03-30 20:00:00,436.0,85.883205,0.0,233.245221,436.0,0.0,0.0,21.647258
2020-03-30 21:00:00,436.0,90.0,0.0,1091.313411,402.855706,0.0,0.0,19.685338
2020-03-30 22:00:00,436.0,90.0,0.0,1091.313411,342.855706,0.0,0.0,10.660172
2020-03-30 23:00:00,436.0,90.0,0.0,1000.0,302.565065,0.0,0.0,7.913617
2020-03-31 00:00:00,436.0,90.0,0.0,1000.0,290.0,30.0,0.0,-0.0
2020-03-31 01:00:00,436.0,75.009219,0.0,141.716991,297.7,0.0,0.0,-0.0
2020-03-31 02:00:00,436.0,90.0,0.0,1000.0,297.7,0.0,0.0,-0.0
2020-03-31 03:00:00,436.0,80.0,0.0,233.035526,304.0,0.0,0.0,-0.0
2020-03-31 04:00:00,436.0,20.0,0.0,127.050889,364.0,0.0,0.0,45.877223
2020-03-31 05:00:00,436.0,0.0,0.0,126.892495,304.0,0.0,0.0,-0.0
2020-03-31 06:00:00,436.0,0.0,0.0,136.124055,364.0,0.0,0.0,28.637259
2020-03-31 07:00:00,436.0,0.0,0.0,22.516066,424.0,0.0,0.0,21.474047
2020-03-31 08:00:00,436.0,0.0,0.0,22.96816,364.0,0.0,0.0,39.09137
2020-03-31 09:00:00,436.0,0.0,0.0,123.128644,304.0,0.0,0.0,-0.0
2020-03-31 10:00:00,436.0,0.0,0.0,21.474047,364.0,0.0,0.0,21.116463
2020-03-31 11:00:00,436.0,0.0,0.0,21.116411,424.0,0.0,0.0,25.325314
2020-03-31 12:00:00,436.0,0.0,0.0,21.536588,436.0,0.0,0.0,22.199371
2020-03-31 13:00:00,436.0,0.0,0.0,22.491206,436.0,0.0,0.0,26.953037
2020-03-31 14:00:00,436.0,0.0,0.0,19.430296,436.0,0.0,0.0,23.859286
2020-03-31 15:00:00,376.0,0.0,0.0,-0.0,436.0,0.0,0.0,23.206766
2020-03-31 16:00:00,316.0,0.0,0.0,-0.0,436.0,0.0,0.0,23.206766
2020-03-31 17:00:00,284.0,0.0,0.0,14.191367,436.0,0.0,0.0,62.084944
2020-03-31 18:00:00,344.0,0.0,0.0,22.965832,436.0,0.0,0.0,79.552999
2020-03-31 19:00:00,404.0,0.0,0.0,25.617943,436.0,0.0,0.0,26.755559
2020-03-31 20:00:00,436.0,0.0,0.0,22.617072,436.0,0.0,0.0,26.170788
2020-03-31 21:00:00,436.0,0.0,0.0,22.492854,436.0,0.0,0.0,26.602578
2020-03-31 22:00:00,436.0,0.0,0.0,24.22324,436.0,0.0,0.0,23.437807
2020-03-31 23:00:00,436.0,0.0,0.0,23.453092,436.0,0.0,0.0,23.122912
2020-04-01 00:00:00,436.0,0.0,0.0,21.843654,344.0,30.0,0.0,23.657594
2020-04-01 01:00:00,436.0,0.0,0.0,22.516066,404.0,0.0,0.0,23.128644
2020-04-01 02:00:00,436.0,0.0,0.0,22.516066,436.0,0.0,0.0,22.732362
2020-04-01 03:00:00,436.0,0.0,0.0,22.516066,436.0,0.0,0.0,23.437807
2020-04-01 04:00:00,436.0,0.0,0.0,22.576747,436.0,0.0,0.0,23.128644
2020-04-01 05:00:00,436.0,0.0,0.0,22.96816,424.0,0.0,0.0,40.861475
2020-04-01 06:00:00,436.0,0.0,0.0,126.324557,364.0,0.0,0.0,20.400003
2020-04-01 07:00:00,436.0,0.0,0.0,19.983547,304.0,0.0,0.0,-0.0
2020-04-01 08:00:00,376.0,0.0,0.0,-0.0,284.0,0.0,0.0,-0.0
2020-04-01 09:00:00,316.0,0.0,0.0,-0.0,304.0,0.0,0.0,-0.0
2020-04-01 10:00:00,284.0,0.0,0.0,-0.0,364.0,0.0,0.0,21.287879
2020-04-01 11:00:00,284.0,0.0,0.0,-0.0,424.0,0.0,0.0,20.400003
2020-04-01 12:00:00,284.0,0.0,0.0,-0.0,436.0,0.0,0.0,20.400003
2020-04-01 13:00:00,284.0,0.0,0.0,-0.0,436.0,0.0,0.0,19.983547
2020-04-01 14:00:00,284.0,0.0,0.0,-0.0,436.0,0.0,0.0,21.116411
2020-04-01 15:00:00,284.0,0.0,0.0,-0.0,436.0,0.0,0.0,21.287879
2020-04-01 16:00:00,284.0,0.0,0.0,-0.0,436.0,0.0,0.0,22.732362
2020-04-01 17:00:00,344.0,0.0,0.0,21.287879,436.0,0.0,0.0,21.288154
2020-04-01 18:00:00,404.0,0.0,0.0,23.437807,436.0,0.0,0.0,78.60891
2020-04-01 19:00:00,436.0,0.0,0.0,123.437807,436.0,0.0,0.0,41.101819
2020-04-01 20:00:00,436.0,0.0,0.0,22.732362,424.0,0.0,0.0,26.830634
2020-04-01 21:00:00,426.0,60.0,0.0,161.170901,364.0,0.0,0.0,19.983547
2020-04-01 22:00:00,366.0,0.0,0.0,118.188723,304.0,0.0,0.0,-0.0
2020-04-01 23:00:00,359.077528,0.0,0.0,18.531796,360.901908,0.0,0.0,34.256629
2020-04-02 00:00:00,302.844016,0.0,0.0,18.531796,344.0,30.0,0.0,22.906632
2020-04-02 01:00:00,284.0,0.0,0.0,-0.0,292.4,0.0,0.0,18.531796
2020-04-02 02:00:00,284.0,0.0,0.0,-0.0,289.4,0.0,0.0,-0.0
2020-04-02 03:00:00,284.0,0.0,0.0,-0.0,286.4,0.0,0.0,-0.0
2020-04-02 04:00:00,284.0,0.0,0.0,-0.0,286.4,0.0,0.0,-0.0
2020-04-02 05:00:00,284.0,0.0,0.0,-0.0,296.4,0.0,0.0,-0.0
2020-04-02 06:00:00,284.0,0.0,0.0,-0.0,296.4,0.0,0.0,-0.0
2020-04-02 07:00:00,284.0,0.0,0.0,-0.0,296.4,0.0,0.0,-0.0
2020-04-02 08:00:00,284.0,0.0,0.0,-0.0,296.4,0.0,0.0,-0.0
2020-04-02 09:00:00,284.0,0.0,0.0,-0.0,285.4,0.0,0.0,-0.0
2020-04-02 10:00:00,284.0,0.0,0.0,-0.0,284.0,0.0,0.0,-0.0
2020-04-02 11:00:00,284.0,0.0,0.0,-0.0,284.0,0.0,0.0,-0.0
2020-04-02 12:00:00,284.0,0.0,0.0,-0.0,284.0,0.0,0.0,-0.0
2020-04-02 13:00:00,284.0,0.0,0.0,-0.0,284.0,0.0,0.0,18.072542
2020-04-02 14:00:00,284.0,0.0,0.0,-0.0,314.126827,0.0,0.0,17.591304
2020-04-02 15:00:00,284.0,0.0,0.0,-0.0,374.126827,0.0,0.0,18.573789
2020-04-02 16:00:00,284.0,0.0,0.0,16.970947,434.126827,0.0,0.0,21.221528
2020-04-02 17:00:00,344.0,0.0,0.0,20.400003,436.0,0.0,0.0,26.755559
2020-04-02 18:00:00,404.0,0.0,0.0,24.938378,436.0,0.0,0.0,74.783697
2020-04-02 19:00:00,436.0,0.0,0.0,28.034211,436.0,0.0,0.0,79.649875
2020-04-02 20:00:00,436.0,0.0,0.0,27.347735,424.0,0.0,0.0,26.790897
2020-04-02 21:00:00,436.0,0.0,0.0,23.788996,364.0,0.0,0.0,19.430296
2020-04-02 22:00:00,436.0,0.0,0.0,21.647258,304.0,0.0,0.0,17.591304
2020-04-02 23:00:00,436.0,0.0,0.0,22.516066,364.0,0.0,0.0,18.573789
2020-04-03 00:00:00,436.0,0.0,0.0,23.128644,344.0,30.0,0.0,22.732362
2020-04-03 01:00:00,436.0,0.0,0.0,23.437807,404.0,0.0,0.0,27.165661
2020-04-03 02:00:00,436.0,0.0,0.0,123.437807,364.0,0.0,0.0,20.846138
2020-04-03 03:00:00,436.0,0.0,0.0,125.9087,304.0,0.0,0.0,-0.0
2020-04-03 04:00:00,436.0,9.003455,0.0,141.716991,304.0,0.0,0.0,18.531796
2020-04-03 05:00:00,436.0,69.003455,0.0,227.274616,364.0,0.0,0.0,21.647258
2020-04-03 06:00:00,436.0,90.0,0.0,283.035526,304.0,0.0,0.0,13.671948
2020-04-03 07:00:00,436.0,30.0,0.0,122.96816,304.0,0.0,0.0,-0.0
2020-04-03 08:00:00,436.0,0.0,0.0,127.050889,304.0,0.0,0.0,-0.0
2020-04-03 09:00:00,436.0,60.0,0.0,283.035526,304.0,0.0,0.0,-0.0
2020-04-03 10:00:00,436.0,90.0,0.0,283.035526,304.0,0.0,0.0,-0.0
2020-04-03 11:00:00,436.0,51.743873,0.0,141.716991,364.0,0.0,0.0,25.208988
2020-04-03 12:00:00,436.0,0.0,0.0,122.732362,424.0,0.0,0.0,24.476638
2020-04-03 13:00:00,436.0,0.0,0.0,20.400003,436.0,0.0,0.0,22.877716
2020-04-03 14:00:00,436.0,0.0,0.0,19.983547,436.0,0.0,0.0,21.843654
2020-04-03 15:00:00,426.121443,0.0,0.0,18.531796,436.0,0.0,0.0,22.804537
2020-04-03 16:00:00,436.0,0.0,0.0,19.983547,436.0,0.0,0.0,23.657594
2020-04-03 17:00:00,436.0,0.0,0.0,21.647258,436.0,0.0,0.0,26.772674
2020-04-03 18:00:00,436.0,0.0,0.0,25.9087,436.0,0.0,0.0,77.49793
2020-04-03 19:00:00,436.0,0.0,0.0,26.324557,436.0,0.0,0.0,67.364862
2020-04-03 20:00:00,436.0,0.0,0.0,23.437807,436.0,0.0,0.0,26.755559
2020-04-03 21:00:00,436.0,0.0,0.0,126.324557,436.0,0.0,0.0,22.732362
2020-04-03 22:00:00,436.0,0.0,0.0,23.206766,436.0,0.0,0.0,21.869849
2020-04-03 23:00:00,436.0,0.0,0.0,22.516066,436.0,0.0,0.0,22.96816
2020-04-04 00:00:00,436.0,0.0,0.0,21.474047,344.0,30.0,0.0,21.116411
2020-04-04 01:00:00,436.0,0.0,0.0,21.647258,390.276182,0.0,0.0,19.983547
2020-04-04 02:00:00,436.0,0.0,0.0,21.287879,436.0,0.0,0.0,20.846138
2020-04-04 03:00:00,436.0,0.0,0.0,21.647258,436.0,0.0,0.0,21.474047
2020-04-04 04:00:00,436.0,0.0,0.0,21.647258,436.0,0.0,0.0,33.070667
2020-04-04 05:00:00,436.0,0.0,0.0,21.647258,391.568805,0.0,0.0,23.716882
2020-04-04 06:00:00,436.0,0.0,0.0,122.492854,331.568805,0.0,0.0,15.416335
2020-04-04 07:00:00,385.311845,0.0,0.0,18.531796,304.0,0.0,0.0,-0.0
2020-04-04 08:00:00,325.311845,0.0,0.0,14.191367,364.0,0.0,0.0,19.430296
2020-04-04 09:00:00,284.0,0.0,0.0,-0.0,364.0,0.0,0.0,21.288154
2020-04-04 10:00:00,284.0,0.0,0.0,-0.0,304.0,0.0,0.0,-0.0
2020-04-04 11:00:00,284.0,0.0,0.0,-0.0,304.0,0.0,0.0,-0.0
2020-04-04 12:00:00,284.0,0.0,0.0,-0.0,304.0,0.0,0.0,-0.0
2020-04-04 13:00:00,284.0,0.0,0.0,-0.0,304.0,0.0,0.0,-0.0
2020-04-04 14:00:00,284.0,0.0,0.0,-0.0,289.4,0.0,0.0,-0.0
2020-04-04 15:00:00,284.0,0.0,0.0,-0.0,284.0,0.0,0.0,-0.0
2020-04-04 16:00:00,284.0,0.0,0.0,-0.0,285.4,0.0,0.0,-0.0
2020-04-04 17:00:00,284.0,0.0,0.0,-0.0,324.576384,0.0,0.0,19.983547
2020-04-04 18:00:00,344.0,0.0,0.0,123.657594,384.576384,0.0,0.0,28.785072
2020-04-04 19:00:00,404.0,0.0,0.0,127.627899,436.0,0.0,0.0,77.250946
2020-04-04 20:00:00,436.0,60.0,0.0,292.30092,436.0,0.0,0.0,67.322786
2020-04-04 21:00:00,436.0,80.0,0.0,227.274563,436.0,0.0,0.0,23.167389
2020-04-04 22:00:00,436.0,54.820408,0.0,141.716991,436.0,0.0,0.0,20.080892
2020-04-04 23:00:00,436.0,0.0,0.0,127.274616,419.089893,0.0,0.0,18.531796
2020-04-05 00:00:00,436.0,0.0,0.0,127.050889,391.481273,30.0,0.0,18.531796
2020-04-05 01:00:00,436.0,0.0,0.0,126.404825,436.0,0.0,0.0,22.516066
2020-04-05 02:00:00,436.0,0.0,0.0,26.324557,436.0,0.0,0.0,22.492854
2020-04-05 03:00:00,436.0,0.0,0.0,26.324557,436.0,0.0,0.0,21.843654
2020-04-05 04:00:00,436.0,0.0,0.0,26.324557,424.0,0.0,0.0,22.492854
2020-04-05 05:00:00,436.0,0.0,0.0,23.206766,364.0,0.0,0.0,52.742857
2020-04-05 06:00:00,436.0,60.0,0.0,1000.0,304.0,0.0,0.0,-0.0
2020-04-05 07:00:00,376.0,0.0,0.0,-0.0,286.4,0.0,0.0,-0.0
2020-04-05 08:00:00,316.0,0.0,0.0,-0.0,284.0,0.0,0.0,-0.0
2020-04-05 09:00:00,284.0,0.0,0.0,-0.0,284.0,0.0,0.0,-0.0
2020-04-05 10:00:00,284.0,0.0,0.0,-0.0,284.0,0.0,0.0,-0.0
2020-04-05 11:00:00,284.0,0.0,0.0,-0.0,284.0,0.0,0.0,-0.0
2020-04-05 12:00:00,284.0,0.0,0.0,-0.0,284.0,0.0,0.0,-0.0
2020-04-05 13:00:00,284.0,0.0,0.0,-0.0,284.0,0.0,0.0,-0.0
2020-04-05 14:00:00,284.0,0.0,0.0,-0.0,284.0,0.0,0.0,-0.0
2020-04-05 15:00:00,284.0,0.0,0.0,-0.0,284.0,0.0,0.0,-0.0
2020-04-05 16:00:00,284.0,0.0,0.0,-0.0,321.134809,0.0,0.0,19.430296
2020-04-05 17:00:00,344.0,0.0,0.0,21.288154,381.134809,0.0,0.0,24.922322
2020-04-05 18:00:00,404.0,0.0,0.0,25.9087,436.0,0.0,0.0,96.789905
2020-04-05 19:00:00,436.0,0.0,0.0,23.128644,436.0,0.0,0.0,77.236611
2020-04-05 20:00:00,436.0,0.0,0.0,21.288154,405.386306,0.0,0.0,23.128644
2020-04-05 21:00:00,436.0,0.0,0.0,21.474047,345.386306,0.0,0.0,-0.0
2020-04-05 22:00:00,376.0,0.0,0.0,-0.0,303.0,0.0,0.0,-0.0
2020-04-05 23:00:00,436.0,0.0,0.0,22.732362,363.0,0.0,0.0,14.667956
2020-04-06 00:00:00,436.0,0.0,0.0,25.9087,344.0,30.0,0.0,22.732362
2020-04-06 01:00:00,436.0,0.0,0.0,23.657594,404.0,0.0,0.0,23.128644
2020-04-06 02:00:00,436.0,0.0,0.0,23.206766,436.0,0.0,0.0,22.96816
2020-04-06 03:00:00,436.0,0.0,0.0,23.128644,436.0,0.0,0.0,23.657594
2020-04-06 04:00:00,436.0,0.0,0.0,22.732362,424.0,0.0,0.0,22.732362
2020-04-06 05:00:00,436.0,0.0,0.0,22.732362,364.0,0.0,0.0,22.96816
2020-04-06 06:00:00,436.0,0.0,0.0,22.96816,304.0,0.0,0.0,-0.0
2020-04-06 07:00:00,436.0,0.0,0.0,19.430296,304.0,0.0,0.0,-0.0
2020-04-06 08:00:00,376.0,0.0,0.0,-0.0,304.0,0.0,0.0,-0.0
2020-04-06 09:00:00,316.0,0.0,0.0,-0.0,304.0,0.0,0.0,-0.0
2020-04-06 10:00:00,284.0,0.0,0.0,18.072542,364.0,0.0,0.0,22.96816
2020-04-06 11:00:00,344.0,0.0,0.0,19.430296,424.0,0.0,0.0,31.770203
2020-04-06 12:00:00,355.992718,0.0,0.0,18.531796,436.0,0.0,0.0,21.474047
2020-04-06 13:00:00,415.992718,0.0,0.0,19.685338,436.0,0.0,0.0,21.474047
2020-04-06 14:00:00,436.0,0.0,0.0,20.846138,436.0,0.0,0.0,25.483878
2020-04-06 15:00:00,436.0,0.0,0.0,21.474047,436.0,0.0,0.0,26.354746
2020-04-06 16:00:00,436.0,0.0,0.0,22.516066,376.0,0.0,0.0,75.200156
2020-04-06 17:00:00,436.0,0.0,0.0,23.206766,316.0,0.0,0.0,-0.0
2020-04-06 18:00:00,436.0,0.0,0.0,133.946708,376.0,0.0,0.0,21.118653
2020-04-06 19:00:00,436.0,0.0,0.0,127.89257,436.0,0.0,0.0,74.759886
2020-04-06 20:00:00,436.0,0.0,0.0,126.324557,436.0,0.0,0.0,26.193687
2020-04-06 21:00:00,436.0,0.0,0.0,22.732362,436.0,0.0,0.0,21.62631
2020-04-06 22:00:00,436.0,0.0,0.0,23.128644,436.0,0.0,0.0,24.705135
2020-04-06 23:00:00,436.0,0.0,0.0,20.400003,436.0,0.0,0.0,25.329839
2020-04-07 00:00:00,436.0,0.0,0.0,22.732362,304.0,30.0,0.0,-0.0
2020-04-07 01:00:00,436.0,0.0,0.0,21.116714,364.0,0.0,0.0,20.846138
2020-04-07 02:00:00,436.0,0.0,0.0,21.287879,424.0,0.0,0.0,20.400003
2020-04-07 03:00:00,436.0,0.0,0.0,22.492854,436.0,0.0,0.0,18.573789
2020-04-07 04:00:00,436.0,0.0,0.0,22.732362,436.0,15.576614,0.0,21.843654
2020-04-07 05:00:00,436.0,0.0,0.0,22.732362,436.0,0.0,0.0,24.18841
2020-04-07 06:00:00,436.0,0.0,0.0,22.516066,436.0,0.0,0.0,23.128644
2020-04-07 07:00:00,436.0,0.0,0.0,21.647258,436.0,0.0,0.0,22.828288
2020-04-07 08:00:00,407.089742,0.0,0.0,18.531796,436.0,0.0,0.0,25.881094
2020-04-07 09:00:00,436.0,0.0,0.0,20.400003,436.0,0.0,0.0,25.506717
2020-04-07 10:00:00,436.0,0.0,0.0,19.983547,436.0,0.0,0.0,25.505152
2020-04-07 11:00:00,436.0,0.0,0.0,20.846138,436.0,0.0,0.0,29.778481
2020-04-07 12:00:00,436.0,0.0,0.0,21.647258,436.0,0.0,0.0,22.732362
2020-04-07 13:00:00,436.0,0.0,0.0,22.516066,436.0,0.0,0.0,21.647258
2020-04-07 14:00:00,436.0,0.0,0.0,22.96816,436.0,0.0,0.0,21.843654
2020-04-07 15:00:00,436.0,0.0,0.0,20.846138,436.0,0.0,0.0,22.576747
2020-04-07 16:00:00,436.0,0.0,0.0,21.647258,436.0,0.0,0.0,23.437807
2020-04-07 17:00:00,436.0,0.0,0.0,22.492854,436.0,0.0,0.0,26.324557
2020-04-07 18:00:00,436.0,0.0,0.0,26.429316,436.0,0.0,0.0,71.818984
2020-04-07 19:00:00,436.0,0.0,0.0,27.274563,436.0,0.0,0.0,77.313264
2020-04-07 20:00:00,436.0,0.0,0.0,26.429316,436.0,0.0,0.0,26.324557
2020-04-07 21:00:00,436.0,0.0,0.0,26.429316,436.0,0.0,0.0,22.96816
2020-04-07 22:00:00,436.0,0.0,0.0,22.492854,436.0,0.0,0.0,22.516066
2020-04-07 23:00:00,436.0,0.0,0.0,22.96816,436.0,0.0,0.0,22.576747
2020-04-08 00:00:00,436.0,0.0,0.0,22.492854,344.0,30.0,0.0,23.128644
2020-04-08 01:00:00,436.0,0.0,0.0,21.647258,404.0,0.0,0.0,23.128644
2020-04-08 02:00:00,436.0,0.0,0.0,21.647258,436.0,0.0,0.0,23.128644
2020-04-08 03:00:00,436.0,0.0,0.0,20.400003,436.0,0.0,0.0,21.647258
2020-04-08 04:00:00,436.0,0.0,0.0,21.474047,436.0,0.0,0.0,21.843654
2020-04-08 05:00:00,436.0,0.0,0.0,22.96816,434.450357,0.0,0.0,37.133849
2020-04-08 06:00:00,436.0,0.0,0.0,22.516066,374.450357,0.0,0.0,20.846138
2020-04-08 07:00:00,436.0,0.0,0.0,21.287879,314.450357,0.0,0.0,8.904371
2020-04-08 08:00:00,376.0,0.0,0.0,-0.0,293.4,0.0,0.0,-0.0
2020-04-08 09:00:00,316.0,0.0,0.0,-0.0,288.4,0.0,0.0,-0.0
2020-04-08 10:00:00,284.0,0.0,0.0,-0.0,284.0,0.0,0.0,-0.0
2020-04-08 11:00:00,284.0,0.0,0.0,15.731586,304.0,0.0,0.0,-0.0
2020-04-08 12:00:00,284.0,0.0,0.0,15.731586,364.0,0.0,0.0,20.846138
2020-04-08 13:00:00,284.0,0.0,0.0,-0.0,424.0,0.0,0.0,18.573789
2020-04-08 14:00:00,284.0,0.0,0.0,-0.0,393.194414,0.0,0.0,18.531796
2020-04-08 15:00:00,344.0,0.0,0.0,20.846138,410.531103,0.0,0.0,18.463561
2020-04-08 16:00:00,404.0,0.0,0.0,19.983547,436.0,0.0,0.0,21.474047
2020-04-08 17:00:00,436.0,0.0,0.0,21.843654,436.0,0.0,0.0,19.983547
2020-04-08 18:00:00,436.0,0.0,0.0,133.752662,436.0,0.0,0.0,76.873984
2020-04-08 19:00:00,436.0,0.0,0.0,123.657594,436.0,0.0,0.0,65.088034
2020-04-08 20:00:00,436.0,0.0,0.0,21.168781,424.0,0.0,0.0,24.847487
2020-04-08 21:00:00,436.0,0.0,0.0,19.153665,364.0,0.0,0.0,20.577455
2020-04-08 22:00:00,436.0,0.0,0.0,19.133765,304.0,0.0,0.0,7.34577
2020-04-08 23:00:00,436.0,0.0,0.0,121.287879,284.0,0.0,0.0,7.375093
2020-04-09 00:00:00,436.0,0.0,0.0,19.133765,284.0,30.0,0.0,17.265035
2020-04-09 01:00:00,429.490498,0.0,0.0,18.531796,284.0,0.0,0.0,-0.0
2020-04-09 02:00:00,369.490498,0.0,0.0,-0.0,284.0,0.0,0.0,-0.0
2020-04-09 03:00:00,309.490498,0.0,0.0,-0.0,284.0,0.0,0.0,-0.0
2020-04-09 04:00:00,284.0,0.0,0.0,-0.0,284.0,0.0,0.0,-0.0
2020-04-09 05:00:00,344.0,0.0,0.0,18.717627,284.0,0.0,0.0,-0.0
2020-04-09 06:00:00,404.0,60.0,0.0,120.093668,284.0,0.0,0.0,-0.0
2020-04-09 07:00:00,344.0,0.0,0.0,-0.0,284.0,0.0,0.0,-0.0
2020-04-09 08:00:00,284.0,0.0,0.0,-0.0,297.017354,0.0,0.0,-0.0
2020-04-09 09:00:00,284.0,0.0,0.0,-0.0,293.263834,0.0,0.0,-0.0
2020-04-09 10:00:00,284.0,0.0,0.0,-0.0,285.339321,0.0,0.0,-0.0
2020-04-09 11:00:00,284.0,0.0,0.0,-0.0,299.414716,0.0,0.0,-0.0
2020-04-09 12:00:00,284.0,0.0,0.0,-0.0,284.0,0.0,0.0,-0.0
2020-04-09 13:00:00,284.0,0.0,0.0,-0.0,284.0,0.0,0.0,-0.0
2020-04-09 14:00:00,284.0,0.0,0.0,-0.0,304.0,0.0,0.0,-0.0
2020-04-09 15:00:00,284.0,0.0,0.0,-0.0,313.230903,0.0,0.0,-0.0
2020-04-09 16:00:00,344.0,0.0,0.0,121.287879,373.230903,23.412552,0.0,-0.0
2020-04-09 17:00:00,404.0,0.0,0.0,19.430296,433.230903,0.0,0.0,43.382051
2020-04-09 18:00:00,436.0,0.0,0.0,26.755559,436.0,0.0,0.0,59.95379
2020-04-09 19:00:00,436.0,0.0,0.0,133.752662,436.0,0.0,0.0,79.2628
2020-04-09 20:00:00,436.0,0.0,0.0,136.124055,436.0,0.0,0.0,23.87513
2020-04-09 21:00:00,436.0,0.0,0.0,26.790897,436.0,0.0,0.0,23.87513
2020-04-09 22:00:00,436.0,0.0,0.0,23.657594,436.0,0.0,0.0,22.96816
2020-04-09 23:00:00,436.0,0.0,0.0,23.206766,436.0,0.0,0.0,22.732362
2020-04-10 00:00:00,436.0,0.0,0.0,22.732362,344.0,30.0,0.0,22.732362
2020-04-10 01:00:00,436.0,0.0,0.0,22.576747,404.0,0.0,0.0,23.437807
2020-04-10 02:00:00,436.0,0.0,0.0,22.516066,436.0,0.0,0.0,23.657594
2020-04-10 03:00:00,436.0,0.0,0.0,22.492854,436.0,0.0,0.0,23.437807
2020-04-10 04:00:00,436.0,0.0,0.0,21.647258,436.0,0.0,0.0,26.324557
2020-04-10 05:00:00,436.0,0.0,0.0,22.576747,436.0,0.0,0.0,35.581956
2020-04-10 06:00:00,436.0,0.0,0.0,22.516066,436.0,0.0,0.0,23.985888
2020-04-10 07:00:00,436.0,0.0,0.0,21.116714,424.0,0.0,0.0,22.516066
2020-04-10 08:00:00,376.0,0.0,0.0,-0.0,364.0,0.0,0.0,18.573789
2020-04-10 09:00:00,316.0,0.0,0.0,-0.0,304.0,0.0,0.0,-0.0
2020-04-10 10:00:00,284.0,0.0,0.0,-0.0,284.0,0.0,0.0,-0.0
2020-04-10 11:00:00,284.0,0.0,0.0,-0.0,284.0,0.0,0.0,-0.0
2020-04-10 12:00:00,284.0,0.0,0.0,-0.0,284.0,0.0,0.0,-0.0
2020-04-10 13:00:00,284.0,0.0,0.0,-0.0,284.0,0.0,0.0,-0.0
2020-04-10 14:00:00,284.0,0.0,0.0,-0.0,304.0,0.0,0.0,10.411427
2020-04-10 15:00:00,284.0,0.0,0.0,-0.0,364.0,0.0,0.0,19.983547
2020-04-10 16:00:00,284.0,0.0,0.0,-0.0,424.0,0.0,0.0,21.287879
2020-04-10 17:00:00,284.0,0.0,0.0,-0.0,436.0,0.0,0.0,26.073322
2020-04-10 18:00:00,344.0,0.0,0.0,20.270468,436.0,0.0,0.0,68.587027
2020-04-10 19:00:00,404.0,0.0,0.0,22.576747,436.0,0.0,0.0,79.649875
2020-04-10 20:00:00,436.0,0.0,0.0,22.516066,436.0,0.0,0.0,29.962167
2020-04-10 21:00:00,436.0,0.0,0.0,22.516066,436.0,0.0,0.0,23.657594
2020-04-10 22:00:00,436.0,0.0,0.0,19.983547,436.0,0.0,0.0,21.287879
2020-04-10 23:00:00,386.459047,0.0,0.0,18.531796,436.0,0.0,0.0,19.983547
2020-04-11 00:00:00,326.459047,0.0,0.0,18.072542,304.0,30.0,0.0,7.897439
2020-04-11 01:00:00,386.459047,0.0,0.0,122.96816,364.0,0.0,0.0,20.400003
2020-04-11 02:00:00,436.0,0.0,0.0,132.461752,424.0,0.0,0.0,20.400003
2020-04-11 03:00:00,436.0,22.2918,0.0,141.716991,436.0,0.0,0.0,19.983547
2020-04-11 04:00:00,436.0,11.907568,0.0,141.716991,436.0,0.0,0.0,21.287879
2020-04-11 05:00:00,436.0,0.0,0.0,132.461752,424.0,0.0,0.0,41.007195
2020-04-11 06:00:00,436.0,60.0,0.0,223.657594,364.0,0.0,0.0,19.430296
2020-04-11 07:00:00,376.0,0.0,0.0,-0.0,304.0,0.0,0.0,-0.0
2020-04-11 08:00:00,316.0,0.0,0.0,-0.0,292.4,0.0,0.0,-0.0
2020-04-11 09:00:00,284.0,0.0,0.0,-0.0,296.4,0.0,0.0,-0.0
2020-04-11 10:00:00,284.0,0.0,0.0,-0.0,298.4,0.0,0.0,-0.0
2020-04-11 11:00:00,284.0,0.0,0.0,-0.0,284.0,0.0,0.0,-0.0
2020-04-11 12:00:00,284.0,0.0,0.0,-0.0,284.0,0.0,0.0,-0.0
2020-04-11 13:00:00,284.0,0.0,0.0,-0.0,284.0,0.0,0.0,-0.0
2020-04-11 14:00:00,284.0,0.0,0.0,-0.0,284.0,0.0,0.0,-0.0
2020-04-11 15:00:00,284.0,0.0,0.0,-0.0,284.0,0.0,0.0,-0.0
2020-04-11 16:00:00,284.0,0.0,0.0,-0.0,286.0,0.0,0.0,-0.0
2020-04-11 17:00:00,284.0,0.0,0.0,14.191367,346.0,0.0,0.0,-0.0
2020-04-11 18:00:00,344.0,36.632053,0.0,141.716991,406.0,0.0,0.0,75.765291
2020-04-11 19:00:00,404.0,90.0,0.0,1000.0,436.0,0.0,0.0,68.821419
2020-04-11 20:00:00,436.0,80.0,0.0,231.857535,424.0,0.0,0.0,52.414535
2020-04-11 21:00:00,436.0,20.0,0.0,133.752662,364.0,0.0,0.0,18.60404
2020-04-11 22:00:00,436.0,0.0,0.0,21.116714,304.0,0.0,0.0,-0.0
2020-04-11 23:00:00,436.0,60.0,0.0,1000.0,291.4,0.0,0.0,-0.0
2020-04-12 00:00:00,436.0,90.0,0.0,281.857535,290.0,30.0,0.0,-0.0
2020-04-12 01:00:00,436.0,80.0,0.0,227.050889,292.4,0.0,0.0,-0.0
2020-04-12 02:00:00,436.0,90.0,0.0,1000.0,296.736007,0.0,0.0,9.095606
2020-04-12 03:00:00,436.0,90.0,0.0,1000.0,350.4,0.0,0.0,28.00998
2020-04-12 04:00:00,436.0,90.0,0.0,1000.0,290.4,0.0,0.0,18.463561
2020-04-12 05:00:00,436.0,90.0,0.0,1000.0,295.4,0.0,0.0,-0.0
2020-04-12 06:00:00,436.0,90.0,0.0,273.657594,295.4,0.0,0.0,-0.0
2020-04-12 07:00:00,376.0,30.0,0.0,-0.0,296.4,0.0,0.0,-0.0
2020-04-12 08:00:00,316.0,0.0,0.0,-0.0,296.4,0.0,0.0,-0.0
2020-04-12 09:00:00,284.0,0.0,0.0,-0.0,293.4,0.0,0.0,-0.0
2020-04-12 10:00:00,284.0,0.0,0.0,-0.0,284.4,0.0,0.0,-0.0
2020-04-12 11:00:00,284.0,0.0,0.0,-0.0,284.0,0.0,0.0,-0.0
2020-04-12 12:00:00,284.0,0.0,0.0,-0.0,284.0,0.0,0.0,-0.0
2020-04-12 13:00:00,284.0,0.0,0.0,-0.0,284.0,0.0,0.0,-0.0
2020-04-12 14:00:00,284.0,0.0,0.0,-0.0,290.967634,0.0,0.0,-0.0
2020-04-12 15:00:00,284.0,0.0,0.0,-0.0,350.967634,0.0,0.0,16.949573
2020-04-12 16:00:00,284.0,0.0,0.0,-0.0,410.967634,0.0,0.0,24.426765
2020-04-12 17:00:00,284.0,0.0,0.0,-0.0,436.0,0.0,0.0,26.755559
2020-04-12 18:00:00,344.0,0.0,0.0,22.492854,436.0,10.367009,0.0,26.790897
2020-04-12 19:00:00,404.0,0.0,0.0,21.096593,436.0,0.0,0.0,79.649875
2020-04-12 20:00:00,436.0,0.0,0.0,21.413908,436.0,0.0,0.0,68.562642
2020-04-12 21:00:00,426.076753,0.0,0.0,18.531796,436.0,0.0,0.0,22.732362
2020-04-12 22:00:00,366.076753,0.0,0.0,-0.0,436.0,0.0,0.0,21.116714
2020-04-12 23:00:00,306.076753,0.0,0.0,-0.0,436.0,0.0,0.0,20.846138
2020-04-13 00:00:00,284.0,0.0,0.0,-0.0,344.0,2.0,0.0,26.945366
2020-04-13 01:00:00,284.0,0.0,0.0,-0.0,404.0,0.0,0.0,22.96816
2020-04-13 02:00:00,284.0,0.0,0.0,-0.0,436.0,0.0,0.0,23.128644
2020-04-13 03:00:00,284.0,0.0,0.0,-0.0,436.0,0.0,0.0,22.96816
2020-04-13 04:00:00,284.0,0.0,0.0,18.072542,436.0,0.0,0.0,23.128644
2020-04-13 05:00:00,344.0,0.0,0.0,21.843654,424.0,0.0,0.0,34.652546
2020-04-13 06:00:00,404.0,0.0,0.0,123.657594,364.0,0.0,0.0,22.96816
2020-04-13 07:00:00,344.0,0.0,0.0,18.072542,304.0,0.0,0.0,9.498585
2020-04-13 08:00:00,284.0,0.0,0.0,-0.0,304.0,0.0,0.0,-0.0
2020-04-13 09:00:00,284.0,0.0,0.0,-0.0,304.0,0.0,0.0,-0.0
2020-04-13 10:00:00,284.0,0.0,0.0,-0.0,304.0,0.0,0.0,-0.0
2020-04-13 11:00:00,284.0,0.0,0.0,-0.0,364.0,0.0,0.0,21.116411
2020-04-13 12:00:00,344.0,0.0,0.0,21.116411,306.292009,0.0,0.0,18.531796
2020-04-13 13:00:00,404.0,0.0,0.0,20.400003,301.4,0.0,0.0,-0.0
2020-04-13 14:00:00,344.0,0.0,0.0,18.072542,304.0,0.0,0.0,10.198205
2020-04-13 15:00:00,284.0,0.0,0.0,-0.0,364.0,0.0,0.0,23.003376
2020-04-13 16:00:00,344.0,0.0,0.0,22.732362,424.0,0.0,0.0,22.492854
2020-04-13 17:00:00,385.066378,0.0,0.0,18.531796,436.0,0.0,0.0,26.330107
2020-04-13 18:00:00,436.0,0.0,0.0,25.9087,436.0,0.0,0.0,76.209427
2020-04-13 19:00:00,436.0,0.0,0.0,26.818284,436.0,0.0,0.0,70.652547
2020-04-13 20:00:00,436.0,0.0,0.0,23.657594,436.0,0.0,0.0,26.429316
2020-04-13 21:00:00,436.0,0.0,0.0,22.96816,436.0,0.0,0.0,25.187691
2020-04-13 22:00:00,436.0,0.0,0.0,21.843654,436.0,0.0,0.0,23.128644
2020-04-13 23:00:00,436.0,0.0,0.0,22.96816,436.0,0.0,0.0,23.128644
2020-04-14 00:00:00,436.0,0.0,0.0,20.846138,344.0,30.0,0.0,23.206766
2020-04-14 01:00:00,376.0,0.0,0.0,18.072542,404.0,0.0,0.0,23.128644
2020-04-14 02:00:00,316.0,0.0,0.0,16.970947,436.0,0.0,0.0,22.96816
2020-04-14 03:00:00,306.343451,0.0,0.0,18.531796,436.0,0.0,0.0,22.96816
2020-04-14 04:00:00,366.343451,0.0,0.0,19.430296,424.0,0.0,0.0,23.206766
2020-04-14 05:00:00,426.343451,0.0,0.0,21.843654,364.0,0.0,0.0,22.96816
2020-04-14 06:00:00,436.0,0.0,0.0,22.492854,304.0,0.0,0.0,14.730094
2020-04-14 07:00:00,376.0,0.0,0.0,-0.0,288.4,0.0,0.0,-0.0
2020-04-14 08:00:00,316.0,0.0,0.0,-0.0,284.0,0.0,0.0,18.531796
2020-04-14 09:00:00,284.0,0.0,0.0,-0.0,284.0,0.0,0.0,-0.0
2020-04-14 10:00:00,284.0,0.0,0.0,-0.0,284.0,0.0,0.0,-0.0
2020-04-14 11:00:00,284.0,0.0,0.0,-0.0,304.0,0.0,0.0,15.219939
2020-04-14 12:00:00,284.0,0.0,0.0,-0.0,364.0,0.0,0.0,21.843654
2020-04-14 13:00:00,284.0,0.0,0.0,-0.0,424.0,0.0,0.0,22.492854
2020-04-14 14:00:00,284.0,0.0,0.0,-0.0,436.0,0.0,0.0,22.96816
2020-04-14 15:00:00,284.0,0.0,0.0,-0.0,376.0,0.0,0.0,18.531796
2020-04-14 16:00:00,344.0,0.0,0.0,20.400003,436.0,0.0,0.0,21.843654
2020-04-14 17:00:00,318.992403,0.0,0.0,18.531796,436.0,0.0,0.0,25.251805
2020-04-14 18:00:00,378.992403,0.0,0.0,23.437807,436.0,0.0,0.0,70.362316
2020-04-14 19:00:00,436.0,0.0,0.0,24.591779,436.0,0.0,0.0,75.377354
2020-04-14 20:00:00,436.0,0.0,0.0,23.453092,436.0,0.0,0.0,25.9087
2020-04-14 21:00:00,436.0,0.0,0.0,22.96816,436.0,0.0,0.0,25.814706
2020-04-14 22:00:00,436.0,0.0,0.0,22.732362,436.0,0.0,0.0,23.698375
2020-04-14 23:00:00,436.0,0.0,0.0,21.287879,436.0,0.0,0.0,22.516066
2020-04-15 00:00:00,436.0,0.0,0.0,21.843654,344.0,30.0,0.0,24.040249
2020-04-15 01:00:00,436.0,0.0,0.0,123.437807,404.0,0.0,0.0,19.983547
2020-04-15 02:00:00,436.0,0.0,0.0,121.647258,364.0,0.0,0.0,19.983547
2020-04-15 03:00:00,436.0,0.0,0.0,121.843654,304.0,0.0,0.0,-0.0
2020-04-15 04:00:00,436.0,0.0,0.0,123.437807,291.4,0.0,0.0,-0.0
2020-04-15 05:00:00,436.0,60.0,0.0,227.274563,296.4,0.0,0.0,-0.0
2020-04-15 06:00:00,436.0,0.0,0.0,121.116411,294.4,0.0,0.0,-0.0
2020-04-15 07:00:00,376.0,0.0,0.0,-0.0,299.038656,0.0,0.0,-0.0
2020-04-15 08:00:00,316.0,0.0,0.0,-0.0,320.936031,0.0,0.0,-0.0
2020-04-15 09:00:00,284.0,0.0,0.0,-0.0,340.073731,0.0,0.0,-0.0
2020-04-15 10:00:00,284.0,0.0,0.0,-0.0,323.772753,0.0,0.0,-0.0
2020-04-15 11:00:00,284.0,0.0,0.0,-0.0,305.186991,0.0,0.0,-0.0
2020-04-15 12:00:00,284.0,0.0,0.0,-0.0,307.764777,0.0,0.0,-0.0
2020-04-15 13:00:00,284.0,0.0,0.0,-0.0,310.126594,0.0,0.0,-0.0
2020-04-15 14:00:00,284.0,0.0,0.0,-0.0,284.0,0.0,0.0,-0.0
2020-04-15 15:00:00,284.0,0.0,0.0,-0.0,304.0,0.0,0.0,-0.0
2020-04-15 16:00:00,344.0,0.0,0.0,19.983547,364.0,0.0,0.0,19.983547
2020-04-15 17:00:00,404.0,0.0,0.0,19.983547,424.0,0.0,0.0,21.514982
2020-04-15 18:00:00,436.0,0.0,0.0,23.437807,436.0,0.0,0.0,73.62088
2020-04-15 19:00:00,436.0,0.0,0.0,23.437807,436.0,0.0,0.0,101.144461
2020-04-15 20:00:00,436.0,0.0,0.0,23.657594,382.770641,0.0,0.0,22.576747
2020-04-15 21:00:00,436.0,0.0,0.0,22.492854,322.770641,0.0,0.0,7.332582
2020-04-15 22:00:00,376.0,0.0,0.0,-0.0,292.4,0.0,0.0,7.390187
2020-04-15 23:00:00,316.0,0.0,0.0,-0.0,291.4,0.0,0.0,-0.0
2020-04-16 00:00:00,284.0,0.0,0.0,16.212661,289.4,2.0,0.0,-0.0
2020-04-16 01:00:00,284.0,0.0,0.0,13.557277,291.4,0.0,0.0,-0.0
2020-04-16 02:00:00,284.0,0.0,0.0,-0.0,284.4,0.0,0.0,-0.0
2020-04-16 03:00:00,284.0,0.0,0.0,-0.0,284.4,0.0,0.0,-0.0
2020-04-16 04:00:00,284.0,0.0,0.0,-0.0,284.4,0.0,0.0,-0.0
2020-04-16 05:00:00,284.0,0.0,0.0,-0.0,284.0,0.0,0.0,-0.0
2020-04-16 06:00:00,284.0,0.0,0.0,-0.0,284.0,0.0,0.0,-0.0
2020-04-16 07:00:00,284.0,0.0,0.0,-0.0,291.7,0.0,0.0,-0.0
2020-04-16 08:00:00,284.0,0.0,0.0,-0.0,298.68262,0.0,0.0,-0.0
2020-04-16 09:00:00,284.0,0.0,0.0,-0.0,331.916511,0.0,0.0,-0.0
2020-04-16 10:00:00,284.0,0.0,0.0,-0.0,335.577344,0.0,0.0,-0.0
2020-04-16 11:00:00,284.0,0.0,0.0,-0.0,298.7,0.0,0.0,-0.0
2020-04-16 12:00:00,284.0,0.0,0.0,-0.0,303.0,0.0,0.0,-0.0
2020-04-16 13:00:00,284.0,0.0,0.0,-0.0,291.4,0.0,0.0,-0.0
2020-04-16 14:00:00,284.0,0.0,0.0,-0.0,301.0,0.0,0.0,-0.0
2020-04-16 15:00:00,284.0,0.0,0.0,-0.0,304.0,0.0,0.0,17.754843
2020-04-16 16:00:00,284.0,0.0,0.0,-0.0,364.0,0.0,0.0,24.02016
2020-04-16 17:00:00,284.0,0.0,0.0,-0.0,424.0,0.0,0.0,26.429316
2020-04-16 18:00:00,344.0,0.0,0.0,21.096593,436.0,0.0,0.0,67.002127
2020-04-16 19:00:00,404.0,0.0,0.0,21.096593,436.0,0.0,0.0,81.354705
2020-04-16 20:00:00,436.0,0.0,0.0,20.820283,436.0,0.0,0.0,23.366674
2020-04-16 21:00:00,393.423734,0.0,0.0,18.531796,436.0,0.0,0.0,21.801606
2020-04-16 22:00:00,333.423734,0.0,0.0,-0.0,436.0,0.0,0.0,20.989617
2020-04-16 23:00:00,284.0,0.0,0.0,-0.0,436.0,0.0,0.0,18.531796
2020-04-17 00:00:00,284.0,0.0,0.0,-0.0,344.0,2.0,0.0,23.81276
2020-04-17 01:00:00,284.0,0.0,0.0,-0.0,404.0,0.0,0.0,22.278117
2020-04-17 02:00:00,284.0,0.0,0.0,-0.0,436.0,0.0,0.0,21.118653
2020-04-17 03:00:00,284.0,0.0,0.0,-0.0,404.0,0.0,0.0,19.91836
2020-04-17 04:00:00,284.0,0.0,0.0,-0.0,344.0,0.0,0.0,19.91836
2020-04-17 05:00:00,284.0,0.0,0.0,13.557277,284.0,0.0,0.0,-0.0
2020-04-17 06:00:00,284.0,0.0,0.0,16.212661,284.0,0.0,0.0,-0.0
2020-04-17 07:00:00,284.0,0.0,0.0,-0.0,284.0,0.0,0.0,-0.0
2020-04-17 08:00:00,284.0,0.0,0.0,-0.0,284.0,0.0,0.0,-0.0
2020-04-17 09:00:00,284.0,0.0,0.0,-0.0,284.0,0.0,0.0,-0.0
2020-04-17 10:00:00,284.0,0.0,0.0,-0.0,288.4,0.0,0.0,-0.0
2020-04-17 11:00:00,284.0,0.0,0.0,-0.0,284.0,0.0,0.0,-0.0
2020-04-17 12:00:00,284.0,0.0,0.0,-0.0,284.0,0.0,0.0,-0.0
2020-04-17 13:00:00,284.0,0.0,0.0,-0.0,284.0,0.0,0.0,-0.0
2020-04-17 14:00:00,284.0,0.0,0.0,-0.0,284.0,0.0,0.0,-0.0
2020-04-17 15:00:00,284.0,0.0,0.0,-0.0,284.0,0.0,0.0,-0.0
2020-04-17 16:00:00,284.0,0.0,0.0,-0.0,286.0,0.0,0.0,-0.0
2020-04-17 17:00:00,284.0,0.0,0.0,-0.0,346.0,0.0,0.0,18.991051
2020-04-17 18:00:00,344.0,0.0,0.0,20.846138,368.386588,0.0,0.0,68.075545
2020-04-17 19:00:00,404.0,0.0,0.0,22.516066,400.816128,0.0,0.0,72.948197
2020-04-17 20:00:00,436.0,0.0,0.0,126.755559,424.266974,0.0,0.0,19.91836
2020-04-17 21:00:00,436.0,60.0,0.0,227.050889,364.266974,0.0,0.0,17.145233
2020-04-17 22:00:00,436.0,0.0,0.0,122.516066,364.0,0.0,0.0,18.600032
2020-04-17 23:00:00,436.0,0.0,0.0,123.657594,304.0,0.0,0.0,3.027326
2020-04-18 00:00:00,436.0,0.0,0.0,121.116714,284.0,30.0,0.0,-0.0
2020-04-18 01:00:00,376.0,0.0,0.0,-0.0,342.804142,0.0,0.0,20.854325
2020-04-18 02:00:00,436.0,0.0,0.0,18.573789,303.196397,0.0,0.0,18.531796
2020-04-18 03:00:00,390.232889,0.0,0.0,18.531796,341.788338,0.0,0.0,15.946878
2020-04-18 04:00:00,436.0,0.0,0.0,121.843654,401.788338,0.0,0.0,69.545156
2020-04-18 05:00:00,436.0,0.0,0.0,121.288154,364.0,0.0,0.0,20.400003
2020-04-18 06:00:00,376.0,0.0,0.0,18.072542,304.0,0.0,0.0,-0.0
2020-04-18 07:00:00,316.0,0.0,0.0,-0.0,284.0,0.0,0.0,-0.0
2020-04-18 08:00:00,284.0,0.0,0.0,-0.0,284.0,0.0,0.0,-0.0
2020-04-18 09:00:00,284.0,0.0,0.0,-0.0,290.922676,0.0,0.0,-0.0
2020-04-18 10:00:00,284.0,0.0,0.0,-0.0,304.0,0.0,0.0,-0.0
2020-04-18 11:00:00,284.0,0.0,0.0,-0.0,302.4,0.0,0.0,-0.0
2020-04-18 12:00:00,284.0,0.0,0.0,-0.0,304.0,0.0,0.0,-0.0
2020-04-18 13:00:00,284.0,0.0,0.0,-0.0,303.4,0.0,0.0,-0.0
2020-04-18 14:00:00,284.0,0.0,0.0,-0.0,287.4,0.0,0.0,-0.0
2020-04-18 15:00:00,284.0,0.0,0.0,-0.0,284.0,0.0,0.0,-0.0
2020-04-18 16:00:00,284.0,0.0,0.0,-0.0,287.4,0.0,0.0,-0.0
2020-04-18 17:00:00,344.0,0.0,0.0,21.288154,317.852985,0.0,0.0,16.116737
2020-04-18 18:00:00,404.0,0.0,0.0,127.050889,377.852985,4.725,0.0,22.710185
2020-04-18 19:00:00,436.0,0.0,0.0,22.790571,436.0,0.0,0.0,119.446534
2020-04-18 20:00:00,436.0,0.0,0.0,122.492854,424.0,0.0,0.0,22.853187
2020-04-18 21:00:00,376.0,0.0,0.0,-0.0,364.0,0.0,0.0,20.726727
2020-04-18 22:00:00,316.0,0.0,0.0,-0.0,304.0,0.0,0.0,-0.0
2020-04-18 23:00:00,284.0,0.0,0.0,-0.0,284.0,0.0,0.0,1.062107
2020-04-19 00:00:00,284.0,0.0,0.0,-0.0,284.0,2.0,0.0,-0.0
2020-04-19 01:00:00,284.0,0.0,0.0,-0.0,284.0,0.0,0.0,-0.0
2020-04-19 02:00:00,284.0,0.0,0.0,-0.0,284.0,0.0,0.0,-0.0
2020-04-19 03:00:00,284.0,0.0,0.0,-0.0,284.0,0.0,0.0,-0.0
2020-04-19 04:00:00,284.0,0.0,0.0,-0.0,284.0,0.0,0.0,-0.0
2020-04-19 05:00:00,284.0,0.0,0.0,-0.0,284.0,0.0,0.0,-0.0
2020-04-19 06:00:00,284.0,0.0,0.0,-0.0,295.0,0.0,0.0,-0.0
2020-04-19 07:00:00,284.0,0.0,0.0,-0.0,304.0,0.0,0.0,-0.0
2020-04-19 08:00:00,284.0,0.0,0.0,-0.0,304.0,0.0,0.0,-0.0
2020-04-19 09:00:00,284.0,0.0,0.0,-0.0,304.0,0.0,0.0,-0.0
2020-04-19 10:00:00,284.0,0.0,0.0,-0.0,296.4,0.0,0.0,-0.0
2020-04-19 11:00:00,284.0,0.0,0.0,-0.0,284.0,0.0,0.0,-0.0
2020-04-19 12:00:00,284.0,0.0,0.0,-0.0,284.0,0.0,0.0,-0.0
2020-04-19 13:00:00,284.0,0.0,0.0,-0.0,284.0,0.0,0.0,-0.0
2020-04-19 14:00:00,284.0,0.0,0.0,-0.0,329.40948,0.0,0.0,16.970947
2020-04-19 15:00:00,284.0,0.0,0.0,-0.0,389.40948,0.0,0.0,25.0503
2020-04-19 16:00:00,284.0,0.0,0.0,-0.0,436.0,0.0,0.0,22.96816
2020-04-19 17:00:00,284.0,0.0,0.0,-0.0,436.0,0.0,0.0,26.692893
2020-04-19 18:00:00,284.0,0.0,0.0,-0.0,436.0,0.0,0.0,26.755559
2020-04-19 19:00:00,284.0,0.0,0.0,-0.0,436.0,0.0,0.0,77.103923
2020-04-19 20:00:00,284.0,0.0,0.0,-0.0,436.0,0.0,0.0,68.312885
2020-04-19 21:00:00,284.0,0.0,0.0,-0.0,436.0,0.0,0.0,23.437807
2020-04-19 22:00:00,284.0,0.0,0.0,-0.0,436.0,0.0,0.0,23.657594
2020-04-19 23:00:00,284.0,0.0,0.0,-0.0,436.0,0.0,0.0,24.20845
2020-04-20 00:00:00,284.0,0.0,0.0,-0.0,344.0,2.0,0.0,23.997602
2020-04-20 01:00:00,284.0,0.0,0.0,-0.0,364.0,0.0,0.0,21.116714
2020-04-20 02:00:00,284.0,0.0,0.0,-0.0,304.0,0.0,0.0,18.531796
2020-04-20 03:00:00,284.0,0.0,0.0,-0.0,364.0,0.0,0.0,19.983547
2020-04-20 04:00:00,284.0,0.0,0.0,-0.0,369.34015,0.0,0.0,35.241309
2020-04-20 05:00:00,344.0,0.0,0.0,18.60404,309.34015,0.0,0.0,4.976742
2020-04-20 06:00:00,372.79527,0.0,0.0,18.531796,297.4,0.0,0.0,-0.0
2020-04-20 07:00:00,312.79527,0.0,0.0,-0.0,298.4,0.0,0.0,-0.0
2020-04-20 08:00:00,284.0,0.0,0.0,-0.0,300.4,0.0,0.0,-0.0
2020-04-20 09:00:00,284.0,0.0,0.0,-0.0,299.4,0.0,0.0,-0.0
2020-04-20 10:00:00,284.0,0.0,0.0,-0.0,298.4,0.0,0.0,-0.0
2020-04-20 11:00:00,284.0,0.0,0.0,-0.0,288.4,0.0,0.0,-0.0
2020-04-20 12:00:00,284.0,0.0,0.0,-0.0,290.4,0.0,0.0,-0.0
2020-04-20 13:00:00,284.0,0.0,0.0,-0.0,290.4,0.0,0.0,-0.0
2020-04-20 14:00:00,284.0,0.0,0.0,-0.0,288.4,0.0,0.0,-0.0
2020-04-20 15:00:00,284.0,0.0,0.0,-0.0,304.0,0.0,0.0,-0.0
2020-04-20 16:00:00,328.383883,0.0,0.0,18.531796,364.0,0.0,0.0,22.436175
2020-04-20 17:00:00,284.0,0.0,0.0,-0.0,424.0,0.0,0.0,23.647927
2020-04-20 18:00:00,344.0,0.0,0.0,23.437807,436.0,0.0,0.0,72.144637
2020-04-20 19:00:00,404.0,0.0,0.0,26.892495,436.0,0.0,0.0,76.245579
2020-04-20 20:00:00,436.0,0.0,0.0,26.324557,436.0,0.0,0.0,25.9087
2020-04-20 21:00:00,436.0,0.0,0.0,22.516066,436.0,0.0,0.0,23.128644
2020-04-20 22:00:00,436.0,0.0,0.0,21.843654,436.0,0.0,0.0,22.732362
2020-04-20 23:00:00,436.0,0.0,0.0,22.576747,436.0,0.0,0.0,21.647258
2020-04-21 00:00:00,436.0,0.0,0.0,22.732362,344.0,30.0,0.0,21.843654
2020-04-21 01:00:00,436.0,0.0,0.0,22.732362,404.0,0.0,0.0,22.516066
2020-04-21 02:00:00,436.0,0.0,0.0,22.96816,436.0,0.0,0.0,22.516066
2020-04-21 03:00:00,436.0,0.0,0.0,21.843654,436.0,0.0,0.0,22.96816
2020-04-21 04:00:00,436.0,0.0,0.0,21.116714,436.0,0.0,0.0,33.421392
2020-04-21 05:00:00,436.0,0.0,0.0,22.492854,424.0,0.0,0.0,25.716037
2020-04-21 06:00:00,436.0,0.0,0.0,122.96816,364.0,0.0,0.0,21.287879
2020-04-21 07:00:00,436.0,0.0,0.0,19.983547,304.0,0.0,0.0,-0.0
2020-04-21 08:00:00,376.0,0.0,0.0,-0.0,284.0,0.0,0.0,-0.0
2020-04-21 09:00:00,316.0,0.0,0.0,-0.0,284.0,0.0,0.0,-0.0
2020-04-21 10:00:00,284.0,0.0,0.0,-0.0,284.0,0.0,0.0,-0.0
2020-04-21 11:00:00,284.0,0.0,0.0,-0.0,284.0,0.0,0.0,-0.0
2020-04-21 12:00:00,284.0,0.0,0.0,-0.0,284.0,0.0,0.0,-0.0
2020-04-21 13:00:00,284.0,0.0,0.0,-0.0,284.0,0.0,0.0,-0.0
2020-04-21 14:00:00,284.0,0.0,0.0,-0.0,344.0,0.0,0.0,18.573789
2020-04-21 15:00:00,284.0,0.0,0.0,-0.0,376.0,0.0,0.0,18.573789
2020-04-21 16:00:00,344.0,0.0,0.0,19.983547,436.0,0.0,0.0,21.647258
2020-04-21 17:00:00,334.77792,0.0,0.0,18.531796,436.0,0.0,0.0,23.657594
2020-04-21 18:00:00,394.77792,0.0,0.0,25.9087,436.0,0.0,0.0,73.272863
2020-04-21 19:00:00,436.0,0.0,0.0,26.423756,436.0,0.0,0.0,79.984572
2020-04-21 20:00:00,436.0,0.0,0.0,26.755559,436.0,0.0,0.0,26.755559
2020-04-21 21:00:00,436.0,0.0,0.0,22.732362,394.296166,0.0,0.0,22.576747
2020-04-21 22:00:00,436.0,0.0,0.0,19.983547,334.296166,0.0,0.0,19.430296
2020-04-21 23:00:00,436.0,0.0,0.0,22.492854,304.0,0.0,0.0,18.573789
2020-04-22 00:00:00,436.0,0.0,0.0,21.647258,304.0,30.0,0.0,-0.0
2020-04-22 01:00:00,436.0,0.0,0.0,123.657594,364.0,0.0,0.0,21.116714
2020-04-22 02:00:00,436.0,0.0,0.0,23.128644,424.0,0.0,0.0,21.287879
2020-04-22 03:00:00,436.0,0.0,0.0,23.128644,433.155531,0.0,0.0,20.400003
2020-04-22 04:00:00,436.0,0.0,0.0,21.843654,424.0,0.0,0.0,33.3757
2020-04-22 05:00:00,436.0,0.0,0.0,123.657594,364.0,0.0,0.0,21.116411
2020-04-22 06:00:00,436.0,0.0,0.0,121.647258,304.0,0.0,0.0,-0.0
2020-04-22 07:00:00,376.0,0.0,0.0,16.970947,286.4,0.0,0.0,-0.0
2020-04-22 08:00:00,316.0,0.0,0.0,14.191367,284.0,0.0,0.0,-0.0
2020-04-22 09:00:00,284.0,0.0,0.0,-0.0,284.0,0.0,0.0,-0.0
2020-04-22 10:00:00,284.0,0.0,0.0,-0.0,284.0,0.0,0.0,-0.0
2020-04-22 11:00:00,284.0,0.0,0.0,-0.0,284.0,0.0,0.0,-0.0
2020-04-22 12:00:00,284.0,0.0,0.0,14.191367,336.072596,0.0,0.0,17.633297
2020-04-22 13:00:00,284.0,0.0,0.0,16.970947,396.072596,0.0,0.0,19.430296
2020-04-22 14:00:00,284.0,0.0,0.0,-0.0,432.808127,0.0,0.0,19.983547
2020-04-22 15:00:00,284.0,0.0,0.0,-0.0,436.0,0.0,0.0,21.116411
2020-04-22 16:00:00,344.0,0.0,0.0,19.430296,436.0,0.0,0.0,21.288154
2020-04-22 17:00:00,399.636532,0.0,0.0,18.531796,436.0,0.0,0.0,25.9087
2020-04-22 18:00:00,436.0,0.0,0.0,23.657594,436.0,0.0,0.0,71.577576
2020-04-22 19:00:00,436.0,0.0,0.0,26.324557,436.0,0.0,0.0,79.361567
2020-04-22 20:00:00,436.0,0.0,0.0,26.755559,436.0,0.0,0.0,26.755559
2020-04-22 21:00:00,436.0,0.0,0.0,23.128644,436.0,0.0,0.0,22.732362
2020-04-22 22:00:00,436.0,0.0,0.0,22.492854,436.0,0.0,0.0,19.983547
2020-04-22 23:00:00,436.0,0.0,0.0,127.755129,436.0,0.0,0.0,21.116411
2020-04-23 00:00:00,436.0,0.0,0.0,126.324557,410.0,30.0,0.0,21.647258
2020-04-23 01:00:00,436.0,0.0,0.0,23.437807,436.0,0.0,0.0,20.846138
2020-04-23 02:00:00,436.0,0.0,0.0,23.128644,420.928593,0.0,0.0,20.400003
2020-04-23 03:00:00,436.0,0.0,0.0,22.576747,436.0,0.0,0.0,20.846138
2020-04-23 04:00:00,436.0,0.0,0.0,23.128644,424.0,0.0,0.0,32.419141
2020-04-23 05:00:00,436.0,0.0,0.0,126.324557,364.0,0.0,0.0,21.843654
2020-04-23 06:00:00,436.0,0.0,0.0,22.576747,304.0,0.0,0.0,-0.0
2020-04-23 07:00:00,376.0,0.0,0.0,16.970947,288.4,0.0,0.0,-0.0
2020-04-23 08:00:00,316.0,0.0,0.0,-0.0,284.0,0.0,0.0,-0.0
2020-04-23 09:00:00,284.0,0.0,0.0,-0.0,284.0,0.0,0.0,-0.0
2020-04-23 10:00:00,284.0,0.0,0.0,-0.0,284.0,0.0,0.0,14.679559
2020-04-23 11:00:00,284.0,0.0,0.0,-0.0,284.0,0.0,0.0,18.463561
2020-04-23 12:00:00,284.0,0.0,0.0,-0.0,284.0,0.0,0.0,20.400003
2020-04-23 13:00:00,284.0,0.0,0.0,-0.0,314.888264,0.0,0.0,20.400003
2020-04-23 14:00:00,284.0,0.0,0.0,-0.0,374.888264,0.0,0.0,18.463561
2020-04-23 15:00:00,284.0,0.0,0.0,-0.0,434.888264,0.0,0.0,19.430296
2020-04-23 16:00:00,344.0,0.0,0.0,21.116714,436.0,0.0,0.0,22.576747
2020-04-23 17:00:00,404.0,0.0,0.0,21.288154,436.0,0.0,0.0,26.324557
2020-04-23 18:00:00,436.0,0.0,0.0,26.324557,436.0,0.0,0.0,73.408286
2020-04-23 19:00:00,436.0,0.0,0.0,23.437807,436.0,0.0,0.0,80.073683
2020-04-23 20:00:00,436.0,0.0,0.0,21.647258,382.84018,0.0,0.0,25.9087
2020-04-23 21:00:00,436.0,0.0,0.0,20.400003,322.84018,0.0,0.0,19.419361
2020-04-23 22:00:00,436.0,0.0,0.0,20.400003,291.4,0.0,0.0,18.463561
2020-04-23 23:00:00,436.0,7.159025,0.0,141.716991,284.0,0.0,0.0,7.370675
2020-04-24 00:00:00,436.0,67.159025,0.0,227.050889,284.0,30.0,0.0,-0.0
2020-04-24 01:00:00,436.0,90.0,0.0,1000.0,292.4,0.0,0.0,-0.0
2020-04-24 02:00:00,436.0,90.0,0.0,1000.0,292.4,0.0,0.0,-0.0
2020-04-24 03:00:00,436.0,90.0,0.0,1000.0,304.0,0.0,0.0,-0.0
2020-04-24 04:00:00,382.219887,30.0,0.0,119.446534,364.0,0.0,0.0,24.845276
2020-04-24 05:00:00,426.0,80.0,0.0,168.49794,364.0,0.0,0.0,47.485264
2020-04-24 06:00:00,436.0,90.0,0.0,283.035526,304.0,0.0,0.0,-0.0
2020-04-24 07:00:00,376.0,30.0,0.0,117.063367,334.87279,0.0,0.0,-0.0
2020-04-24 08:00:00,316.0,0.0,0.0,-0.0,308.039618,0.0,0.0,-0.0
2020-04-24 09:00:00,284.0,0.0,0.0,-0.0,314.321485,0.0,0.0,-0.0
2020-04-24 10:00:00,284.0,0.0,0.0,-0.0,298.190725,0.0,0.0,-0.0
2020-04-24 11:00:00,284.0,0.0,0.0,-0.0,304.781475,0.0,0.0,-0.0
2020-04-24 12:00:00,284.0,0.0,0.0,16.970947,284.0,0.0,0.0,-0.0
2020-04-24 13:00:00,284.0,0.0,0.0,-0.0,284.0,0.0,0.0,-0.0
2020-04-24 14:00:00,284.0,0.0,0.0,18.463561,304.0,0.0,0.0,17.723753
2020-04-24 15:00:00,344.0,0.0,0.0,21.116714,364.0,0.0,0.0,19.799095
2020-04-24 16:00:00,404.0,0.0,0.0,21.116714,424.0,0.0,0.0,21.287879
2020-04-24 17:00:00,431.27708,0.0,0.0,18.531796,436.0,0.0,0.0,26.58744
2020-04-24 18:00:00,436.0,0.0,0.0,27.274563,436.0,0.0,0.0,78.717542
2020-04-24 19:00:00,436.0,0.0,0.0,131.727779,436.0,0.0,0.0,73.938034
2020-04-24 20:00:00,436.0,0.0,0.0,133.752662,436.0,0.0,0.0,21.513966
2020-04-24 21:00:00,436.0,60.0,0.0,234.013053,436.0,0.0,0.0,17.641822
2020-04-24 22:00:00,436.0,7.474825,0.0,141.716991,376.0,0.0,0.0,17.620571
2020-04-24 23:00:00,436.0,67.474825,0.0,232.461752,413.18326,0.0,0.0,19.153665
2020-04-25 00:00:00,436.0,90.0,0.0,1000.0,410.0,30.0,0.0,19.91836
2020-04-25 01:00:00,436.0,90.0,0.0,1000.0,436.0,0.0,0.0,19.689311
2020-04-25 02:00:00,436.0,90.0,0.0,1000.0,436.0,0.0,0.0,19.91836
2020-04-25 03:00:00,436.0,80.0,0.0,231.727779,436.0,11.8,0.0,21.168781
2020-04-25 04:00:00,436.0,80.0,0.0,233.752662,424.0,0.0,0.0,31.838942
2020-04-25 05:00:00,436.0,90.0,0.0,1000.0,364.0,0.0,0.0,21.116714
2020-04-25 06:00:00,436.0,80.0,0.0,233.035526,304.0,0.0,0.0,-0.0
2020-04-25 07:00:00,394.878642,20.0,0.0,18.531796,284.0,0.0,0.0,-0.0
2020-04-25 08:00:00,334.878642,0.0,0.0,-0.0,284.0,0.0,0.0,-0.0
2020-04-25 09:00:00,284.0,0.0,0.0,-0.0,284.0,0.0,0.0,-0.0
2020-04-25 10:00:00,284.0,0.0,0.0,-0.0,284.0,0.0,0.0,-0.0
2020-04-25 11:00:00,284.0,0.0,0.0,-0.0,285.351053,0.0,0.0,-0.0
2020-04-25 12:00:00,284.0,0.0,0.0,16.970947,288.604331,0.0,0.0,-0.0
2020-04-25 13:00:00,284.0,0.0,0.0,16.970947,295.864496,0.0,0.0,-0.0
2020-04-25 14:00:00,284.0,0.0,0.0,-0.0,284.0,0.0,0.0,-0.0
2020-04-25 15:00:00,344.0,0.0,0.0,121.287879,304.0,0.0,0.0,-0.0
2020-04-25 16:00:00,404.0,60.0,0.0,283.035526,341.117994,0.0,0.0,16.332153
2020-04-25 17:00:00,436.0,0.0,0.0,20.400003,401.117994,0.0,0.0,25.025628
2020-04-25 18:00:00,436.0,0.0,0.0,26.324557,436.0,0.0,0.0,23.733163
2020-04-25 19:00:00,436.0,0.0,0.0,26.279661,436.0,0.0,0.0,73.879273
2020-04-25 20:00:00,436.0,0.0,0.0,23.366674,436.0,0.0,0.0,62.79742
2020-04-25 21:00:00,436.0,0.0,0.0,21.096593,436.0,0.0,0.0,21.99146
2020-04-25 22:00:00,436.0,0.0,0.0,21.096593,436.0,0.0,0.0,21.801606
2020-04-25 23:00:00,436.0,0.0,0.0,21.168781,436.0,0.0,0.0,21.801606
2020-04-26 00:00:00,436.0,0.0,0.0,21.843654,344.0,30.0,0.0,21.168781
2020-04-26 01:00:00,436.0,0.0,0.0,127.274563,404.0,0.0,0.0,24.865953
2020-04-26 02:00:00,436.0,60.0,0.0,233.035526,349.075938,0.0,0.0,18.531796
2020-04-26 03:00:00,436.0,63.10586,0.0,141.716991,320.847575,0.0,0.0,20.499006
2020-04-26 04:00:00,436.0,80.0,0.0,227.274563,338.890104,0.0,0.0,21.242588
2020-04-26 05:00:00,436.0,90.0,0.0,993.180903,295.4,0.0,0.0,-0.0
2020-04-26 06:00:00,418.731959,30.0,0.0,119.446534,296.4,0.0,0.0,-0.0
2020-04-26 07:00:00,358.731959,0.0,0.0,-0.0,295.4,0.0,0.0,-0.0
2020-04-26 08:00:00,298.731959,0.0,0.0,-0.0,302.460274,0.0,0.0,-0.0
2020-04-26 09:00:00,284.0,0.0,0.0,-0.0,315.85473,0.0,0.0,-0.0
2020-04-26 10:00:00,284.0,0.0,0.0,-0.0,321.914821,0.0,0.0,-0.0
2020-04-26 11:00:00,284.0,0.0,0.0,-0.0,319.434413,0.0,0.0,-0.0
2020-04-26 12:00:00,284.0,0.0,0.0,-0.0,315.088483,0.0,0.0,-0.0
2020-04-26 13:00:00,284.0,0.0,0.0,-0.0,309.683675,0.0,0.0,-0.0
2020-04-26 14:00:00,284.0,0.0,0.0,-0.0,304.0,0.0,0.0,-0.0
2020-04-26 15:00:00,284.0,0.0,0.0,-0.0,304.0,0.0,0.0,-0.0
2020-04-26 16:00:00,284.0,0.0,0.0,-0.0,298.4,0.0,0.0,-0.0
2020-04-26 17:00:00,298.158242,0.0,0.0,18.531796,290.4,0.0,0.0,-0.0
2020-04-26 18:00:00,358.158242,60.0,0.0,993.180903,346.0,0.0,0.0,18.416039
2020-04-26 19:00:00,418.158242,90.0,0.0,1000.0,406.0,0.0,0.0,102.082734
2020-04-26 20:00:00,436.0,90.0,0.0,1000.0,376.715589,0.0,0.0,18.208373
2020-04-26 21:00:00,436.0,90.0,0.0,1000.0,364.0,0.0,0.0,20.178023
2020-04-26 22:00:00,436.0,90.0,0.0,1000.0,304.0,0.0,0.0,7.372041
2020-04-26 23:00:00,436.0,90.0,0.0,1000.0,300.0,0.0,0.0,7.375179
2020-04-27 00:00:00,436.0,90.0,0.0,1000.0,290.0,30.0,0.0,-0.0
2020-04-27 01:00:00,436.0,90.0,0.0,1000.0,304.0,0.0,0.0,-0.0
2020-04-27 02:00:00,436.0,90.0,0.0,1000.0,304.0,0.0,0.0,-0.0
2020-04-27 03:00:00,436.0,90.0,0.0,1000.0,304.0,0.0,0.0,-0.0
2020-04-27 04:00:00,436.0,90.0,0.0,1000.0,359.40966,0.0,0.0,18.60404
2020-04-27 05:00:00,436.0,90.0,0.0,1000.0,304.0,0.0,0.0,-0.0
2020-04-27 06:00:00,436.0,90.0,0.0,1000.0,304.0,0.0,0.0,-0.0
2020-04-27 07:00:00,436.0,80.0,0.0,223.657594,304.0,0.0,0.0,-0.0
2020-04-27 08:00:00,376.0,20.0,0.0,-0.0,319.089274,0.0,0.0,-0.0
2020-04-27 09:00:00,316.0,0.0,0.0,-0.0,316.81324,0.0,0.0,-0.0
2020-04-27 10:00:00,284.0,0.0,0.0,-0.0,310.608836,0.0,0.0,-0.0
2020-04-27 11:00:00,284.0,0.0,0.0,-0.0,292.689,0.0,0.0,-0.0
2020-04-27 12:00:00,284.0,0.0,0.0,-0.0,284.0,0.0,0.0,-0.0
2020-04-27 13:00:00,284.0,0.0,0.0,16.970947,304.0,0.0,0.0,-0.0
2020-04-27 14:00:00,284.0,0.0,0.0,-0.0,364.0,0.0,0.0,23.005511
2020-04-27 15:00:00,284.0,0.0,0.0,18.072542,424.0,0.0,0.0,21.647258
2020-04-27 16:00:00,344.0,0.0,0.0,20.846138,436.0,0.0,0.0,24.718397
2020-04-27 17:00:00,332.207504,0.0,0.0,18.531796,436.0,0.0,0.0,26.643193
2020-04-27 18:00:00,392.207504,0.0,0.0,23.657594,436.0,0.0,0.0,27.30095
2020-04-27 19:00:00,436.0,0.0,0.0,26.324557,436.0,0.0,0.0,79.841339
2020-04-27 20:00:00,436.0,0.0,0.0,26.324557,436.0,0.0,0.0,65.483899
2020-04-27 21:00:00,436.0,0.0,0.0,23.128644,436.0,0.0,0.0,23.437807
2020-04-27 22:00:00,436.0,0.0,0.0,23.128644,436.0,0.0,0.0,23.657594
2020-04-27 23:00:00,436.0,0.0,0.0,23.437807,436.0,0.0,0.0,23.128644
2020-04-28 00:00:00,436.0,0.0,0.0,22.96816,344.0,30.0,0.0,22.96816
2020-04-28 01:00:00,436.0,0.0,0.0,136.124055,404.0,0.0,0.0,24.988833
2020-04-28 02:00:00,436.0,0.0,0.0,133.752662,436.0,0.0,0.0,26.846888
2020-04-28 03:00:00,436.0,60.0,0.0,1000.0,436.0,0.0,0.0,23.26295
2020-04-28 04:00:00,436.0,90.0,0.0,1000.0,424.0,0.0,0.0,25.67804
2020-04-28 05:00:00,436.0,90.0,0.0,1000.0,364.0,0.0,0.0,20.400003
2020-04-28 06:00:00,436.0,90.0,0.0,1000.0,304.0,0.0,0.0,-0.0
2020-04-28 07:00:00,436.0,30.0,0.0,123.437807,304.0,0.0,0.0,-0.0
2020-04-28 08:00:00,436.0,0.0,0.0,121.647258,306.546481,0.0,0.0,8.155569
2020-04-28 09:00:00,436.0,0.0,0.0,19.430296,301.7,0.0,0.0,-0.0
2020-04-28 10:00:00,436.0,0.0,0.0,120.400003,292.7,0.0,0.0,-0.0
2020-04-28 11:00:00,436.0,0.0,0.0,121.116714,287.7,0.0,0.0,-0.0
2020-04-28 12:00:00,436.0,0.0,0.0,121.116714,289.351909,0.0,0.0,-0.0
2020-04-28 13:00:00,435.809,0.0,0.0,121.647258,349.351909,0.0,0.0,14.994691
2020-04-28 14:00:00,434.789,0.0,0.0,121.647258,409.351909,0.0,0.0,22.068902
2020-04-28 15:00:00,433.862,0.0,0.0,19.430296,433.876,0.0,0.0,21.287879
2020-04-28 16:00:00,436.0,0.0,0.0,21.116714,436.0,0.0,0.0,25.124593
2020-04-28 17:00:00,376.0,0.0,0.0,-0.0,436.0,0.0,0.0,26.429316
2020-04-28 18:00:00,436.0,0.0,0.0,23.206766,436.0,0.0,0.0,70.281707
2020-04-28 19:00:00,436.0,0.0,0.0,26.324557,436.0,0.0,0.0,77.313264
2020-04-28 20:00:00,436.0,0.0,0.0,23.657594,436.0,0.0,0.0,26.755559
2020-04-28 21:00:00,436.0,0.0,0.0,21.287879,436.0,0.0,0.0,23.206766
2020-04-28 22:00:00,376.0,0.0,0.0,-0.0,436.0,0.0,0.0,22.576747
2020-04-28 23:00:00,316.0,0.0,0.0,-0.0,436.0,0.0,0.0,23.123499
2020-04-29 00:00:00,284.0,0.0,0.0,-0.0,344.0,2.0,0.0,25.9087
2020-04-29 01:00:00,284.0,0.0,0.0,-0.0,404.0,0.0,0.0,23.437807
2020-04-29 02:00:00,284.0,0.0,0.0,-0.0,436.0,0.0,0.0,23.128644
2020-04-29 03:00:00,284.0,0.0,0.0,-0.0,436.0,0.0,0.0,23.437807
2020-04-29 04:00:00,284.0,0.0,0.0,-0.0,424.0,0.0,0.0,22.732362
2020-04-29 05:00:00,284.0,0.0,0.0,-0.0,364.0,0.0,0.0,20.846138
2020-04-29 06:00:00,284.0,0.0,0.0,-0.0,304.0,0.0,0.0,-0.0
2020-04-29 07:00:00,284.0,0.0,0.0,-0.0,304.0,0.0,0.0,-0.0
2020-04-29 08:00:00,284.0,0.0,0.0,-0.0,345.336499,0.0,0.0,-0.0
2020-04-29 09:00:00,284.0,0.0,0.0,-0.0,356.202134,0.0,0.0,18.463561
2020-04-29 10:00:00,284.0,0.0,0.0,-0.0,376.0,0.0,0.0,13.117682
2020-04-29 11:00:00,284.0,0.0,0.0,-0.0,436.0,0.0,0.0,20.846138
2020-04-29 12:00:00,284.0,0.0,0.0,-0.0,436.0,0.0,0.0,21.647258
2020-04-29 13:00:00,284.0,0.0,0.0,-0.0,411.317681,0.0,0.0,21.287879
2020-04-29 14:00:00,284.0,0.0,0.0,-0.0,351.317681,0.0,0.0,19.983547
2020-04-29 15:00:00,284.0,0.0,0.0,-0.0,301.7,0.0,0.0,-0.0
2020-04-29 16:00:00,284.0,0.0,0.0,-0.0,304.0,0.0,0.0,15.799489
2020-04-29 17:00:00,284.0,0.0,0.0,-0.0,364.0,0.0,0.0,21.264104
2020-04-29 18:00:00,344.0,0.0,0.0,25.9087,424.0,0.0,0.0,35.289373
2020-04-29 19:00:00,404.0,0.0,0.0,26.429316,436.0,0.0,0.0,127.755129
2020-04-29 20:00:00,436.0,0.0,0.0,25.9087,436.0,0.0,0.0,26.261841
2020-04-29 21:00:00,436.0,0.0,0.0,23.437807,424.0,0.0,0.0,24.127989
2020-04-29 22:00:00,436.0,0.0,0.0,123.437807,364.0,0.0,0.0,19.983547
2020-04-29 23:00:00,409.385087,0.0,0.0,18.531796,304.0,0.0,0.0,0.0
2020-04-30 00:00:00,349.385087,0.0,0.0,-0.0,304.0,30.0,0.0,-0.0
2020-04-30 01:00:00,409.385087,0.0,0.0,20.846138,364.0,0.0,0.0,19.983547
2020-04-30 02:00:00,436.0,0.0,0.0,21.843654,424.0,0.0,0.0,23.073701
2020-04-30 03:00:00,436.0,0.0,0.0,21.647258,436.0,0.0,0.0,23.073701
2020-04-30 04:00:00,436.0,0.0,0.0,21.116411,424.0,0.0,0.0,56.058474
2020-04-30 05:00:00,436.0,0.0,0.0,21.116714,364.0,0.0,0.0,21.116714
2020-04-30 06:00:00,436.0,0.0,0.0,22.516066,304.0,0.0,0.0,-0.0
2020-04-30 07:00:00,436.0,0.0,0.0,21.843654,304.0,0.0,0.0,-0.0
2020-04-30 08:00:00,436.0,0.0,0.0,21.647258,364.0,0.0,0.0,21.647258
2020-04-30 09:00:00,436.0,0.0,0.0,30.709613,424.0,0.0,0.0,25.419001
2020-04-30 10:00:00,436.0,0.0,0.0,21.116714,436.0,0.0,0.0,28.905553
2020-04-30 11:00:00,436.0,0.0,0.0,19.983547,436.0,0.0,0.0,21.647258
2020-04-30 12:00:00,376.0,0.0,0.0,18.463561,436.0,0.0,0.0,21.116411
2020-04-30 13:00:00,397.128175,0.0,0.0,18.531796,436.0,0.0,0.0,21.288154
2020-04-30 14:00:00,436.0,0.0,0.0,19.685338,436.0,0.0,0.0,29.939973
2020-04-30 15:00:00,436.0,0.0,0.0,21.647258,436.0,0.0,0.0,22.492854
2020-04-30 16:00:00,436.0,0.0,0.0,21.288154,436.0,0.0,0.0,23.47509
2020-04-30 17:00:00,436.0,0.0,0.0,21.288154,436.0,0.0,0.0,26.325632
2020-04-30 18:00:00,436.0,0.0,0.0,23.206766,436.0,0.0,0.0,26.755559
2020-04-30 19:00:00,436.0,0.0,0.0,24.648561,436.0,0.0,0.0,76.681379
2020-04-30 20:00:00,436.0,0.0,0.0,24.934947,436.0,0.0,0.0,64.489818
2020-04-30 21:00:00,436.0,0.0,0.0,23.128644,436.0,0.0,0.0,26.163157
2020-04-30 22:00:00,436.0,0.0,0.0,22.576747,436.0,0.0,0.0,26.755559
2020-04-30 23:00:00,436.0,0.0,0.0,22.576747,436.0,0.0,0.0,25.9087
2020-05-01 00:00:00,436.0,0.0,0.0,22.96816,344.0,30.0,0.0,24.817119
2020-05-01 01:00:00,436.0,0.0,0.0,22.576747,404.0,0.0,0.0,23.437807
2020-05-01 02:00:00,436.0,0.0,0.0,23.128644,436.0,0.0,0.0,23.87513
2020-05-01 03:00:00,436.0,0.0,0.0,23.128644,436.0,0.0,0.0,23.437807
2020-05-01 04:00:00,436.0,0.0,0.0,22.96816,436.0,0.0,0.0,31.727661
2020-05-01 05:00:00,436.0,0.0,0.0,23.437807,436.0,0.0,0.0,22.516066
2020-05-01 06:00:00,436.0,0.0,0.0,22.732362,436.0,0.0,0.0,21.287879
2020-05-01 07:00:00,436.0,0.0,0.0,20.846138,407.537285,0.0,0.0,20.846138
2020-05-01 08:00:00,436.0,0.0,0.0,18.573789,347.537285,0.0,0.0,19.430296
2020-05-01 09:00:00,376.0,0.0,0.0,-0.0,287.537285,0.0,0.0,-0.0
2020-05-01 10:00:00,316.0,0.0,0.0,-0.0,284.0,0.0,0.0,-0.0
2020-05-01 11:00:00,284.0,0.0,0.0,-0.0,284.0,0.0,0.0,-0.0
2020-05-01 12:00:00,284.0,0.0,0.0,-0.0,284.0,0.0,0.0,-0.0
2020-05-01 13:00:00,284.0,0.0,0.0,-0.0,284.0,0.0,0.0,-0.0
2020-05-01 14:00:00,284.0,0.0,0.0,18.072542,284.0,0.0,0.0,-0.0
2020-05-01 15:00:00,284.0,0.0,0.0,16.970947,344.0,0.0,0.0,19.983547
2020-05-01 16:00:00,344.0,0.0,0.0,19.685338,404.0,0.0,0.0,21.647258
2020-05-01 17:00:00,284.0,0.0,0.0,-0.0,436.0,0.0,0.0,25.22903
2020-05-01 18:00:00,344.0,0.0,0.0,22.96816,436.0,0.0,0.0,27.330052
2020-05-01 19:00:00,404.0,0.0,0.0,23.128644,436.0,0.0,0.0,75.14936
2020-05-01 20:00:00,436.0,0.0,0.0,23.437807,436.0,0.0,0.0,63.203872
2020-05-01 21:00:00,436.0,0.0,0.0,23.437807,436.0,0.0,0.0,26.755559
2020-05-01 22:00:00,436.0,0.0,0.0,23.206766,436.0,0.0,0.0,26.324557
2020-05-01 23:00:00,436.0,0.0,0.0,23.657594,436.0,0.0,0.0,23.87513
2020-05-02 00:00:00,436.0,0.0,0.0,21.843654,344.0,30.0,0.0,26.324557
2020-05-02 01:00:00,436.0,0.0,0.0,21.474047,404.0,0.0,0.0,26.864971
2020-05-02 02:00:00,436.0,0.0,0.0,21.647258,436.0,0.0,0.0,23.657594
2020-05-02 03:00:00,436.0,0.0,0.0,21.474047,436.0,0.0,0.0,25.385525
2020-05-02 04:00:00,436.0,0.0,0.0,21.843654,436.0,0.0,0.0,29.937626
2020-05-02 05:00:00,436.0,0.0,0.0,123.437807,424.0,0.0,0.0,21.288154
2020-05-02 06:00:00,436.0,0.0,0.0,21.647258,364.0,0.0,0.0,19.983547
2020-05-02 07:00:00,436.0,0.0,0.0,19.983547,304.0,0.0,0.0,-0.0
2020-05-02 08:00:00,424.527846,0.0,0.0,18.531796,289.4,0.0,0.0,-0.0
2020-05-02 09:00:00,364.527846,0.0,0.0,-0.0,284.0,0.0,0.0,-0.0
2020-05-02 10:00:00,304.527846,0.0,0.0,14.191367,284.0,0.0,0.0,-0.0
2020-05-02 11:00:00,284.0,0.0,0.0,-0.0,284.0,0.0,0.0,-0.0
2020-05-02 12:00:00,284.0,0.0,0.0,-0.0,284.0,0.0,0.0,-0.0
2020-05-02 13:00:00,284.0,0.0,0.0,-0.0,284.0,0.0,0.0,-0.0
2020-05-02 14:00:00,284.0,0.0,0.0,-0.0,284.0,0.0,0.0,-0.0
2020-05-02 15:00:00,284.0,0.0,0.0,-0.0,284.0,0.0,0.0,-0.0
2020-05-02 16:00:00,284.0,0.0,0.0,-0.0,304.0,0.0,0.0,5.250844
2020-05-02 17:00:00,284.0,0.0,0.0,18.463561,364.0,0.0,0.0,23.206766
2020-05-02 18:00:00,344.0,0.0,0.0,125.9087,424.0,0.0,0.0,41.193
2020-05-02 19:00:00,404.0,0.0,0.0,23.87513,436.0,0.0,0.0,70.754027
2020-05-02 20:00:00,436.0,0.0,0.0,21.513966,436.0,0.0,0.0,76.245579
2020-05-02 21:00:00,436.0,0.0,0.0,21.474047,424.0,0.0,0.0,23.888087
2020-05-02 22:00:00,411.58628,0.0,0.0,18.531796,364.0,0.0,0.0,22.294139
2020-05-02 23:00:00,436.0,0.0,0.0,22.576747,304.0,0.0,0.0,-0.0
2020-05-03 00:00:00,376.0,0.0,0.0,18.463561,304.0,30.0,0.0,23.292887
2020-05-03 01:00:00,436.0,0.0,0.0,120.846138,304.0,0.0,0.0,-0.0
2020-05-03 02:00:00,376.0,0.0,0.0,18.463561,304.0,0.0,0.0,-0.0
2020-05-03 03:00:00,340.240451,0.0,0.0,18.531796,304.0,0.0,0.0,-0.0
2020-05-03 04:00:00,284.0,0.0,0.0,-0.0,304.0,0.0,0.0,-0.0
2020-05-03 05:00:00,284.0,0.0,0.0,-0.0,304.0,0.0,0.0,-0.0
2020-05-03 06:00:00,284.0,0.0,0.0,-0.0,308.457478,0.0,0.0,-0.0
2020-05-03 07:00:00,284.0,0.0,0.0,-0.0,304.0,0.0,0.0,-0.0
2020-05-03 08:00:00,284.0,0.0,0.0,-0.0,304.0,0.0,0.0,-0.0
2020-05-03 09:00:00,284.0,0.0,0.0,-0.0,288.4,0.0,0.0,-0.0
2020-05-03 10:00:00,284.0,0.0,0.0,-0.0,297.646261,0.0,0.0,-0.0
2020-05-03 11:00:00,284.0,0.0,0.0,-0.0,284.0,0.0,0.0,-0.0
2020-05-03 12:00:00,284.0,0.0,0.0,-0.0,284.0,0.0,0.0,-0.0
2020-05-03 13:00:00,284.0,0.0,0.0,-0.0,284.0,0.0,0.0,-0.0
2020-05-03 14:00:00,320.799601,0.0,0.0,18.531796,321.763077,0.0,0.0,19.406046
2020-05-03 15:00:00,284.0,0.0,0.0,16.970947,381.763077,0.0,0.0,22.46522
2020-05-03 16:00:00,344.0,0.0,0.0,19.430296,436.0,0.0,0.0,21.843654
2020-05-03 17:00:00,284.0,0.0,0.0,15.731586,436.0,0.0,0.0,26.755559
2020-05-03 18:00:00,344.0,0.0,0.0,25.9087,436.0,0.0,0.0,27.929537
2020-05-03 19:00:00,404.0,0.0,0.0,26.429316,436.0,0.0,0.0,81.163241
2020-05-03 20:00:00,436.0,0.0,0.0,26.429316,436.0,0.0,0.0,65.240961
2020-05-03 21:00:00,436.0,0.0,0.0,23.128644,436.0,0.0,0.0,25.9087
2020-05-03 22:00:00,436.0,0.0,0.0,22.492854,436.0,0.0,0.0,21.843654
2020-05-03 23:00:00,436.0,0.0,0.0,22.576747,436.0,0.0,0.0,22.96816
2020-05-04 00:00:00,432.530399,0.0,0.0,18.531796,344.0,30.0,0.0,22.732362
2020-05-04 01:00:00,372.530399,0.0,0.0,-0.0,404.0,0.0,0.0,23.657594
2020-05-04 02:00:00,312.530399,0.0,0.0,-0.0,436.0,0.0,0.0,26.324557
2020-05-04 03:00:00,284.0,0.0,0.0,-0.0,436.0,12.771478,0.0,26.324557
2020-05-04 04:00:00,284.0,0.0,0.0,-0.0,408.940229,0.0,0.0,35.9089
2020-05-04 05:00:00,284.0,0.0,0.0,16.970947,348.940229,0.0,0.0,13.404781
2020-05-04 06:00:00,284.0,0.0,0.0,-0.0,295.4,0.0,0.0,-0.0
2020-05-04 07:00:00,284.0,0.0,0.0,-0.0,296.4,0.0,0.0,-0.0
2020-05-04 08:00:00,284.0,0.0,0.0,-0.0,292.4,0.0,0.0,-0.0
2020-05-04 09:00:00,284.0,0.0,0.0,-0.0,293.4,0.0,0.0,-0.0
2020-05-04 10:00:00,284.0,0.0,0.0,-0.0,293.4,0.0,0.0,-0.0
2020-05-04 11:00:00,284.0,0.0,0.0,-0.0,296.4,0.0,0.0,-0.0
2020-05-04 12:00:00,284.0,0.0,0.0,-0.0,293.4,0.0,0.0,-0.0
2020-05-04 13:00:00,284.0,0.0,0.0,-0.0,293.4,0.0,0.0,-0.0
2020-05-04 14:00:00,284.0,0.0,0.0,-0.0,291.4,0.0,0.0,-0.0
2020-05-04 15:00:00,284.0,0.0,0.0,-0.0,291.4,0.0,0.0,19.433266
2020-05-04 16:00:00,323.056929,0.0,0.0,18.531796,337.731612,0.0,0.0,5.877595
2020-05-04 17:00:00,383.056929,0.0,0.0,21.474047,397.731612,0.0,0.0,20.743083
2020-05-04 18:00:00,436.0,60.0,0.0,283.752662,436.0,0.0,0.0,22.656972
2020-05-04 19:00:00,436.0,80.0,0.0,233.752662,436.0,0.0,0.0,70.596133
2020-05-04 20:00:00,436.0,90.0,0.0,285.472649,436.0,0.0,0.0,76.873984
2020-05-04 21:00:00,426.0,80.0,0.0,214.667594,436.0,0.0,0.0,21.118653
2020-05-04 22:00:00,366.0,20.0,0.0,117.063367,436.0,0.0,0.0,19.91836
2020-05-04 23:00:00,426.0,0.0,0.0,21.168781,381.806067,0.0,0.0,19.91836
2020-05-05 00:00:00,406.784149,0.0,0.0,18.531796,284.0,30.0,0.0,18.208373
2020-05-05 01:00:00,346.784149,0.0,0.0,17.641822,284.0,0.0,0.0,8.667021
2020-05-05 02:00:00,406.784149,0.0,0.0,19.91836,284.0,0.0,0.0,17.641822
2020-05-05 03:00:00,436.0,0.0,0.0,56.625938,344.0,0.0,0.0,18.60404
2020-05-05 04:00:00,398.453732,0.0,0.0,119.446534,373.341207,0.0,0.0,20.989617
2020-05-05 05:00:00,436.0,45.008447,0.0,141.716991,313.341207,0.0,0.0,17.265035
2020-05-05 06:00:00,436.0,0.0,0.0,122.492854,284.0,0.0,0.0,-0.0
2020-05-05 07:00:00,436.0,10.231931,0.0,141.716991,284.0,0.0,0.0,-0.0
2020-05-05 08:00:00,436.0,0.0,0.0,126.755559,284.0,0.0,0.0,-0.0
2020-05-05 09:00:00,436.0,0.0,0.0,123.657594,344.0,0.0,0.0,18.939104
2020-05-05 10:00:00,436.0,45.226379,0.0,141.716991,404.0,0.0,0.0,19.685338
2020-05-05 11:00:00,436.0,18.280764,0.0,141.716991,424.466935,0.0,0.0,22.748117
2020-05-05 12:00:00,436.0,0.0,0.0,120.846138,364.466935,0.0,0.0,19.430296
2020-05-05 13:00:00,391.987356,0.0,0.0,18.531796,424.466935,0.0,0.0,24.666386
2020-05-05 14:00:00,436.0,0.0,0.0,19.430296,436.0,0.0,0.0,23.426229
2020-05-05 15:00:00,436.0,0.0,0.0,20.400003,436.0,0.0,0.0,25.10081
2020-05-05 16:00:00,436.0,0.0,0.0,21.287879,436.0,0.0,0.0,26.300263
2020-05-05 17:00:00,436.0,0.0,0.0,20.846138,436.0,0.0,0.0,26.790897
2020-05-05 18:00:00,436.0,0.0,0.0,26.324557,436.0,0.0,0.0,64.966631
2020-05-05 19:00:00,436.0,0.0,0.0,26.429316,436.0,0.0,0.0,75.799899
2020-05-05 20:00:00,436.0,0.0,0.0,26.429316,436.0,0.0,0.0,27.37153
2020-05-05 21:00:00,436.0,0.0,0.0,23.657594,436.0,0.0,0.0,26.429316
2020-05-05 22:00:00,436.0,0.0,0.0,23.206766,436.0,0.0,0.0,26.324557
2020-05-05 23:00:00,436.0,0.0,0.0,22.492854,436.0,0.0,0.0,25.96693
2020-05-06 00:00:00,436.0,0.0,0.0,21.647258,344.0,30.0,0.0,27.858332
2020-05-06 01:00:00,436.0,0.0,0.0,22.492854,404.0,0.0,0.0,25.677793
2020-05-06 02:00:00,436.0,0.0,0.0,21.99146,436.0,0.0,0.0,23.437807
2020-05-06 03:00:00,436.0,0.0,0.0,21.62631,436.0,0.0,0.0,26.104386
2020-05-06 04:00:00,436.0,0.0,0.0,22.441135,436.0,0.0,0.0,28.725895
2020-05-06 05:00:00,436.0,0.0,0.0,22.497642,424.0,0.0,0.0,21.843654
2020-05-06 06:00:00,436.0,0.0,0.0,21.62631,364.0,0.0,0.0,18.60404
2020-05-06 07:00:00,436.0,0.0,0.0,19.133765,304.0,0.0,0.0,-0.0
2020-05-06 08:00:00,376.0,0.0,0.0,-0.0,284.0,0.0,0.0,-0.0
2020-05-06 09:00:00,316.0,0.0,0.0,-0.0,284.0,0.0,0.0,-0.0
2020-05-06 10:00:00,284.0,0.0,0.0,-0.0,284.0,0.0,0.0,-0.0
2020-05-06 11:00:00,284.0,0.0,0.0,-0.0,284.0,0.0,0.0,-0.0
2020-05-06 12:00:00,284.0,0.0,0.0,-0.0,304.0,0.0,0.0,1.220803
2020-05-06 13:00:00,284.0,0.0,0.0,-0.0,364.0,0.0,0.0,20.846138
2020-05-06 14:00:00,284.0,0.0,0.0,16.212661,424.0,0.0,0.0,21.24277
2020-05-06 15:00:00,284.0,0.0,0.0,-0.0,436.0,0.0,0.0,21.843654
2020-05-06 16:00:00,284.0,0.0,0.0,-0.0,436.0,0.0,0.0,23.652631
2020-05-06 17:00:00,284.0,0.0,0.0,-0.0,436.0,0.0,0.0,27.502618
2020-05-06 18:00:00,344.0,0.0,0.0,19.133765,436.0,0.0,0.0,73.471899
2020-05-06 19:00:00,404.0,0.0,0.0,20.846138,436.0,0.0,0.0,68.880728
2020-05-06 20:00:00,436.0,0.0,0.0,20.726727,436.0,0.0,0.0,23.657594
2020-05-06 21:00:00,436.0,0.0,0.0,21.118653,436.0,0.0,0.0,21.116714
2020-05-06 22:00:00,436.0,0.0,0.0,19.153665,436.0,0.0,0.0,20.726727
2020-05-06 23:00:00,376.0,0.0,0.0,18.208373,436.0,0.0,0.0,21.131574
2020-05-07 00:00:00,436.0,0.0,0.0,19.133765,344.0,30.0,0.0,22.661489
2020-05-07 01:00:00,376.0,0.0,0.0,12.446703,284.0,0.0,0.0,19.133765
2020-05-07 02:00:00,316.0,0.0,0.0,16.212661,284.0,0.0,0.0,18.60404
2020-05-07 03:00:00,284.0,0.0,0.0,17.265035,303.854997,0.0,0.0,19.153665
2020-05-07 04:00:00,323.122276,0.0,0.0,18.531796,363.854997,0.0,0.0,26.000824
2020-05-07 05:00:00,383.122276,0.0,0.0,21.118653,364.0,0.0,0.0,19.153665
2020-05-07 06:00:00,380.595306,0.0,0.0,18.531796,304.0,0.0,0.0,-0.0
2020-05-07 07:00:00,320.595306,0.0,0.0,-0.0,304.0,0.0,0.0,-0.0
2020-05-07 08:00:00,284.0,0.0,0.0,-0.0,297.4,0.0,0.0,-0.0
2020-05-07 09:00:00,284.0,0.0,0.0,-0.0,304.0,0.0,0.0,-0.0
2020-05-07 10:00:00,284.0,0.0,0.0,-0.0,290.4,0.0,0.0,-0.0
2020-05-07 11:00:00,284.0,0.0,0.0,-0.0,284.0,0.0,0.0,-0.0
2020-05-07 12:00:00,284.0,0.0,0.0,-0.0,284.0,0.0,0.0,-0.0
2020-05-07 13:00:00,284.0,0.0,0.0,-0.0,344.0,0.0,0.0,18.463561
2020-05-07 14:00:00,284.0,0.0,0.0,-0.0,404.0,0.0,0.0,21.43811
2020-05-07 15:00:00,284.0,0.0,0.0,-0.0,436.0,0.0,0.0,22.148917
2020-05-07 16:00:00,284.0,0.0,0.0,16.970947,436.0,0.0,0.0,25.068443
2020-05-07 17:00:00,284.0,0.0,0.0,-0.0,436.0,0.0,0.0,25.092972
2020-05-07 18:00:00,344.0,0.0,0.0,23.206766,436.0,0.0,0.0,65.361697
2020-05-07 19:00:00,404.0,0.0,0.0,25.9087,436.0,0.0,0.0,79.071336
2020-05-07 20:00:00,436.0,0.0,0.0,23.437807,436.0,0.0,0.0,25.9087
2020-05-07 21:00:00,436.0,0.0,0.0,22.516066,436.0,0.0,0.0,23.128644
2020-05-07 22:00:00,436.0,0.0,0.0,21.116714,436.0,0.0,0.0,23.437807
2020-05-07 23:00:00,436.0,0.0,0.0,18.573789,436.0,0.0,0.0,23.657594
2020-05-08 00:00:00,376.0,0.0,0.0,16.970947,344.0,30.0,0.0,26.324557
2020-05-08 01:00:00,436.0,0.0,0.0,21.287879,404.0,0.0,0.0,23.206766
2020-05-08 02:00:00,436.0,0.0,0.0,21.287879,436.0,0.0,0.0,23.128644
2020-05-08 03:00:00,436.0,0.0,0.0,21.288154,436.0,0.0,0.0,22.732362
2020-05-08 04:00:00,436.0,0.0,0.0,21.647258,436.0,0.0,0.0,33.950771
2020-05-08 05:00:00,436.0,0.0,0.0,22.732362,436.0,0.0,0.0,22.96816
2020-05-08 06:00:00,436.0,0.0,0.0,21.647258,436.0,0.0,0.0,21.116411
2020-05-08 07:00:00,436.0,0.0,0.0,19.430296,436.0,0.0,0.0,19.983547
2020-05-08 08:00:00,376.0,0.0,0.0,-0.0,377.636197,0.0,0.0,19.983547
2020-05-08 09:00:00,316.0,0.0,0.0,-0.0,317.636197,0.0,0.0,8.568749
2020-05-08 10:00:00,284.0,0.0,0.0,-0.0,284.0,0.0,0.0,-0.0
2020-05-08 11:00:00,284.0,0.0,0.0,-0.0,284.0,0.0,0.0,-0.0
2020-05-08 12:00:00,284.0,0.0,0.0,-0.0,284.0,0.0,0.0,-0.0
2020-05-08 13:00:00,284.0,0.0,0.0,-0.0,284.702869,0.0,0.0,-0.0
2020-05-08 14:00:00,344.0,0.0,0.0,18.573789,344.702869,0.0,0.0,16.970947
2020-05-08 15:00:00,378.002263,0.0,0.0,18.531796,404.702869,0.0,0.0,21.116714
2020-05-08 16:00:00,436.0,0.0,0.0,20.400003,436.0,0.0,0.0,22.732362
2020-05-08 17:00:00,436.0,0.0,0.0,19.983547,436.0,0.0,0.0,23.657594
2020-05-08 18:00:00,436.0,0.0,0.0,26.324557,436.0,0.0,0.0,26.322434
2020-05-08 19:00:00,436.0,0.0,0.0,27.050889,436.0,0.0,0.0,79.071336
2020-05-08 20:00:00,436.0,0.0,0.0,127.755129,436.0,0.0,0.0,65.447276
2020-05-08 21:00:00,436.0,0.0,0.0,127.050889,436.0,0.0,0.0,23.206766
2020-05-08 22:00:00,436.0,60.0,0.0,283.035526,436.0,0.0,0.0,22.206044
2020-05-08 23:00:00,436.0,80.0,0.0,227.274616,436.0,0.0,0.0,21.287879
2020-05-09 00:00:00,436.0,90.0,0.0,1091.313411,410.0,30.0,0.0,23.928334
2020-05-09 01:00:00,436.0,90.0,0.0,1000.0,352.4,0.0,0.0,19.430296
2020-05-09 02:00:00,436.0,90.0,0.0,1000.0,292.4,0.0,0.0,-0.0
2020-05-09 03:00:00,436.0,90.0,0.0,1000.0,292.4,0.0,0.0,-0.0
2020-05-09 04:00:00,436.0,90.0,0.0,1000.0,292.4,0.0,0.0,-0.0
2020-05-09 05:00:00,436.0,90.0,0.0,1000.0,296.4,0.0,0.0,-0.0
2020-05-09 06:00:00,436.0,30.0,0.0,122.516066,296.4,0.0,0.0,-0.0
2020-05-09 07:00:00,419.682223,0.0,0.0,18.531796,299.4,0.0,0.0,-0.0
2020-05-09 08:00:00,359.682223,0.0,0.0,-0.0,297.4,0.0,0.0,-0.0
2020-05-09 09:00:00,330.18672,0.0,0.0,18.531796,296.4,0.0,0.0,-0.0
2020-05-09 10:00:00,284.0,0.0,0.0,18.072542,293.4,0.0,0.0,-0.0
2020-05-09 11:00:00,284.0,0.0,0.0,-0.0,287.496181,0.0,0.0,-0.0
2020-05-09 12:00:00,284.0,0.0,0.0,-0.0,295.411454,0.0,0.0,-0.0
2020-05-09 13:00:00,284.0,0.0,0.0,-0.0,303.280528,0.0,0.0,-0.0
2020-05-09 14:00:00,284.0,0.0,0.0,-0.0,301.720125,0.0,0.0,-0.0
2020-05-09 15:00:00,284.0,0.0,0.0,-0.0,303.532454,0.0,0.0,-0.0
2020-05-09 16:00:00,284.0,0.0,0.0,-0.0,304.0,0.0,0.0,-0.0
2020-05-09 17:00:00,284.0,0.0,0.0,-0.0,364.0,0.0,0.0,19.430296
2020-05-09 18:00:00,344.0,0.0,0.0,123.437807,424.0,0.0,0.0,36.720798
2020-05-09 19:00:00,404.0,0.0,0.0,21.116714,436.0,0.0,0.0,124.183786
2020-05-09 20:00:00,436.0,0.0,0.0,19.983547,436.0,0.0,0.0,29.957555
2020-05-09 21:00:00,436.0,0.0,0.0,19.983547,419.604416,0.0,0.0,19.430296
2020-05-09 22:00:00,432.948889,0.0,0.0,18.531796,364.0,0.0,0.0,20.846138
2020-05-09 23:00:00,372.948889,0.0,0.0,-0.0,304.0,0.0,0.0,7.35087
2020-05-10 00:00:00,312.948889,0.0,0.0,-0.0,295.0,17.0,0.0,-0.0
2020-05-10 01:00:00,372.948889,0.0,0.0,19.430296,304.0,0.0,0.0,-0.0
2020-05-10 02:00:00,432.948889,0.0,0.0,20.400003,304.0,0.0,0.0,-0.0
2020-05-10 03:00:00,372.948889,0.0,0.0,16.970947,304.0,0.0,0.0,-0.0
2020-05-10 04:00:00,312.948889,0.0,0.0,-0.0,304.0,0.0,0.0,-0.0
2020-05-10 05:00:00,284.0,0.0,0.0,-0.0,304.0,0.0,0.0,-0.0
2020-05-10 06:00:00,284.0,0.0,0.0,-0.0,304.0,0.0,0.0,-0.0
2020-05-10 07:00:00,284.0,0.0,0.0,-0.0,304.0,0.0,0.0,-0.0
2020-05-10 08:00:00,284.0,0.0,0.0,-0.0,304.0,0.0,0.0,-0.0
2020-05-10 09:00:00,284.0,0.0,0.0,-0.0,304.0,0.0,0.0,-0.0
2020-05-10 10:00:00,284.0,0.0,0.0,-0.0,304.0,0.0,0.0,-0.0
2020-05-10 11:00:00,284.0,0.0,0.0,-0.0,302.0,0.0,0.0,-0.0
2020-05-10 12:00:00,284.0,0.0,0.0,-0.0,336.77728,0.0,0.0,-0.0
2020-05-10 13:00:00,284.0,0.0,0.0,-0.0,341.640546,0.0,0.0,-0.0
2020-05-10 14:00:00,284.0,0.0,0.0,-0.0,318.550312,0.0,0.0,-0.0
2020-05-10 15:00:00,284.0,0.0,0.0,-0.0,304.0,0.0,0.0,-0.0
2020-05-10 16:00:00,284.0,0.0,0.0,-0.0,304.0,0.0,0.0,-0.0
2020-05-10 17:00:00,284.0,0.0,0.0,-0.0,352.674836,0.0,0.0,17.141267
2020-05-10 18:00:00,344.0,0.0,0.0,19.133765,412.674836,0.0,0.0,20.017682
2020-05-10 19:00:00,404.0,0.0,0.0,20.726727,434.01154,0.0,0.0,80.585586
2020-05-10 20:00:00,344.0,0.0,0.0,17.477763,424.0,0.0,0.0,67.456786
2020-05-10 21:00:00,363.696646,0.0,0.0,18.531796,364.0,0.0,0.0,20.913089
2020-05-10 22:00:00,303.696646,0.0,0.0,-0.0,304.0,0.0,0.0,-0.0
2020-05-10 23:00:00,284.0,0.0,0.0,-0.0,361.723853,0.0,0.0,20.270468
2020-05-11 00:00:00,284.0,0.0,0.0,-0.0,344.0,7.0,0.0,62.509763
2020-05-11 01:00:00,284.0,0.0,0.0,-0.0,404.0,0.0,0.0,69.863482
2020-05-11 02:00:00,284.0,0.0,0.0,-0.0,423.043991,0.0,0.0,25.719229
2020-05-11 03:00:00,284.0,0.0,0.0,-0.0,363.043991,0.0,0.0,19.983547
2020-05-11 04:00:00,284.0,0.0,0.0,-0.0,364.0,0.0,0.0,28.316942
2020-05-11 05:00:00,284.0,0.0,0.0,-0.0,304.0,0.0,0.0,-0.0
2020-05-11 06:00:00,284.0,0.0,0.0,-0.0,295.4,0.0,0.0,-0.0
2020-05-11 07:00:00,284.0,0.0,0.0,-0.0,292.4,0.0,0.0,-0.0
2020-05-11 08:00:00,284.0,0.0,0.0,-0.0,287.4,0.0,0.0,-0.0
2020-05-11 09:00:00,284.0,0.0,0.0,-0.0,306.81582,0.0,0.0,-0.0
2020-05-11 10:00:00,284.0,0.0,0.0,-0.0,287.148091,0.0,0.0,-0.0
2020-05-11 11:00:00,284.0,0.0,0.0,-0.0,318.117992,0.0,0.0,-0.0
2020-05-11 12:00:00,284.0,0.0,0.0,-0.0,319.015825,0.0,0.0,-0.0
2020-05-11 13:00:00,284.0,0.0,0.0,18.072542,304.0,0.0,0.0,-0.0
2020-05-11 14:00:00,284.0,0.0,0.0,18.072542,364.0,0.0,0.0,19.630543
2020-05-11 15:00:00,344.0,0.0,0.0,21.116714,424.0,0.0,0.0,21.425165
2020-05-11 16:00:00,404.0,0.0,0.0,20.846138,436.0,0.0,0.0,22.732362
2020-05-11 17:00:00,436.0,0.0,0.0,23.437807,436.0,0.0,0.0,26.690906
2020-05-11 18:00:00,436.0,0.0,0.0,26.790897,436.0,0.0,0.0,69.621677
2020-05-11 19:00:00,436.0,0.0,0.0,26.790897,436.0,0.0,0.0,79.050133
2020-05-11 20:00:00,436.0,0.0,0.0,22.766517,436.0,0.0,0.0,23.437807
2020-05-11 21:00:00,436.0,0.0,0.0,21.736046,436.0,0.0,0.0,20.726727
2020-05-11 22:00:00,434.426,0.0,0.0,22.441135,436.0,0.0,0.0,19.153665
2020-05-11 23:00:00,374.426,0.0,0.0,117.739048,436.0,0.0,0.0,20.726727
2020-05-12 00:00:00,434.426,0.0,0.0,21.801606,344.0,30.0,0.0,30.380122
2020-05-12 01:00:00,436.0,0.0,0.0,21.168781,404.0,0.0,0.0,21.513966
2020-05-12 02:00:00,436.0,0.0,0.0,19.133765,436.0,0.0,0.0,21.168781
2020-05-12 03:00:00,436.0,0.0,0.0,18.60404,436.0,0.0,0.0,21.168781
2020-05-12 04:00:00,436.0,0.0,0.0,21.116714,412.772049,0.0,0.0,21.647258
2020-05-12 05:00:00,436.0,0.0,0.0,22.96816,352.772049,0.0,0.0,18.072542
2020-05-12 06:00:00,436.0,0.0,0.0,19.983547,292.772049,0.0,0.0,-0.0
2020-05-12 07:00:00,436.0,0.0,0.0,21.287879,284.0,0.0,0.0,-0.0
2020-05-12 08:00:00,436.0,0.0,0.0,21.287879,284.0,0.0,0.0,-0.0
2020-05-12 09:00:00,434.654,0.0,0.0,122.516066,284.0,0.0,0.0,15.809253
2020-05-12 10:00:00,432.827,0.0,0.0,21.647258,284.0,0.0,0.0,16.970947
2020-05-12 11:00:00,431.297,0.0,0.0,21.287879,344.0,0.0,0.0,18.573789
2020-05-12 12:00:00,430.007,0.0,0.0,122.516066,404.0,0.0,0.0,19.983547
2020-05-12 13:00:00,428.903,0.0,0.0,21.647258,427.51,0.0,0.0,22.937242
2020-05-12 14:00:00,436.0,0.0,0.0,19.430296,436.0,0.0,0.0,24.184565
2020-05-12 15:00:00,436.0,0.0,0.0,21.287879,436.0,0.0,0.0,25.766615
2020-05-12 16:00:00,436.0,0.0,0.0,21.287879,436.0,0.0,0.0,26.535236
2020-05-12 17:00:00,436.0,0.0,0.0,22.732362,436.0,0.0,0.0,27.0827
2020-05-12 18:00:00,436.0,0.0,0.0,25.9087,436.0,0.0,0.0,60.77297
2020-05-12 19:00:00,436.0,0.0,0.0,26.790897,436.0,0.0,0.0,81.163241
2020-05-12 20:00:00,436.0,0.0,0.0,26.429316,436.0,0.0,0.0,30.740581
2020-05-12 21:00:00,436.0,0.0,0.0,25.9087,436.0,0.0,0.0,26.790897
2020-05-12 22:00:00,436.0,0.0,0.0,27.050889,436.0,0.0,0.0,26.814519
2020-05-12 23:00:00,436.0,0.0,0.0,23.657594,436.0,0.0,0.0,26.324557
2020-05-13 00:00:00,436.0,0.0,0.0,23.128644,344.0,30.0,0.0,26.324557
2020-05-13 01:00:00,436.0,0.0,0.0,22.732362,404.0,0.0,0.0,27.49551
2020-05-13 02:00:00,436.0,0.0,0.0,23.437807,436.0,0.0,0.0,23.657594
2020-05-13 03:00:00,436.0,0.0,0.0,22.732362,436.0,0.0,0.0,23.657594
2020-05-13 04:00:00,436.0,0.0,0.0,22.732362,436.0,0.0,0.0,30.854782
2020-05-13 05:00:00,436.0,0.0,0.0,126.324557,424.0,0.0,0.0,22.732362
2020-05-13 06:00:00,436.0,0.0,0.0,22.516066,364.0,0.0,0.0,20.400003
2020-05-13 07:00:00,436.0,0.0,0.0,20.400003,304.0,0.0,0.0,-0.0
2020-05-13 08:00:00,376.0,0.0,0.0,-0.0,284.0,0.0,0.0,-0.0
2020-05-13 09:00:00,316.0,0.0,0.0,-0.0,284.0,0.0,0.0,-0.0
2020-05-13 10:00:00,284.0,0.0,0.0,-0.0,284.0,0.0,0.0,-0.0
2020-05-13 11:00:00,284.0,0.0,0.0,-0.0,304.0,0.0,0.0,-0.0
2020-05-13 12:00:00,284.0,0.0,0.0,-0.0,364.0,0.0,0.0,19.983547
2020-05-13 13:00:00,322.393239,0.0,0.0,18.531796,424.0,0.0,0.0,22.516066
2020-05-13 14:00:00,382.393239,0.0,0.0,20.846138,436.0,0.0,0.0,25.852108
2020-05-13 15:00:00,436.0,0.0,0.0,21.116714,436.0,0.0,0.0,23.657594
2020-05-13 16:00:00,436.0,0.0,0.0,20.400003,436.0,0.0,0.0,26.429316
2020-05-13 17:00:00,436.0,0.0,0.0,26.324557,436.0,0.0,0.0,27.481783
2020-05-13 18:00:00,436.0,0.0,0.0,26.429316,436.0,0.0,0.0,77.313264
2020-05-13 19:00:00,436.0,0.0,0.0,27.050889,436.0,0.0,0.0,69.259211
2020-05-13 20:00:00,436.0,0.0,0.0,26.324557,436.0,0.0,0.0,26.790897
2020-05-13 21:00:00,436.0,0.0,0.0,26.324557,436.0,0.0,0.0,26.666369
2020-05-13 22:00:00,436.0,0.0,0.0,23.128644,436.0,0.0,0.0,26.429316
2020-05-13 23:00:00,436.0,0.0,0.0,26.324557,436.0,0.0,0.0,23.657594
2020-05-14 00:00:00,436.0,0.0,0.0,26.324557,344.0,30.0,0.0,27.458056
2020-05-14 01:00:00,436.0,0.0,0.0,23.128644,404.0,0.0,0.0,26.821024
2020-05-14 02:00:00,436.0,0.0,0.0,23.128644,436.0,0.0,0.0,23.437807
2020-05-14 03:00:00,436.0,0.0,0.0,21.287879,436.0,0.0,0.0,21.647258
2020-05-14 04:00:00,436.0,0.0,0.0,21.647258,424.0,0.0,0.0,21.287879
2020-05-14 05:00:00,436.0,0.0,0.0,23.128644,364.0,0.0,0.0,19.983547
2020-05-14 06:00:00,436.0,0.0,0.0,18.573789,304.0,0.0,0.0,-0.0
2020-05-14 07:00:00,376.0,0.0,0.0,-0.0,293.4,0.0,0.0,-0.0
2020-05-14 08:00:00,316.0,0.0,0.0,-0.0,289.4,0.0,0.0,-0.0
2020-05-14 09:00:00,284.0,0.0,0.0,16.970947,284.0,0.0,0.0,-0.0
2020-05-14 10:00:00,344.0,0.0,0.0,20.846138,304.0,0.0,0.0,5.829462
2020-05-14 11:00:00,404.0,0.0,0.0,21.287879,364.0,0.0,0.0,21.116714
2020-05-14 12:00:00,436.0,0.0,0.0,20.846138,424.0,0.0,0.0,23.492775
2020-05-14 13:00:00,436.0,0.0,0.0,20.400003,436.0,0.0,0.0,27.005085
2020-05-14 14:00:00,436.0,0.0,0.0,22.576747,436.0,0.0,0.0,25.383304
2020-05-14 15:00:00,436.0,0.0,0.0,23.128644,436.0,0.0,0.0,24.970532
2020-05-14 16:00:00,436.0,0.0,0.0,23.206766,436.0,0.0,0.0,61.896557
2020-05-14 17:00:00,436.0,0.0,0.0,127.274563,436.0,0.0,0.0,23.437807
2020-05-14 18:00:00,436.0,0.0,0.0,133.946708,436.0,0.0,0.0,23.437807
2020-05-14 19:00:00,436.0,0.0,0.0,130.277405,436.0,0.0,0.0,79.071336
2020-05-14 20:00:00,436.0,0.0,0.0,26.429316,436.0,0.0,0.0,26.402618
2020-05-14 21:00:00,436.0,0.0,0.0,23.657594,436.0,0.0,0.0,25.221699
2020-05-14 22:00:00,436.0,0.0,0.0,21.647258,436.0,0.0,0.0,25.888015
2020-05-14 23:00:00,376.0,0.0,0.0,-0.0,436.0,0.0,0.0,25.936257
2020-05-15 00:00:00,391.891978,0.0,0.0,18.531796,344.0,2.0,0.0,24.4564
2020-05-15 01:00:00,331.891978,0.0,0.0,-0.0,364.0,0.0,0.0,19.133765
2020-05-15 02:00:00,284.0,0.0,0.0,-0.0,304.0,0.0,0.0,17.929828
2020-05-15 03:00:00,284.0,0.0,0.0,-0.0,292.4,0.0,0.0,-0.0
2020-05-15 04:00:00,284.0,0.0,0.0,-0.0,292.4,0.0,0.0,-0.0
2020-05-15 05:00:00,333.893727,0.0,0.0,18.531796,296.4,0.0,0.0,-0.0
2020-05-15 06:00:00,284.0,0.0,0.0,17.265035,296.4,0.0,0.0,-0.0
2020-05-15 07:00:00,344.0,0.0,0.0,19.983547,294.4,0.0,0.0,-0.0
2020-05-15 08:00:00,404.0,0.0,0.0,122.516066,284.4,0.0,0.0,-0.0
2020-05-15 09:00:00,436.0,0.0,0.0,121.288154,284.0,0.0,0.0,9.507045
2020-05-15 10:00:00,384.93129,0.0,0.0,18.531796,332.066192,0.0,0.0,23.715689
2020-05-15 11:00:00,345.065332,0.0,0.0,18.531796,392.066192,0.0,0.0,22.372655
2020-05-15 12:00:00,285.065332,0.0,0.0,-0.0,436.0,0.0,0.0,25.913884
2020-05-15 13:00:00,284.0,0.0,0.0,-0.0,436.0,0.0,0.0,23.860537
2020-05-15 14:00:00,344.0,0.0,0.0,19.983547,436.0,0.0,0.0,24.687028
2020-05-15 15:00:00,404.0,0.0,0.0,21.287879,436.0,0.0,0.0,25.231898
2020-05-15 16:00:00,436.0,0.0,0.0,21.116714,436.0,0.0,0.0,25.688605
2020-05-15 17:00:00,436.0,0.0,0.0,23.206766,436.0,0.0,0.0,28.129455
2020-05-15 18:00:00,436.0,0.0,0.0,25.9087,436.0,0.0,0.0,67.860512
2020-05-15 19:00:00,436.0,0.0,0.0,27.274563,436.0,0.0,0.0,75.511591
2020-05-15 20:00:00,436.0,0.0,0.0,27.274563,436.0,0.0,0.0,27.050889
2020-05-15 21:00:00,436.0,0.0,0.0,27.274563,436.0,0.0,0.0,26.10744
2020-05-15 22:00:00,436.0,0.0,0.0,27.050889,436.0,0.0,0.0,25.044422
2020-05-15 23:00:00,436.0,0.0,0.0,131.727779,436.0,0.0,0.0,24.655404
2020-05-16 00:00:00,436.0,0.0,0.0,130.277405,383.912,30.0,0.0,22.766517
2020-05-16 01:00:00,436.0,0.0,0.0,26.755559,436.0,0.0,0.0,26.429316
2020-05-16 02:00:00,436.0,0.0,0.0,26.429316,436.0,0.0,0.0,27.050889
2020-05-16 03:00:00,436.0,0.0,0.0,26.429316,436.0,0.0,0.0,26.755559
2020-05-16 04:00:00,436.0,0.0,0.0,22.96816,424.0,0.0,0.0,26.755559
2020-05-16 05:00:00,436.0,0.0,0.0,22.576747,364.0,0.0,0.0,21.288154
2020-05-16 06:00:00,376.0,0.0,0.0,18.463561,304.0,0.0,0.0,0.998223
2020-05-16 07:00:00,316.0,0.0,0.0,16.970947,284.0,0.0,0.0,-0.0
2020-05-16 08:00:00,284.0,0.0,0.0,16.970947,284.0,0.0,0.0,-0.0
2020-05-16 09:00:00,284.0,0.0,0.0,-0.0,284.0,0.0,0.0,-0.0
2020-05-16 10:00:00,284.0,0.0,0.0,15.731586,284.0,0.0,0.0,15.731586
2020-05-16 11:00:00,284.0,0.0,0.0,18.463561,316.0,0.0,0.0,19.430296
2020-05-16 12:00:00,344.0,0.0,0.0,19.430296,376.0,0.0,0.0,20.846138
2020-05-16 13:00:00,404.0,0.0,0.0,19.983547,436.0,0.0,0.0,22.516066
2020-05-16 14:00:00,436.0,0.0,0.0,21.287879,436.0,0.0,0.0,25.1238
2020-05-16 15:00:00,436.0,0.0,0.0,20.846138,436.0,0.0,0.0,26.66522
2020-05-16 16:00:00,436.0,0.0,0.0,20.400003,436.0,0.0,0.0,26.208504
2020-05-16 17:00:00,436.0,0.0,0.0,23.437807,436.0,0.0,0.0,27.755129
2020-05-16 18:00:00,436.0,0.0,0.0,26.429316,436.0,0.0,0.0,75.041571
2020-05-16 19:00:00,436.0,0.0,0.0,27.050889,436.0,0.0,0.0,68.852511
2020-05-16 20:00:00,436.0,0.0,0.0,26.429316,436.0,0.0,0.0,27.294941
2020-05-16 21:00:00,436.0,0.0,0.0,26.755559,436.0,0.0,0.0,27.680577
2020-05-16 22:00:00,436.0,0.0,0.0,23.437807,436.0,0.0,0.0,27.161013
2020-05-16 23:00:00,436.0,0.0,0.0,23.128644,436.0,0.0,0.0,26.429316
2020-05-17 00:00:00,436.0,0.0,0.0,25.9087,344.0,30.0,0.0,27.606339
2020-05-17 01:00:00,436.0,0.0,0.0,22.732362,404.0,0.0,0.0,26.584104
2020-05-17 02:00:00,436.0,0.0,0.0,22.96816,436.0,0.0,0.0,26.6708
2020-05-17 03:00:00,436.0,0.0,0.0,22.516066,436.0,0.0,0.0,26.424677
2020-05-17 04:00:00,436.0,0.0,0.0,22.96816,424.0,0.0,0.0,25.9087
2020-05-17 05:00:00,436.0,0.0,0.0,22.492854,364.0,0.0,0.0,21.287879
2020-05-17 06:00:00,376.0,0.0,0.0,18.072542,304.0,0.0,0.0,-0.0
2020-05-17 07:00:00,316.0,0.0,0.0,-0.0,284.0,0.0,0.0,-0.0
2020-05-17 08:00:00,284.0,0.0,0.0,-0.0,284.0,0.0,0.0,-0.0
2020-05-17 09:00:00,284.0,0.0,0.0,-0.0,284.0,0.0,0.0,-0.0
2020-05-17 10:00:00,284.0,0.0,0.0,-0.0,302.325251,0.0,0.0,-0.0
2020-05-17 11:00:00,284.0,0.0,0.0,-0.0,362.325251,0.0,0.0,18.072542
2020-05-17 12:00:00,322.001806,0.0,0.0,18.531796,422.325251,0.0,0.0,21.116411
2020-05-17 13:00:00,382.001806,0.0,0.0,19.430296,436.0,0.0,0.0,23.284634
2020-05-17 14:00:00,436.0,0.0,0.0,18.573789,436.0,0.0,0.0,26.210444
2020-05-17 15:00:00,436.0,0.0,0.0,20.846138,436.0,0.0,0.0,26.384478
2020-05-17 16:00:00,436.0,0.0,0.0,21.116411,436.0,0.0,0.0,26.557535
2020-05-17 17:00:00,436.0,0.0,0.0,24.62179,436.0,0.0,0.0,27.128505
2020-05-17 18:00:00,436.0,0.0,0.0,26.429316,436.0,0.0,0.0,70.424728
2020-05-17 19:00:00,436.0,0.0,0.0,27.274563,436.0,0.0,0.0,75.041571
2020-05-17 20:00:00,436.0,0.0,0.0,26.429316,436.0,0.0,0.0,27.274563
2020-05-17 21:00:00,436.0,0.0,0.0,26.324557,436.0,0.0,0.0,26.433737
2020-05-17 22:00:00,436.0,0.0,0.0,25.9087,436.0,0.0,0.0,26.902302
2020-05-17 23:00:00,436.0,0.0,0.0,25.758899,436.0,0.0,0.0,26.324557
2020-05-18 00:00:00,436.0,0.0,0.0,25.9087,410.0,30.0,0.0,23.657594
2020-05-18 01:00:00,436.0,0.0,0.0,23.437807,436.0,0.0,0.0,23.128644
2020-05-18 02:00:00,436.0,0.0,0.0,22.732362,436.0,0.0,0.0,22.732362
2020-05-18 03:00:00,436.0,0.0,0.0,22.732362,436.0,0.0,0.0,22.492854
2020-05-18 04:00:00,436.0,0.0,0.0,22.732362,436.0,0.0,0.0,22.732362
2020-05-18 05:00:00,436.0,0.0,0.0,23.128644,414.4,0.0,0.0,21.287879
2020-05-18 06:00:00,436.0,0.0,0.0,22.516066,354.4,0.0,0.0,17.862497
2020-05-18 07:00:00,436.0,0.0,0.0,23.128644,294.4,0.0,0.0,-0.0
2020-05-18 08:00:00,436.0,0.0,0.0,21.647258,284.0,0.0,0.0,-0.0
2020-05-18 09:00:00,436.0,0.0,0.0,22.185841,344.0,0.0,0.0,17.080045
2020-05-18 10:00:00,436.0,0.0,0.0,21.647258,404.0,0.0,0.0,19.983547
2020-05-18 11:00:00,436.0,0.0,0.0,22.96816,436.0,0.0,0.0,21.116411
2020-05-18 12:00:00,436.0,0.0,0.0,23.206766,436.0,0.0,0.0,21.288154
2020-05-18 13:00:00,436.0,0.0,0.0,123.437807,436.0,0.0,0.0,22.96816
2020-05-18 14:00:00,436.0,0.0,0.0,123.444698,436.0,0.0,0.0,24.66215
2020-05-18 15:00:00,436.0,0.0,0.0,22.96816,436.0,0.0,0.0,26.589335
2020-05-18 16:00:00,436.0,0.0,0.0,22.516066,436.0,0.0,0.0,26.483675
2020-05-18 17:00:00,436.0,0.0,0.0,26.324557,436.0,0.0,0.0,27.128505
2020-05-18 18:00:00,436.0,0.0,0.0,26.429316,436.0,0.0,0.0,70.940855
2020-05-18 19:00:00,436.0,0.0,0.0,27.128505,436.0,0.0,0.0,73.528205
2020-05-18 20:00:00,436.0,0.0,0.0,26.429316,436.0,0.0,0.0,27.050889
2020-05-18 21:00:00,436.0,0.0,0.0,26.429316,436.0,0.0,0.0,27.050889
2020-05-18 22:00:00,436.0,0.0,0.0,23.206766,436.0,0.0,0.0,26.429316
2020-05-18 23:00:00,436.0,0.0,0.0,23.206766,436.0,0.0,0.0,26.715977
2020-05-19 00:00:00,436.0,0.0,0.0,25.9087,344.0,30.0,0.0,23.657594
2020-05-19 01:00:00,436.0,0.0,0.0,25.9087,404.0,0.0,0.0,21.647258
2020-05-19 02:00:00,436.0,0.0,0.0,23.444698,436.0,0.0,0.0,21.843654
2020-05-19 03:00:00,436.0,0.0,0.0,23.206766,436.0,0.0,0.0,21.647258
2020-05-19 04:00:00,436.0,0.0,0.0,23.657594,436.0,0.0,0.0,22.185841
2020-05-19 05:00:00,436.0,0.0,0.0,21.843654,424.0,0.0,0.0,21.288154
2020-05-19 06:00:00,436.0,0.0,0.0,21.647258,364.0,0.0,0.0,21.287879
2020-05-19 07:00:00,395.973112,0.0,0.0,18.531796,304.0,0.0,0.0,-0.0
2020-05-19 08:00:00,335.973112,0.0,0.0,18.072542,284.0,0.0,0.0,-0.0
2020-05-19 09:00:00,284.0,0.0,0.0,-0.0,284.0,0.0,0.0,-0.0
2020-05-19 10:00:00,284.0,0.0,0.0,-0.0,304.0,0.0,0.0,7.430018
2020-05-19 11:00:00,344.0,0.0,0.0,19.983547,364.0,0.0,0.0,21.647258
2020-05-19 12:00:00,404.0,0.0,0.0,21.287879,424.0,0.0,0.0,22.96816
2020-05-19 13:00:00,436.0,0.0,0.0,21.647258,436.0,0.0,0.0,26.059689
2020-05-19 14:00:00,436.0,0.0,0.0,21.843654,436.0,0.0,0.0,26.485266
2020-05-19 15:00:00,436.0,0.0,0.0,22.732362,436.0,0.0,0.0,26.7119
2020-05-19 16:00:00,436.0,0.0,0.0,19.983547,436.0,0.0,0.0,26.431059
2020-05-19 17:00:00,436.0,0.0,0.0,26.324557,436.0,0.0,0.0,27.128505
2020-05-19 18:00:00,436.0,0.0,0.0,26.324557,436.0,0.0,0.0,67.588321
2020-05-19 19:00:00,436.0,0.0,0.0,26.790897,436.0,0.0,0.0,77.313264
2020-05-19 20:00:00,436.0,0.0,0.0,23.206766,436.0,0.0,0.0,27.128505
2020-05-19 21:00:00,436.0,0.0,0.0,23.657594,436.0,0.0,0.0,26.790897
2020-05-19 22:00:00,436.0,0.0,0.0,22.576747,436.0,0.0,0.0,26.772674
2020-05-19 23:00:00,436.0,0.0,0.0,22.576747,436.0,0.0,0.0,26.477546
2020-05-20 00:00:00,436.0,0.0,0.0,22.492854,344.0,30.0,0.0,22.516066
2020-05-20 01:00:00,436.0,0.0,0.0,21.288154,404.0,0.0,0.0,22.185841
2020-05-20 02:00:00,436.0,0.0,0.0,22.516066,436.0,0.0,0.0,21.647258
2020-05-20 03:00:00,436.0,0.0,0.0,22.576747,436.0,0.0,0.0,21.843654
2020-05-20 04:00:00,436.0,0.0,0.0,22.96816,436.0,0.0,0.0,22.732362
2020-05-20 05:00:00,376.0,0.0,0.0,18.463561,436.0,0.0,0.0,21.116411
2020-05-20 06:00:00,334.73664,0.0,0.0,18.531796,376.0,0.0,0.0,18.463561
2020-05-20 07:00:00,394.73664,0.0,0.0,19.983547,427.584012,0.0,0.0,18.531796
2020-05-20 08:00:00,420.029985,0.0,0.0,18.531796,436.0,0.0,0.0,20.400003
2020-05-20 09:00:00,436.0,0.0,0.0,21.116411,436.0,0.0,0.0,22.492854
2020-05-20 10:00:00,436.0,0.0,0.0,21.843654,436.0,0.0,0.0,22.96816
2020-05-20 11:00:00,436.0,0.0,0.0,22.576747,436.0,0.0,0.0,23.206766
2020-05-20 12:00:00,436.0,0.0,0.0,21.843654,436.0,0.0,0.0,25.553808
2020-05-20 13:00:00,436.0,0.0,0.0,21.647258,436.0,0.0,0.0,26.909913
2020-05-20 14:00:00,436.0,0.0,0.0,21.287879,436.0,0.0,0.0,26.733136
2020-05-20 15:00:00,436.0,0.0,0.0,23.437807,436.0,0.0,0.0,26.755559
2020-05-20 16:00:00,436.0,0.0,0.0,26.429316,436.0,0.0,0.0,27.128505
2020-05-20 17:00:00,436.0,0.0,0.0,26.845129,436.0,0.0,0.0,76.816925
2020-05-20 18:00:00,436.0,0.0,0.0,26.845129,436.0,0.0,0.0,50.129886
2020-05-20 19:00:00,436.0,0.0,0.0,27.276799,436.0,0.0,0.0,75.041571
2020-05-20 20:00:00,436.0,0.0,0.0,22.566788,436.0,0.0,0.0,27.128505
2020-05-20 21:00:00,436.0,0.0,0.0,22.441135,436.0,0.0,0.0,27.050889
2020-05-20 22:00:00,436.0,0.0,0.0,19.983547,436.0,0.0,0.0,26.625948
2020-05-20 23:00:00,436.0,0.0,0.0,21.288154,436.0,0.0,0.0,26.846539
2020-05-21 00:00:00,376.0,0.0,0.0,-0.0,344.0,30.0,0.0,23.437807
2020-05-21 01:00:00,316.0,0.0,0.0,-0.0,328.430077,0.0,0.0,11.8413
2020-05-21 02:00:00,342.067926,0.0,0.0,18.531796,333.106987,0.0,0.0,-0.0
2020-05-21 03:00:00,402.067926,0.0,0.0,21.116411,393.106987,0.0,0.0,20.846138
2020-05-21 04:00:00,436.0,0.0,0.0,22.96816,434.275269,0.0,0.0,19.685338
2020-05-21 05:00:00,436.0,0.0,0.0,23.706594,374.275269,0.0,0.0,17.378254
2020-05-21 06:00:00,436.0,0.0,0.0,22.732362,363.370315,0.0,0.0,19.685338
2020-05-21 07:00:00,436.0,0.0,0.0,21.647258,303.370315,0.0,0.0,-0.0
2020-05-21 08:00:00,436.0,0.0,0.0,21.116411,339.857506,0.0,0.0,18.072542
2020-05-21 09:00:00,436.0,0.0,0.0,20.400003,395.715298,0.0,0.0,18.072542
2020-05-21 10:00:00,436.0,0.0,0.0,21.116714,436.0,0.0,0.0,19.983547
2020-05-21 11:00:00,436.0,0.0,0.0,21.647258,436.0,0.0,0.0,20.846138
2020-05-21 12:00:00,436.0,0.0,0.0,23.128644,436.0,0.0,0.0,21.843654
2020-05-21 13:00:00,436.0,0.0,0.0,126.790897,436.0,0.0,0.0,23.128644
2020-05-21 14:00:00,436.0,0.0,0.0,125.9087,436.0,0.0,0.0,22.576747
2020-05-21 15:00:00,436.0,0.0,0.0,25.9087,436.0,0.0,0.0,28.228021
2020-05-21 16:00:00,436.0,0.0,0.0,21.096593,436.0,0.0,0.0,58.960464
2020-05-21 17:00:00,436.0,0.0,0.0,127.050889,436.0,0.0,0.0,23.366674
2020-05-21 18:00:00,436.0,0.0,0.0,127.274563,436.0,0.0,0.0,72.103005
2020-05-21 19:00:00,436.0,0.0,0.0,26.755559,436.0,0.0,0.0,26.429316
2020-05-21 20:00:00,436.0,0.0,0.0,18.549582,436.0,0.0,0.0,28.917266
2020-05-21 21:00:00,436.0,0.0,0.0,19.133765,436.0,0.0,0.0,24.103825
2020-05-21 22:00:00,436.0,0.0,0.0,23.657594,436.0,0.0,0.0,24.057448
2020-05-21 23:00:00,436.0,0.0,0.0,23.657594,436.0,0.0,0.0,28.10138
2020-05-22 00:00:00,436.0,0.0,0.0,126.755559,349.678271,30.0,0.0,21.5451
2020-05-22 01:00:00,436.0,60.0,0.0,227.274616,409.678271,0.0,0.0,20.400003
2020-05-22 02:00:00,436.0,64.27296,0.0,141.716991,436.0,0.0,0.0,20.989617
2020-05-22 03:00:00,436.0,49.390816,0.0,141.716991,424.0,0.0,0.0,21.474047
2020-05-22 04:00:00,436.0,88.33834,0.0,241.716991,364.0,0.0,0.0,21.513966
2020-05-22 05:00:00,436.0,28.33834,0.0,123.87513,304.0,0.0,0.0,-0.0
2020-05-22 06:00:00,436.0,0.0,0.0,123.657594,284.0,0.0,0.0,-0.0
2020-05-22 07:00:00,436.0,0.0,0.0,22.516066,284.0,0.0,0.0,18.531796
2020-05-22 08:00:00,436.0,0.0,0.0,21.843654,344.0,0.0,0.0,19.685338
2020-05-22 09:00:00,436.0,0.0,0.0,21.288154,284.0,0.0,0.0,17.378254
2020-05-22 10:00:00,436.0,0.0,0.0,21.843654,304.0,0.0,0.0,-0.0
2020-05-22 11:00:00,436.0,0.0,0.0,122.492854,364.0,0.0,0.0,24.971982
2020-05-22 12:00:00,436.0,0.0,0.0,123.437807,421.0,0.0,0.0,24.364259
2020-05-22 13:00:00,436.0,0.0,0.0,122.492854,436.0,0.0,0.0,23.434791
2020-05-22 14:00:00,436.0,0.0,0.0,21.474047,436.0,0.0,0.0,26.885605
2020-05-22 15:00:00,436.0,0.0,0.0,23.128644,436.0,0.0,0.0,23.586307
2020-05-22 16:00:00,436.0,0.0,0.0,21.843654,436.0,0.0,0.0,26.702922
2020-05-22 17:00:00,436.0,0.0,0.0,23.437807,436.0,0.0,0.0,26.429316
2020-05-22 18:00:00,436.0,0.0,0.0,23.437807,436.0,0.806343,0.0,75.799899
2020-05-22 19:00:00,436.0,0.0,0.0,23.87513,436.0,0.0,0.0,73.26664
2020-05-22 20:00:00,436.0,0.0,0.0,22.576747,436.0,0.0,0.0,27.834352
2020-05-22 21:00:00,436.0,0.0,0.0,22.576747,436.0,0.0,0.0,27.128505
2020-05-22 22:00:00,436.0,0.0,0.0,22.576747,436.0,0.0,0.0,27.050889
2020-05-22 23:00:00,436.0,0.0,0.0,20.400003,436.0,0.0,0.0,23.87513
2020-05-23 00:00:00,436.0,0.0,0.0,21.474047,344.0,30.0,0.0,27.867382
2020-05-23 01:00:00,436.0,0.0,0.0,126.429316,404.0,0.0,0.0,21.843654
2020-05-23 02:00:00,436.0,0.0,0.0,22.516066,436.0,0.0,0.0,21.474047
2020-05-23 03:00:00,436.0,0.0,0.0,123.444698,424.0,0.0,0.0,21.474047
2020-05-23 04:00:00,436.0,0.0,0.0,21.116714,364.0,0.0,0.0,21.513966
2020-05-23 05:00:00,376.0,0.0,0.0,-0.0,304.0,0.0,0.0,-0.0
2020-05-23 06:00:00,316.0,0.0,0.0,-0.0,295.4,0.0,0.0,-0.0
2020-05-23 07:00:00,284.0,0.0,0.0,-0.0,293.4,0.0,0.0,-0.0
2020-05-23 08:00:00,284.0,0.0,0.0,-0.0,293.4,0.0,0.0,-0.0
2020-05-23 09:00:00,284.0,0.0,0.0,-0.0,295.4,0.0,0.0,-0.0
2020-05-23 10:00:00,284.0,0.0,0.0,-0.0,304.0,0.0,0.0,-0.0
2020-05-23 11:00:00,284.0,0.0,0.0,-0.0,364.0,0.0,0.0,23.196186
2020-05-23 12:00:00,284.0,0.0,0.0,-0.0,424.0,0.0,0.0,20.685928
2020-05-23 13:00:00,284.0,0.0,0.0,16.970947,436.0,0.0,0.0,27.241652
2020-05-23 14:00:00,344.0,0.0,0.0,19.983547,436.0,0.0,0.0,23.405482
2020-05-23 15:00:00,390.469569,0.0,0.0,18.531796,436.0,0.0,0.0,26.193687
2020-05-23 16:00:00,436.0,0.0,0.0,19.430296,436.0,0.0,0.0,26.549394
2020-05-23 17:00:00,436.0,0.0,0.0,23.437807,436.0,0.0,0.0,26.790897
2020-05-23 18:00:00,436.0,0.0,0.0,23.437807,436.0,0.0,0.0,26.790897
2020-05-23 19:00:00,436.0,0.0,0.0,26.429316,436.0,0.0,0.0,79.649875
2020-05-23 20:00:00,436.0,0.0,0.0,26.429316,436.0,0.0,0.0,60.499939
2020-05-23 21:00:00,436.0,0.0,0.0,26.324557,436.0,0.0,0.0,26.790897
2020-05-23 22:00:00,436.0,0.0,0.0,23.437807,436.0,0.0,0.0,26.755559
2020-05-23 23:00:00,436.0,0.0,0.0,23.437807,436.0,0.0,0.0,26.655015
2020-05-24 00:00:00,436.0,0.0,0.0,23.128644,344.0,30.0,0.0,27.171388
2020-05-24 01:00:00,436.0,0.0,0.0,23.128644,404.0,0.0,0.0,26.324557
2020-05-24 02:00:00,436.0,0.0,0.0,22.96816,436.0,0.0,0.0,23.87513
2020-05-24 03:00:00,436.0,0.0,0.0,22.732362,436.0,0.0,0.0,23.437807
2020-05-24 04:00:00,436.0,0.0,0.0,23.128644,424.0,0.0,0.0,23.128644
2020-05-24 05:00:00,436.0,0.0,0.0,20.400003,364.0,0.0,0.0,21.287879
2020-05-24 06:00:00,436.0,0.0,0.0,18.573789,304.0,0.0,0.0,-0.0
2020-05-24 07:00:00,410.21516,0.0,0.0,18.531796,284.0,0.0,0.0,-0.0
2020-05-24 08:00:00,350.21516,0.0,0.0,-0.0,284.0,0.0,0.0,-0.0
2020-05-24 09:00:00,333.845371,0.0,0.0,18.531796,284.0,0.0,0.0,-0.0
2020-05-24 10:00:00,393.845371,0.0,0.0,21.288154,284.0,0.0,0.0,18.072542
2020-05-24 11:00:00,436.0,0.0,0.0,21.647258,331.800541,0.0,0.0,19.829881
2020-05-24 12:00:00,436.0,0.0,0.0,21.474047,391.800541,0.0,0.0,20.846138
2020-05-24 13:00:00,436.0,0.0,0.0,22.96816,436.0,0.0,0.0,21.647258
2020-05-24 14:00:00,436.0,0.0,0.0,22.732362,436.0,0.0,0.0,24.306719
2020-05-24 15:00:00,436.0,0.0,0.0,23.206766,436.0,0.0,0.0,25.162047
2020-05-24 16:00:00,436.0,0.0,0.0,21.116714,436.0,0.0,0.0,27.101196
2020-05-24 17:00:00,436.0,0.0,0.0,26.324557,436.0,0.0,0.0,26.324557
2020-05-24 18:00:00,436.0,0.0,0.0,22.732362,436.0,0.0,0.0,72.949666
2020-05-24 19:00:00,436.0,0.0,0.0,23.444698,436.0,0.0,0.0,67.330917
2020-05-24 20:00:00,436.0,0.0,0.0,22.732362,436.0,0.0,0.0,26.779636
2020-05-24 21:00:00,436.0,0.0,0.0,21.647258,436.0,0.0,0.0,26.429316
2020-05-24 22:00:00,436.0,0.0,0.0,21.116714,436.0,0.0,0.0,26.429316
2020-05-24 23:00:00,376.0,0.0,0.0,15.731586,436.0,0.0,0.0,25.9087
2020-05-25 00:00:00,436.0,0.0,0.0,19.430296,344.0,2.0,0.0,25.9087
2020-05-25 01:00:00,436.0,0.0,0.0,19.430296,404.0,0.0,0.0,29.25374
2020-05-25 02:00:00,436.0,0.0,0.0,21.843654,436.0,0.0,0.0,23.659955
2020-05-25 03:00:00,436.0,0.0,0.0,20.846138,436.0,0.0,0.0,23.128644
2020-05-25 04:00:00,436.0,0.0,0.0,22.516066,436.0,0.0,0.0,27.81461
2020-05-25 05:00:00,436.0,0.0,0.0,22.185841,436.0,0.0,0.0,24.735641
2020-05-25 06:00:00,436.0,0.0,0.0,22.492854,404.0,0.0,0.0,20.400003
2020-05-25 07:00:00,436.0,0.0,0.0,20.846138,344.0,0.0,0.0,18.224439
2020-05-25 08:00:00,376.0,0.0,0.0,-0.0,284.0,0.0,0.0,11.547861
2020-05-25 09:00:00,316.0,0.0,0.0,-0.0,284.4,0.0,0.0,-0.0
2020-05-25 10:00:00,284.0,0.0,0.0,-0.0,284.0,0.0,0.0,-0.0
2020-05-25 11:00:00,284.0,0.0,0.0,-0.0,284.0,0.0,0.0,-0.0
2020-05-25 12:00:00,284.0,0.0,0.0,-0.0,284.0,0.0,0.0,-0.0
2020-05-25 13:00:00,284.0,0.0,0.0,-0.0,284.0,0.0,0.0,16.970947
2020-05-25 14:00:00,284.0,0.0,0.0,-0.0,344.0,0.0,0.0,17.150395
2020-05-25 15:00:00,284.0,0.0,0.0,-0.0,404.0,0.0,0.0,21.474047
2020-05-25 16:00:00,284.0,0.0,0.0,-0.0,436.0,0.0,0.0,19.153665
2020-05-25 17:00:00,344.0,0.0,0.0,19.983547,436.0,0.0,0.0,27.003818
2020-05-25 18:00:00,404.0,0.0,0.0,21.116411,436.0,0.0,0.0,70.752314
2020-05-25 19:00:00,436.0,0.0,0.0,23.437807,436.0,0.0,0.0,57.091209
2020-05-25 20:00:00,436.0,0.0,0.0,23.028799,436.0,0.0,0.0,26.565768
2020-05-25 21:00:00,436.0,0.0,0.0,49.131415,436.0,0.0,0.0,22.871254
2020-05-25 22:00:00,436.0,0.0,0.0,21.168781,436.0,0.0,0.0,25.918695
2020-05-25 23:00:00,376.0,0.0,0.0,-0.0,436.0,0.0,0.0,20.726727
2020-05-26 00:00:00,436.0,0.0,0.0,19.133765,344.0,2.0,0.0,20.846138
2020-05-26 01:00:00,376.0,0.0,0.0,-0.0,284.0,0.0,0.0,-0.0
2020-05-26 02:00:00,316.0,0.0,0.0,-0.0,284.0,0.0,0.0,-0.0
2020-05-26 03:00:00,284.0,0.0,0.0,-0.0,304.0,0.0,0.0,-0.0
2020-05-26 04:00:00,284.0,0.0,0.0,-0.0,364.0,0.0,0.0,40.533329
2020-05-26 05:00:00,284.0,0.0,0.0,-0.0,423.354935,0.0,0.0,21.647258
2020-05-26 06:00:00,284.0,0.0,0.0,-0.0,363.354935,0.0,0.0,18.573789
2020-05-26 07:00:00,284.0,0.0,0.0,-0.0,303.354935,0.0,0.0,18.489804
2020-05-26 08:00:00,284.0,0.0,0.0,-0.0,284.0,0.0,0.0,-0.0
2020-05-26 09:00:00,284.0,0.0,0.0,-0.0,284.0,0.0,0.0,-0.0
2020-05-26 10:00:00,284.0,0.0,0.0,-0.0,284.0,0.0,0.0,-0.0
2020-05-26 11:00:00,284.0,0.0,0.0,-0.0,306.282845,0.0,0.0,18.489804
2020-05-26 12:00:00,284.0,0.0,0.0,-0.0,366.282845,0.0,0.0,18.573789
2020-05-26 13:00:00,284.0,0.0,0.0,-0.0,426.282845,0.0,0.0,21.249897
2020-05-26 14:00:00,284.0,0.0,0.0,-0.0,436.0,0.0,0.0,23.229294
2020-05-26 15:00:00,284.0,0.0,0.0,15.731586,436.0,0.0,0.0,23.776695
2020-05-26 16:00:00,334.305376,0.0,0.0,18.531796,436.0,0.0,0.0,25.271338
2020-05-26 17:00:00,394.305376,0.0,0.0,23.128644,436.0,0.0,0.0,26.324557
2020-05-26 18:00:00,436.0,0.0,0.0,23.657594,436.0,0.0,0.0,67.183689
2020-05-26 19:00:00,436.0,0.0,0.0,26.429316,436.0,0.0,0.0,76.844043
2020-05-26 20:00:00,436.0,0.0,0.0,23.657594,436.0,0.0,0.0,26.429316
2020-05-26 21:00:00,436.0,0.0,0.0,23.87513,436.0,0.0,0.0,23.657594
2020-05-26 22:00:00,436.0,0.0,0.0,22.96816,436.0,0.0,0.0,24.919278
2020-05-26 23:00:00,436.0,0.0,0.0,22.576747,436.0,0.0,0.0,25.242444
2020-05-27 00:00:00,436.0,0.0,0.0,23.437807,344.0,30.0,0.0,25.9087
2020-05-27 01:00:00,436.0,0.0,0.0,23.128644,404.0,0.0,0.0,23.437807
2020-05-27 02:00:00,436.0,0.0,0.0,23.128644,436.0,0.0,0.0,23.87513
2020-05-27 03:00:00,436.0,0.0,0.0,23.128644,436.0,0.0,0.0,28.799535
2020-05-27 04:00:00,436.0,0.0,0.0,23.206766,424.0,0.0,0.0,23.657594
2020-05-27 05:00:00,436.0,0.0,0.0,21.287879,364.0,0.0,0.0,21.647258
2020-05-27 06:00:00,436.0,0.0,0.0,20.400003,304.0,0.0,0.0,-0.0
2020-05-27 07:00:00,376.0,0.0,0.0,16.970947,284.0,0.0,0.0,-0.0
2020-05-27 08:00:00,316.0,0.0,0.0,-0.0,284.0,0.0,0.0,-0.0
2020-05-27 09:00:00,284.0,0.0,0.0,16.970947,284.0,0.0,0.0,-0.0
2020-05-27 10:00:00,305.194511,0.0,0.0,18.531796,284.0,0.0,0.0,18.991051
2020-05-27 11:00:00,365.194511,0.0,0.0,19.983547,284.0,0.0,0.0,3.758161
2020-05-27 12:00:00,425.194511,0.0,0.0,21.116714,304.0,0.0,0.0,19.430296
2020-05-27 13:00:00,436.0,0.0,0.0,22.732362,364.0,0.0,0.0,23.188164
2020-05-27 14:00:00,436.0,0.0,0.0,22.732362,424.0,0.0,0.0,25.032618
2020-05-27 15:00:00,436.0,0.0,0.0,23.206766,436.0,18.431756,0.0,24.109858
2020-05-27 16:00:00,436.0,0.0,0.0,26.324557,436.0,0.0,0.0,28.745873
2020-05-27 17:00:00,436.0,0.0,0.0,26.790897,436.0,0.0,0.0,75.200156
2020-05-27 18:00:00,436.0,0.0,0.0,130.277405,436.0,0.0,0.0,60.872597
2020-05-27 19:00:00,436.0,0.0,0.0,130.277405,436.0,0.0,0.0,26.929035
2020-05-27 20:00:00,436.0,0.0,0.0,26.790897,436.0,0.0,0.0,27.190773
2020-05-27 21:00:00,436.0,0.0,0.0,23.128644,436.0,0.0,0.0,26.429316
2020-05-27 22:00:00,436.0,0.0,0.0,22.732362,436.0,0.0,0.0,24.670177
2020-05-27 23:00:00,436.0,0.0,0.0,23.437807,436.0,0.0,0.0,25.588398
2020-05-28 00:00:00,436.0,0.0,0.0,22.492854,355.420537,30.0,0.0,19.983547
2020-05-28 01:00:00,376.0,0.0,0.0,-0.0,295.420537,0.0,0.0,19.430296
2020-05-28 02:00:00,316.0,0.0,0.0,-0.0,284.0,0.0,0.0,-0.0
2020-05-28 03:00:00,284.0,0.0,0.0,-0.0,284.0,0.0,0.0,-0.0
2020-05-28 04:00:00,284.0,0.0,0.0,-0.0,284.0,0.0,0.0,18.573789
2020-05-28 05:00:00,284.0,0.0,0.0,-0.0,284.0,0.0,0.0,18.326191
2020-05-28 06:00:00,284.0,0.0,0.0,-0.0,284.0,0.0,0.0,-0.0
2020-05-28 07:00:00,284.0,0.0,0.0,-0.0,344.0,0.0,0.0,19.983547
2020-05-28 08:00:00,284.0,0.0,0.0,-0.0,376.0,0.0,0.0,19.685338
2020-05-28 09:00:00,284.0,0.0,0.0,-0.0,436.0,0.0,0.0,20.400003
2020-05-28 10:00:00,284.0,0.0,0.0,-0.0,436.0,0.0,0.0,21.647258
2020-05-28 11:00:00,284.0,0.0,0.0,15.731586,436.0,0.0,0.0,25.088033
2020-05-28 12:00:00,284.0,0.0,0.0,-0.0,436.0,3.137043,0.0,23.542759
2020-05-28 13:00:00,344.0,0.0,0.0,21.287879,436.0,0.0,0.0,26.182957
2020-05-28 14:00:00,404.0,0.0,0.0,19.983547,436.0,0.0,0.0,26.45882
2020-05-28 15:00:00,436.0,0.0,0.0,21.116714,436.0,0.0,0.0,26.340752
2020-05-28 16:00:00,432.444952,0.0,0.0,18.531796,436.0,0.0,0.0,26.324557
2020-05-28 17:00:00,436.0,0.0,0.0,19.983547,436.0,0.0,0.0,68.404311
2020-05-28 18:00:00,436.0,0.0,0.0,21.647258,436.0,0.0,0.0,81.163241
2020-05-28 19:00:00,436.0,0.0,0.0,23.206766,436.0,0.0,0.0,26.872189
2020-05-28 20:00:00,436.0,0.0,0.0,23.87513,436.0,0.0,0.0,26.755559
2020-05-28 21:00:00,436.0,0.0,0.0,23.128644,436.0,0.0,0.0,26.555536
2020-05-28 22:00:00,436.0,0.0,0.0,23.437807,436.0,0.0,0.0,26.715977
2020-05-28 23:00:00,436.0,0.0,0.0,22.96816,436.0,0.0,0.0,25.099312
2020-05-29 00:00:00,436.0,0.0,0.0,22.732362,344.0,30.0,0.0,26.98515
2020-05-29 01:00:00,436.0,0.0,0.0,123.437807,404.0,0.0,0.0,21.797849
2020-05-29 02:00:00,436.0,60.0,0.0,226.404825,424.0,0.0,0.0,19.91836
2020-05-29 03:00:00,436.0,90.0,0.0,1000.0,364.0,0.0,0.0,18.208373
2020-05-29 04:00:00,436.0,90.0,0.0,1000.0,304.0,0.0,0.0,-0.0
2020-05-29 05:00:00,436.0,90.0,0.0,1000.0,284.0,0.0,0.0,-0.0
2020-05-29 06:00:00,436.0,90.0,0.0,1000.0,288.4,0.0,0.0,-0.0
2020-05-29 07:00:00,436.0,80.0,0.0,226.892495,298.4,0.0,0.0,-0.0
2020-05-29 08:00:00,436.0,20.0,0.0,123.437807,299.4,0.0,0.0,-0.0
2020-05-29 09:00:00,436.0,0.0,0.0,123.437807,297.4,0.0,0.0,-0.0
2020-05-29 10:00:00,436.0,60.0,0.0,227.050889,310.733332,0.0,0.0,-0.0
2020-05-29 11:00:00,436.0,90.0,0.0,1000.0,370.733332,0.0,0.0,14.35809
2020-05-29 12:00:00,436.0,80.0,0.0,227.274563,430.733332,0.0,0.0,22.705503
2020-05-29 13:00:00,436.0,20.0,0.0,123.128644,436.0,0.0,0.0,27.477631
2020-05-29 14:00:00,436.0,0.0,0.0,123.128644,436.0,0.0,0.0,24.50001
2020-05-29 15:00:00,436.0,0.0,0.0,23.128644,436.0,0.0,0.0,23.440433
2020-05-29 16:00:00,436.0,0.0,0.0,22.516066,436.0,0.0,0.0,23.437807
2020-05-29 17:00:00,436.0,0.0,0.0,22.96816,436.0,0.0,0.0,28.521859
2020-05-29 18:00:00,436.0,0.0,0.0,25.9087,436.0,0.0,0.0,26.995196
2020-05-29 19:00:00,436.0,0.0,0.0,25.9087,436.0,0.0,0.0,75.377354
2020-05-29 20:00:00,436.0,0.0,0.0,25.9087,436.0,0.0,0.0,65.930187
2020-05-29 21:00:00,436.0,0.0,0.0,23.333922,436.0,0.0,0.0,26.504525
2020-05-29 22:00:00,436.0,0.0,0.0,23.206766,436.0,0.0,0.0,26.324557
2020-05-29 23:00:00,436.0,0.0,0.0,130.530112,436.0,0.0,0.0,22.576747
2020-05-30 00:00:00,436.0,0.0,0.0,22.96816,405.457,30.0,0.0,25.165277
2020-05-30 01:00:00,436.0,0.0,0.0,123.206766,436.0,0.0,0.0,21.474047
2020-05-30 02:00:00,436.0,0.0,0.0,123.437807,436.0,0.0,0.0,21.647258
2020-05-30 03:00:00,436.0,0.0,0.0,23.206766,424.0,0.0,0.0,31.064622
2020-05-30 04:00:00,436.0,0.0,0.0,21.647258,364.0,0.0,0.0,27.470257
2020-05-30 05:00:00,436.0,0.0,0.0,123.437807,304.0,0.0,0.0,-0.0
2020-05-30 06:00:00,436.0,0.0,0.0,20.846138,288.4,0.0,0.0,-0.0
2020-05-30 07:00:00,376.0,0.0,0.0,-0.0,284.0,0.0,0.0,-0.0
2020-05-30 08:00:00,316.0,0.0,0.0,-0.0,287.4,0.0,0.0,-0.0
2020-05-30 09:00:00,284.0,0.0,0.0,-0.0,289.4,0.0,0.0,-0.0
2020-05-30 10:00:00,284.0,0.0,0.0,-0.0,287.4,0.0,0.0,-0.0
2020-05-30 11:00:00,284.0,0.0,0.0,-0.0,284.0,0.0,0.0,-0.0
2020-05-30 12:00:00,284.0,0.0,0.0,-0.0,284.0,0.0,0.0,-0.0
2020-05-30 13:00:00,284.0,0.0,0.0,-0.0,284.0,0.0,0.0,-0.0
2020-05-30 14:00:00,284.0,0.0,0.0,-0.0,284.0,0.0,0.0,-0.0
2020-05-30 15:00:00,284.0,0.0,0.0,-0.0,304.0,0.0,0.0,-0.0
2020-05-30 16:00:00,284.0,0.0,0.0,-0.0,364.0,0.0,0.0,20.846138
2020-05-30 17:00:00,284.0,0.0,0.0,-0.0,424.0,0.0,0.0,21.288154
2020-05-30 18:00:00,344.0,0.0,0.0,21.116411,436.0,0.0,0.0,51.687957
2020-05-30 19:00:00,404.0,0.0,0.0,22.576747,424.0,0.0,0.0,72.927717
2020-05-30 20:00:00,436.0,0.0,0.0,20.726727,364.0,0.0,0.0,68.164964
2020-05-30 21:00:00,402.936795,0.0,0.0,18.531796,304.0,0.0,0.0,18.208373
2020-05-30 22:00:00,342.936795,0.0,0.0,17.265035,284.0,0.0,0.0,1.173948
2020-05-30 23:00:00,284.0,0.0,0.0,-0.0,284.0,0.0,0.0,-0.0
2020-05-31 00:00:00,284.0,0.0,0.0,-0.0,284.0,2.0,0.0,-0.0
2020-05-31 01:00:00,284.0,0.0,0.0,-0.0,284.0,0.0,0.0,-0.0
2020-05-31 02:00:00,284.0,0.0,0.0,-0.0,284.0,0.0,0.0,-0.0
2020-05-31 03:00:00,284.0,0.0,0.0,-0.0,284.0,0.0,0.0,-0.0
2020-05-31 04:00:00,284.0,0.0,0.0,-0.0,284.0,0.0,0.0,-0.0
2020-05-31 05:00:00,284.0,0.0,0.0,-0.0,284.0,0.0,0.0,-0.0
2020-05-31 06:00:00,284.0,0.0,0.0,-0.0,284.0,0.0,0.0,-0.0
2020-05-31 07:00:00,284.0,0.0,0.0,-0.0,298.4,0.0,0.0,-0.0
2020-05-31 08:00:00,284.0,0.0,0.0,-0.0,298.4,0.0,0.0,-0.0
2020-05-31 09:00:00,284.0,0.0,0.0,-0.0,298.4,0.0,0.0,-0.0
2020-05-31 10:00:00,284.0,0.0,0.0,-0.0,298.4,0.0,0.0,-0.0
2020-05-31 11:00:00,284.0,0.0,0.0,-0.0,292.4,0.0,0.0,-0.0
2020-05-31 12:00:00,284.0,0.0,0.0,-0.0,291.4,0.0,0.0,-0.0
2020-05-31 13:00:00,284.0,0.0,0.0,-0.0,293.4,0.0,0.0,-0.0
2020-05-31 14:00:00,284.0,0.0,0.0,-0.0,292.4,0.0,0.0,-0.0
2020-05-31 15:00:00,284.0,0.0,0.0,-0.0,291.4,0.0,0.0,-0.0
2020-05-31 16:00:00,284.0,0.0,0.0,-0.0,299.231284,0.0,0.0,-0.0
2020-05-31 17:00:00,284.0,0.0,0.0,-0.0,359.231284,0.0,0.0,21.116411
2020-05-31 18:00:00,344.0,0.0,0.0,20.846138,419.231284,0.0,0.0,23.432457
2020-05-31 19:00:00,404.0,0.0,0.0,123.128644,436.0,0.0,0.0,70.069111
2020-05-31 20:00:00,436.0,0.0,0.0,21.843654,424.0,0.0,0.0,100.449957
2020-05-31 21:00:00,436.0,0.0,0.0,21.118653,364.0,0.0,0.0,20.400003
2020-05-31 22:00:00,380.111935,0.0,0.0,18.531796,304.0,0.0,0.0,16.731825
2020-05-31 23:00:00,320.111935,0.0,0.0,-0.0,291.4,0.0,0.0,-0.0
2020-06-01 00:00:00,284.0,0.0,0.0,-0.0,286.4,2.0,0.0,-0.0
2020-06-01 01:00:00,284.0,0.0,0.0,-0.0,284.0,0.0,0.0,-0.0
2020-06-01 02:00:00,284.0,0.0,0.0,-0.0,284.0,0.0,0.0,-0.0
2020-06-01 03:00:00,284.0,0.0,0.0,-0.0,284.0,0.0,0.0,-0.0
2020-06-01 04:00:00,284.0,0.0,0.0,-0.0,295.4,0.0,0.0,-0.0
2020-06-01 05:00:00,284.0,0.0,0.0,-0.0,295.4,0.0,0.0,-0.0
2020-06-01 06:00:00,284.0,0.0,0.0,-0.0,295.4,0.0,0.0,-0.0
2020-06-01 07:00:00,284.0,0.0,0.0,-0.0,298.4,0.0,0.0,-0.0
2020-06-01 08:00:00,284.0,0.0,0.0,-0.0,296.4,0.0,0.0,-0.0
2020-06-01 09:00:00,284.0,0.0,0.0,-0.0,290.4,0.0,0.0,-0.0
2020-06-01 10:00:00,284.0,0.0,0.0,-0.0,284.0,0.0,0.0,-0.0
2020-06-01 11:00:00,284.0,0.0,0.0,-0.0,284.0,0.0,0.0,-0.0
2020-06-01 12:00:00,284.0,0.0,0.0,-0.0,284.0,0.0,0.0,-0.0
2020-06-01 13:00:00,284.0,0.0,0.0,-0.0,284.0,0.0,0.0,-0.0
2020-06-01 14:00:00,284.0,0.0,0.0,-0.0,334.374359,0.0,0.0,13.096002
2020-06-01 15:00:00,284.0,0.0,0.0,-0.0,394.374359,0.0,0.0,24.986844
2020-06-01 16:00:00,284.0,0.0,0.0,-0.0,436.0,0.0,0.0,23.364451
2020-06-01 17:00:00,284.0,0.0,0.0,-0.0,436.0,0.0,0.0,28.456128
2020-06-01 18:00:00,344.0,0.0,0.0,21.287879,436.0,0.0,0.0,26.790897
2020-06-01 19:00:00,404.0,0.0,0.0,23.128644,436.0,0.0,0.0,81.163241
2020-06-01 20:00:00,436.0,0.0,0.0,23.87513,436.0,0.0,0.0,62.160427
2020-06-01 21:00:00,436.0,0.0,0.0,23.87513,436.0,0.0,0.0,25.9087
2020-06-01 22:00:00,436.0,0.0,0.0,21.843654,436.0,0.0,0.0,23.128644
2020-06-01 23:00:00,436.0,0.0,0.0,21.288154,436.0,0.0,0.0,26.340027
2020-06-02 00:00:00,436.0,0.0,0.0,22.576747,344.0,30.0,0.0,22.96816
2020-06-02 01:00:00,436.0,0.0,0.0,22.732362,404.0,0.0,0.0,22.576747
2020-06-02 02:00:00,436.0,0.0,0.0,22.576747,436.0,0.0,0.0,22.732362
2020-06-02 03:00:00,436.0,0.0,0.0,22.96816,436.0,0.0,0.0,23.128644
2020-06-02 04:00:00,436.0,0.0,0.0,22.96816,436.0,0.0,0.0,23.128644
2020-06-02 05:00:00,436.0,0.0,0.0,23.128644,424.0,0.0,0.0,21.843654
2020-06-02 06:00:00,436.0,0.0,0.0,20.400003,364.0,0.0,0.0,19.685338
2020-06-02 07:00:00,376.0,0.0,0.0,-0.0,304.0,0.0,0.0,17.088256
2020-06-02 08:00:00,316.0,0.0,0.0,-0.0,284.0,0.0,0.0,-0.0
2020-06-02 09:00:00,284.0,0.0,0.0,-0.0,284.0,0.0,0.0,-0.0
2020-06-02 10:00:00,284.0,0.0,0.0,-0.0,284.0,0.0,0.0,-0.0
2020-06-02 11:00:00,284.0,0.0,0.0,-0.0,300.0,0.0,0.0,16.663589
2020-06-02 12:00:00,284.0,0.0,0.0,-0.0,360.0,0.0,0.0,20.400003
2020-06-02 13:00:00,344.0,0.0,0.0,20.846138,420.0,0.0,0.0,22.492854
2020-06-02 14:00:00,404.0,0.0,0.0,21.116411,436.0,0.0,0.0,23.157308
2020-06-02 15:00:00,436.0,0.0,0.0,21.116714,436.0,0.0,0.0,23.128644
2020-06-02 16:00:00,436.0,0.0,0.0,21.474047,436.0,0.0,0.0,23.437807
2020-06-02 17:00:00,436.0,0.0,0.0,22.732362,436.0,0.0,0.0,26.790897
2020-06-02 18:00:00,436.0,0.0,0.0,25.9087,436.0,0.0,0.0,70.652547
2020-06-02 19:00:00,436.0,0.0,0.0,26.429316,436.0,9.367778,0.0,73.842447
2020-06-02 20:00:00,436.0,0.0,0.0,26.429316,436.0,0.0,0.0,27.78462
2020-06-02 21:00:00,436.0,0.0,0.0,26.429316,436.0,0.0,0.0,25.949463
2020-06-02 22:00:00,436.0,0.0,0.0,130.277405,436.0,0.0,0.0,23.437807
2020-06-02 23:00:00,436.0,59.335254,0.0,141.716991,436.0,0.0,0.0,22.886681
2020-06-03 00:00:00,436.0,90.0,0.0,1000.0,410.0,30.0,0.0,19.133765
2020-06-03 01:00:00,436.0,90.0,0.0,1000.0,396.020181,0.0,0.0,19.133765
2020-06-03 02:00:00,436.0,90.0,0.0,283.035526,336.020181,0.0,0.0,17.929828
2020-06-03 03:00:00,436.0,80.0,0.0,227.050889,348.495221,0.0,0.0,18.531796
2020-06-03 04:00:00,436.0,20.0,0.0,123.657594,364.0,0.0,0.0,19.983547
2020-06-03 05:00:00,436.0,0.0,0.0,123.437807,304.0,0.0,0.0,-0.0
2020-06-03 06:00:00,436.0,0.0,0.0,19.983547,294.4,0.0,0.0,-0.0
2020-06-03 07:00:00,436.0,0.0,0.0,19.983547,297.4,0.0,0.0,-0.0
2020-06-03 08:00:00,436.0,0.0,0.0,19.430296,292.4,0.0,0.0,-0.0
2020-06-03 09:00:00,436.0,0.0,0.0,20.400003,289.4,0.0,0.0,-0.0
2020-06-03 10:00:00,436.0,0.0,0.0,121.116714,335.071979,0.0,0.0,-0.0
2020-06-03 11:00:00,436.0,0.0,0.0,20.846138,395.071979,0.0,0.0,25.663909
2020-06-03 12:00:00,436.0,0.0,0.0,21.116411,436.0,0.0,0.0,24.568475
2020-06-03 13:00:00,436.0,0.0,0.0,21.647258,436.0,0.0,0.0,24.897865
2020-06-03 14:00:00,436.0,0.0,0.0,21.474047,436.0,0.0,0.0,23.783393
2020-06-03 15:00:00,436.0,0.0,0.0,23.128644,436.0,0.0,0.0,22.96816
2020-06-03 16:00:00,436.0,0.0,0.0,23.128644,436.0,0.0,0.0,25.758899
2020-06-03 17:00:00,436.0,0.0,0.0,23.657594,436.0,0.0,0.0,73.105661
2020-06-03 18:00:00,436.0,0.0,0.0,26.324557,436.0,0.0,0.0,29.863571
2020-06-03 19:00:00,436.0,0.0,0.0,26.404825,436.0,0.0,0.0,73.528205
2020-06-03 20:00:00,436.0,0.0,0.0,25.9087,436.0,0.0,0.0,26.755559
2020-06-03 21:00:00,436.0,0.0,0.0,26.324557,436.0,0.0,0.0,25.298753
2020-06-03 22:00:00,436.0,0.0,0.0,23.437807,436.0,0.0,0.0,22.96816
2020-06-03 23:00:00,436.0,0.0,0.0,19.983547,376.0,0.0,0.0,23.523994
2020-06-04 00:00:00,436.0,0.0,0.0,19.983547,284.0,30.0,0.0,-0.0
2020-06-04 01:00:00,436.0,0.0,0.0,20.400003,292.4,0.0,0.0,-0.0
2020-06-04 02:00:00,436.0,0.0,0.0,21.116411,304.0,0.0,0.0,18.072542
2020-06-04 03:00:00,436.0,0.0,0.0,20.400003,364.0,0.0,0.0,19.983547
2020-06-04 04:00:00,436.0,0.0,0.0,19.983547,304.0,0.0,0.0,15.569623
2020-06-04 05:00:00,436.0,0.0,0.0,19.983547,285.4,0.0,0.0,-0.0
2020-06-04 06:00:00,376.0,0.0,0.0,-0.0,326.545466,0.0,0.0,18.949058
2020-06-04 07:00:00,316.0,0.0,0.0,-0.0,386.545466,0.0,0.0,18.573789
2020-06-04 08:00:00,284.0,0.0,0.0,16.970947,436.0,0.0,0.0,19.983547
2020-06-04 09:00:00,284.0,0.0,0.0,18.072542,436.0,0.0,0.0,21.116411
2020-06-04 10:00:00,344.0,0.0,0.0,19.983547,436.0,0.0,0.0,21.647258
2020-06-04 11:00:00,396.619673,0.0,0.0,18.531796,436.0,0.0,0.0,26.32207
2020-06-04 12:00:00,436.0,0.0,0.0,19.983547,436.0,0.0,0.0,23.139764
2020-06-04 13:00:00,436.0,0.0,0.0,21.116714,436.0,0.0,0.0,23.128644
2020-06-04 14:00:00,436.0,0.0,0.0,22.185841,436.0,0.0,0.0,24.62179
2020-06-04 15:00:00,436.0,0.0,0.0,23.128644,436.0,0.0,0.0,26.324557
2020-06-04 16:00:00,436.0,0.0,0.0,22.96816,436.0,0.0,0.0,26.324557
2020-06-04 17:00:00,436.0,0.0,0.0,23.657594,436.0,0.0,0.0,70.56488
2020-06-04 18:00:00,436.0,0.0,0.0,24.62179,436.0,0.0,0.0,81.163241
2020-06-04 19:00:00,436.0,0.0,0.0,21.168781,436.0,0.0,0.0,26.429316
2020-06-04 20:00:00,436.0,0.0,0.0,21.62631,436.0,0.0,0.0,22.441135
2020-06-04 21:00:00,436.0,0.0,0.0,22.441135,436.0,0.0,0.0,22.671982
2020-06-04 22:00:00,436.0,0.0,0.0,126.404825,436.0,0.0,0.0,21.704731
2020-06-04 23:00:00,436.0,60.0,0.0,227.050889,421.473623,0.0,0.0,25.148955
2020-06-05 00:00:00,436.0,90.0,0.0,1000.0,410.0,30.0,0.0,19.133765
2020-06-05 01:00:00,436.0,90.0,0.0,1000.0,436.0,0.0,0.0,20.400003
2020-06-05 02:00:00,436.0,43.7986,0.0,141.716991,436.0,0.0,0.0,21.474047
2020-06-05 03:00:00,436.0,0.0,0.0,23.437807,436.0,0.0,0.0,22.516066
2020-06-05 04:00:00,436.0,0.0,0.0,23.437807,436.0,0.0,0.0,40.053667
2020-06-05 05:00:00,436.0,0.0,0.0,23.437807,436.0,0.0,0.0,22.96816
2020-06-05 06:00:00,436.0,0.0,0.0,20.846138,436.0,0.0,0.0,21.116411
2020-06-05 07:00:00,436.0,0.0,0.0,19.685338,436.0,0.0,0.0,21.287879
2020-06-05 08:00:00,436.0,0.0,0.0,20.400003,436.0,0.0,0.0,20.846138
2020-06-05 09:00:00,436.0,0.0,0.0,20.400003,436.0,0.0,0.0,21.647258
2020-06-05 10:00:00,436.0,0.0,0.0,21.116411,436.0,0.0,0.0,28.421264
2020-06-05 11:00:00,436.0,0.0,0.0,21.647258,436.0,0.0,0.0,21.857676
2020-06-05 12:00:00,436.0,0.0,0.0,21.116714,436.0,0.0,0.0,26.608552
2020-06-05 13:00:00,436.0,0.0,0.0,22.492854,436.0,0.0,0.0,26.018514
2020-06-05 14:00:00,436.0,0.0,0.0,22.732362,436.0,0.0,0.0,23.363128
2020-06-05 15:00:00,436.0,0.0,0.0,20.989617,436.0,0.0,0.0,27.658468
2020-06-05 16:00:00,436.0,0.0,0.0,22.441135,436.0,0.0,0.0,26.790897
2020-06-05 17:00:00,436.0,0.0,0.0,21.168781,436.0,0.0,0.0,70.362316
2020-06-05 18:00:00,436.0,0.0,0.0,20.23509,436.0,0.0,0.0,71.772522
2020-06-05 19:00:00,376.0,0.0,0.0,16.82425,436.0,0.0,0.0,26.704832
2020-06-05 20:00:00,316.0,0.0,0.0,15.501573,436.0,0.0,0.0,30.681039
2020-06-05 21:00:00,376.0,0.0,0.0,18.60404,436.0,0.0,0.0,23.437807
2020-06-05 22:00:00,436.0,0.0,0.0,19.133765,436.0,0.0,0.0,24.554938
2020-06-05 23:00:00,436.0,0.0,0.0,20.726727,436.0,0.0,0.0,22.431483
2020-06-06 00:00:00,376.0,0.0,0.0,16.212661,304.0,30.0,0.0,19.133765
2020-06-06 01:00:00,316.0,0.0,0.0,-0.0,284.0,0.0,0.0,11.434364
2020-06-06 02:00:00,284.0,0.0,0.0,-0.0,284.0,0.0,0.0,-0.0
2020-06-06 03:00:00,284.0,0.0,0.0,-0.0,287.3,0.0,0.0,-0.0
2020-06-06 04:00:00,284.0,0.0,0.0,-0.0,292.507313,0.0,0.0,19.983547
2020-06-06 05:00:00,284.0,0.0,0.0,-0.0,284.0,0.0,0.0,-0.0
2020-06-06 06:00:00,284.0,0.0,0.0,-0.0,284.0,0.0,0.0,-0.0
2020-06-06 07:00:00,284.0,0.0,0.0,-0.0,338.586701,0.0,0.0,19.983547
2020-06-06 08:00:00,314.009863,0.0,0.0,18.531796,398.586701,0.0,0.0,21.647258
2020-06-06 09:00:00,374.009863,0.0,0.0,20.400003,436.0,0.0,0.0,23.610142
2020-06-06 10:00:00,434.009863,0.0,0.0,20.400003,436.0,0.0,0.0,26.937859
2020-06-06 11:00:00,436.0,0.0,0.0,21.647258,436.0,0.0,0.0,24.498783
2020-06-06 12:00:00,436.0,0.0,0.0,21.116411,436.0,0.0,0.0,25.873385
2020-06-06 13:00:00,436.0,0.0,0.0,22.492854,436.0,0.0,0.0,27.381402
2020-06-06 14:00:00,436.0,0.0,0.0,22.492854,436.0,0.0,0.0,26.742951
2020-06-06 15:00:00,436.0,0.0,0.0,22.732362,436.0,0.0,0.0,26.796991
2020-06-06 16:00:00,436.0,0.0,0.0,23.437807,436.0,11.350412,0.0,26.790897
2020-06-06 17:00:00,436.0,0.0,0.0,23.444698,436.0,6.003787,0.0,81.221852
2020-06-06 18:00:00,436.0,0.0,0.0,26.429316,436.0,11.019243,0.0,76.029938
2020-06-06 19:00:00,436.0,0.0,0.0,26.429316,436.0,0.0,0.0,56.685749
2020-06-06 20:00:00,436.0,0.0,0.0,26.324557,436.0,0.0,0.0,29.768419
2020-06-06 21:00:00,436.0,0.0,0.0,26.324557,436.0,0.0,0.0,26.772623
2020-06-06 22:00:00,436.0,0.0,0.0,26.755559,436.0,0.0,0.0,26.825962
2020-06-06 23:00:00,436.0,0.0,0.0,26.790897,436.0,0.0,0.0,26.790897
2020-06-07 00:00:00,436.0,0.0,0.0,26.755559,410.0,30.0,0.0,27.812661
2020-06-07 01:00:00,436.0,0.0,0.0,26.324557,436.0,0.0,0.0,25.758899
2020-06-07 02:00:00,436.0,0.0,0.0,126.755559,436.0,0.0,0.0,23.437807
2020-06-07 03:00:00,436.0,0.0,0.0,23.657594,436.0,0.0,0.0,29.233681
2020-06-07 04:00:00,436.0,0.0,0.0,23.437807,424.0,0.0,0.0,23.128644
2020-06-07 05:00:00,436.0,0.0,0.0,136.124055,364.0,0.0,0.0,20.846138
2020-06-07 06:00:00,436.0,0.0,0.0,21.474047,304.0,0.0,0.0,-0.0
2020-06-07 07:00:00,436.0,0.0,0.0,20.400003,296.4,0.0,0.0,-0.0
2020-06-07 08:00:00,436.0,0.0,0.0,20.846138,299.4,0.0,0.0,-0.0
2020-06-07 09:00:00,436.0,0.0,0.0,21.474047,296.4,0.0,0.0,-0.0
2020-06-07 10:00:00,436.0,0.0,0.0,123.437807,304.0,0.0,0.0,-0.0
2020-06-07 11:00:00,436.0,0.0,0.0,121.647258,364.0,0.0,0.0,17.134577
2020-06-07 12:00:00,376.0,0.0,0.0,14.717507,424.0,0.0,0.0,21.460536
2020-06-07 13:00:00,326.931836,0.0,0.0,18.531796,436.0,0.0,0.0,26.158119
2020-06-07 14:00:00,386.931836,0.0,0.0,21.773143,436.0,0.0,0.0,23.965523
2020-06-07 15:00:00,380.144153,0.0,0.0,18.531796,436.0,0.0,0.0,27.75327
2020-06-07 16:00:00,436.0,0.0,0.0,24.01053,436.0,0.0,0.0,21.789214
2020-06-07 17:00:00,436.0,0.0,0.0,21.118971,436.0,0.0,0.0,23.444698
2020-06-07 18:00:00,436.0,0.0,0.0,20.820283,436.0,0.0,0.0,26.690062
2020-06-07 19:00:00,436.0,0.0,0.0,22.441135,436.0,0.0,0.0,68.584434
2020-06-07 20:00:00,436.0,0.0,0.0,20.726727,436.0,0.0,0.0,79.361567
2020-06-07 21:00:00,388.778609,0.0,0.0,18.531796,436.0,0.0,0.0,24.922283
2020-06-07 22:00:00,436.0,0.0,0.0,21.269839,436.0,0.0,0.0,22.185841
2020-06-07 23:00:00,378.366376,0.0,0.0,18.531796,436.0,0.0,0.0,22.185841
2020-06-08 00:00:00,318.366376,0.0,0.0,-0.0,339.576459,30.0,0.0,18.531796
2020-06-08 01:00:00,284.0,0.0,0.0,-0.0,292.4,0.0,0.0,-0.0
2020-06-08 02:00:00,284.0,0.0,0.0,-0.0,291.4,0.0,0.0,-0.0
2020-06-08 03:00:00,284.0,0.0,0.0,-0.0,339.76535,0.0,0.0,17.080045
2020-06-08 04:00:00,284.0,0.0,0.0,-0.0,399.76535,0.0,0.0,19.983547
2020-06-08 05:00:00,344.0,0.0,0.0,20.846138,364.0,0.0,0.0,19.983547
2020-06-08 06:00:00,404.0,0.0,0.0,19.983547,304.0,0.0,0.0,-0.0
2020-06-08 07:00:00,436.0,0.0,0.0,21.474047,364.0,0.0,0.0,19.685338
2020-06-08 08:00:00,436.0,0.0,0.0,22.516066,424.0,0.0,0.0,21.116714
2020-06-08 09:00:00,436.0,0.0,0.0,22.732362,436.0,0.0,0.0,21.843654
2020-06-08 10:00:00,436.0,0.0,0.0,23.437807,436.0,0.0,0.0,22.732362
2020-06-08 11:00:00,436.0,0.0,0.0,23.437807,436.0,0.0,0.0,24.848438
2020-06-08 12:00:00,436.0,0.0,0.0,23.437807,436.0,0.0,0.0,26.530643
2020-06-08 13:00:00,436.0,0.0,0.0,23.206766,436.0,0.0,0.0,26.563314
2020-06-08 14:00:00,436.0,0.0,0.0,23.206766,436.0,0.0,0.0,26.739082
2020-06-08 15:00:00,436.0,0.0,0.0,23.657594,436.0,0.0,0.0,27.308149
2020-06-08 16:00:00,436.0,0.0,0.0,26.429316,436.0,0.0,0.0,28.494508
2020-06-08 17:00:00,436.0,0.0,0.0,26.755559,436.0,0.0,0.0,76.029938
2020-06-08 18:00:00,436.0,0.0,0.0,26.892495,436.0,0.0,0.0,81.163241
2020-06-08 19:00:00,436.0,0.0,0.0,27.274616,436.0,0.0,0.0,54.847088
2020-06-08 20:00:00,436.0,0.0,0.0,27.128505,436.0,0.0,0.0,28.749284
2020-06-08 21:00:00,436.0,0.0,0.0,26.845129,436.0,0.0,0.0,27.128505
2020-06-08 22:00:00,436.0,0.0,0.0,25.9087,436.0,0.0,0.0,27.274563
2020-06-08 23:00:00,436.0,0.0,0.0,25.9087,436.0,0.0,0.0,28.470434
2020-06-09 00:00:00,436.0,0.0,0.0,25.9087,392.983171,30.0,0.0,23.437807
2020-06-09 01:00:00,436.0,0.0,0.0,23.206766,436.0,0.0,0.0,22.732362
2020-06-09 02:00:00,436.0,0.0,0.0,22.516066,436.0,0.0,0.0,22.516066
2020-06-09 03:00:00,436.0,0.0,0.0,21.647258,436.0,0.0,0.0,21.647258
2020-06-09 04:00:00,436.0,0.0,0.0,21.288154,426.104312,0.0,0.0,21.647258
2020-06-09 05:00:00,436.0,0.0,0.0,21.647258,366.104312,0.0,0.0,19.430296
2020-06-09 06:00:00,436.0,0.0,0.0,19.983547,306.104312,0.0,0.0,-0.0
2020-06-09 07:00:00,436.0,0.0,0.0,21.116411,284.0,0.0,0.0,5.726182
2020-06-09 08:00:00,436.0,0.0,0.0,21.474047,309.164614,0.0,0.0,16.970947
2020-06-09 09:00:00,436.0,0.0,0.0,22.492854,369.164614,0.0,0.0,18.463561
2020-06-09 10:00:00,436.0,0.0,0.0,22.516066,429.164614,0.0,0.0,19.983547
2020-06-09 11:00:00,436.0,0.0,0.0,25.9087,436.0,0.0,0.0,21.843654
2020-06-09 12:00:00,436.0,0.0,0.0,127.755129,436.0,0.0,0.0,23.206766
2020-06-09 13:00:00,436.0,0.0,0.0,126.790897,436.0,0.0,0.0,26.324557
2020-06-09 14:00:00,436.0,0.0,0.0,127.276799,436.0,0.0,0.0,28.270394
2020-06-09 15:00:00,436.0,0.0,0.0,127.276799,436.0,0.0,0.0,27.050889
2020-06-09 16:00:00,436.0,0.0,0.0,27.274563,436.0,0.0,0.0,27.128505
2020-06-09 17:00:00,436.0,0.0,0.0,26.845129,436.0,0.0,0.0,73.241207
2020-06-09 18:00:00,436.0,0.0,0.0,27.128505,436.0,0.0,0.0,27.276799
2020-06-09 19:00:00,436.0,0.0,0.0,26.790897,436.0,0.0,0.0,72.654106
2020-06-09 20:00:00,436.0,0.0,0.0,26.790897,436.0,0.0,0.0,27.755129
2020-06-09 21:00:00,436.0,0.0,0.0,26.790897,436.0,0.0,0.0,28.160962
2020-06-09 22:00:00,436.0,0.0,0.0,26.755559,436.0,0.0,0.0,27.628155
2020-06-09 23:00:00,436.0,0.0,0.0,130.530112,436.0,0.0,0.0,26.426123
2020-06-10 00:00:00,436.0,0.0,0.0,26.755559,410.0,30.0,0.0,22.732362
2020-06-10 01:00:00,436.0,0.0,0.0,25.9087,436.0,0.0,0.0,23.128644
2020-06-10 02:00:00,436.0,0.0,0.0,23.437807,436.0,0.0,0.0,23.128644
2020-06-10 03:00:00,436.0,0.0,0.0,23.206766,436.0,0.0,0.0,22.492854
2020-06-10 04:00:00,436.0,0.0,0.0,23.206766,436.0,0.0,0.0,21.843654
2020-06-10 05:00:00,436.0,0.0,0.0,23.657594,404.979949,0.0,0.0,21.287879
2020-06-10 06:00:00,436.0,0.0,0.0,22.732362,344.979949,0.0,0.0,16.897318
2020-06-10 07:00:00,436.0,0.0,0.0,22.576747,284.979949,0.0,0.0,-0.0
2020-06-10 08:00:00,436.0,0.0,0.0,21.843654,344.979949,0.0,0.0,18.072542
2020-06-10 09:00:00,436.0,0.0,0.0,22.516066,404.979949,0.0,0.0,19.430296
2020-06-10 10:00:00,436.0,0.0,0.0,22.185841,436.0,0.0,0.0,20.846138
2020-06-10 11:00:00,436.0,0.0,0.0,21.288154,436.0,0.0,0.0,21.474047
2020-06-10 12:00:00,436.0,0.0,0.0,21.647258,436.0,0.0,0.0,22.516066
2020-06-10 13:00:00,436.0,0.0,0.0,22.732362,436.0,0.0,0.0,23.206766
2020-06-10 14:00:00,436.0,0.0,0.0,22.732362,436.0,0.0,0.0,23.437807
2020-06-10 15:00:00,436.0,0.0,0.0,25.758899,436.0,0.0,0.0,23.87513
2020-06-10 16:00:00,436.0,0.0,0.0,23.657594,436.0,0.0,0.0,23.437807
2020-06-10 17:00:00,436.0,0.0,0.0,23.87513,436.0,0.0,0.0,64.438262
2020-06-10 18:00:00,436.0,0.0,0.0,23.437807,436.0,0.0,0.0,79.649875
2020-06-10 19:00:00,436.0,0.0,0.0,25.758899,436.0,0.0,0.0,26.790897
2020-06-10 20:00:00,436.0,0.0,0.0,130.277405,436.0,0.0,0.0,26.739082
2020-06-10 21:00:00,436.0,0.0,0.0,23.437807,436.0,0.0,0.0,26.179503
2020-06-10 22:00:00,436.0,0.0,0.0,126.790897,436.0,0.0,0.0,22.732362
2020-06-10 23:00:00,436.0,0.0,0.0,26.429316,436.0,0.0,0.0,23.87513
2020-06-11 00:00:00,436.0,0.0,0.0,21.647258,410.0,30.0,0.0,23.437807
2020-06-11 01:00:00,435.951771,0.0,0.0,18.531796,436.0,0.0,0.0,28.257529
2020-06-11 02:00:00,436.0,0.0,0.0,19.685338,436.0,0.0,0.0,32.146335
2020-06-11 03:00:00,376.0,0.0,0.0,-0.0,436.0,0.0,0.0,22.732362
2020-06-11 04:00:00,316.0,0.0,0.0,16.970947,424.0,0.0,0.0,25.505912
2020-06-11 05:00:00,376.0,0.0,0.0,21.647258,364.0,0.0,0.0,21.288154
2020-06-11 06:00:00,316.0,0.0,0.0,-0.0,304.0,0.0,0.0,-0.0
2020-06-11 07:00:00,284.0,0.0,0.0,-0.0,296.4,0.0,0.0,-0.0
2020-06-11 08:00:00,284.0,0.0,0.0,-0.0,296.4,0.0,0.0,-0.0
2020-06-11 09:00:00,344.0,0.0,0.0,19.983547,293.4,0.0,0.0,-0.0
2020-06-11 10:00:00,284.0,0.0,0.0,18.072542,289.4,0.0,0.0,-0.0
2020-06-11 11:00:00,284.0,0.0,0.0,-0.0,287.4,0.0,0.0,13.891829
2020-06-11 12:00:00,284.0,0.0,0.0,-0.0,304.0,0.0,0.0,18.573789
2020-06-11 13:00:00,284.0,0.0,0.0,4.877238,364.0,0.0,0.0,21.72817
2020-06-11 14:00:00,289.224011,0.0,0.0,18.531796,424.0,0.0,0.0,25.783469
2020-06-11 15:00:00,349.224011,0.0,0.0,21.116411,436.0,0.0,0.0,22.492854
2020-06-11 16:00:00,409.224011,0.0,0.0,19.430296,436.0,0.0,0.0,23.437807
2020-06-11 17:00:00,436.0,0.0,0.0,21.116714,436.0,0.0,0.0,23.206766
2020-06-11 18:00:00,436.0,0.0,0.0,22.576747,436.0,0.0,0.0,26.429316
2020-06-11 19:00:00,436.0,0.0,0.0,23.206766,436.0,0.0,0.0,75.377354
2020-06-11 20:00:00,436.0,0.0,0.0,20.400003,436.0,0.0,0.0,70.447186
2020-06-11 21:00:00,376.0,0.0,0.0,18.074264,436.0,0.0,0.0,26.111692
2020-06-11 22:00:00,436.0,0.0,0.0,18.573789,436.0,0.0,0.0,25.688613
2020-06-11 23:00:00,416.559126,0.0,0.0,18.531796,436.0,0.0,0.0,21.675943
2020-06-12 00:00:00,436.0,0.0,0.0,20.846138,344.0,30.0,0.0,21.116714
2020-06-12 01:00:00,436.0,0.0,0.0,21.287879,404.0,0.0,0.0,22.576747
2020-06-12 02:00:00,436.0,0.0,0.0,21.116411,436.0,0.0,0.0,23.437807
2020-06-12 03:00:00,436.0,0.0,0.0,21.116411,436.0,0.0,0.0,25.345871
2020-06-12 04:00:00,436.0,0.0,0.0,21.288154,436.0,0.0,0.0,41.996858
2020-06-12 05:00:00,436.0,0.0,0.0,22.516066,421.915701,0.0,0.0,21.287879
2020-06-12 06:00:00,376.0,0.0,0.0,18.072542,361.915701,0.0,0.0,19.430296
2020-06-12 07:00:00,436.0,0.0,0.0,21.647258,421.915701,0.0,0.0,20.846138
2020-06-12 08:00:00,436.0,0.0,0.0,21.287879,436.0,0.0,0.0,21.116411
2020-06-12 09:00:00,436.0,0.0,0.0,21.647258,436.0,0.0,0.0,21.116714
2020-06-12 10:00:00,436.0,0.0,0.0,22.576747,436.0,0.0,0.0,21.647258
2020-06-12 11:00:00,436.0,0.0,0.0,22.576747,436.0,0.0,0.0,23.378639
2020-06-12 12:00:00,436.0,0.0,0.0,23.128644,436.0,0.0,0.0,24.83174
2020-06-12 13:00:00,436.0,0.0,0.0,21.474047,436.0,0.0,0.0,26.433786
2020-06-12 14:00:00,436.0,0.0,0.0,21.288154,436.0,0.0,0.0,24.02378
2020-06-12 15:00:00,436.0,0.0,0.0,22.576747,436.0,0.0,0.0,25.176312
2020-06-12 16:00:00,436.0,0.0,0.0,22.576747,436.0,0.0,0.0,26.429316
2020-06-12 17:00:00,436.0,0.0,0.0,23.128644,436.0,0.0,0.0,26.9224
2020-06-12 18:00:00,436.0,0.0,0.0,24.62179,436.0,0.0,0.0,70.940855
2020-06-12 19:00:00,436.0,0.0,0.0,26.755559,436.0,0.0,0.0,76.459585
2020-06-12 20:00:00,436.0,0.0,0.0,26.324557,436.0,0.0,0.0,27.128505
2020-06-12 21:00:00,436.0,0.0,0.0,27.050889,436.0,0.0,0.0,26.557535
2020-06-12 22:00:00,436.0,0.0,0.0,127.050889,436.0,0.0,0.0,23.558677
2020-06-12 23:00:00,436.0,0.0,0.0,126.324557,436.0,0.0,0.0,24.588075
2020-06-13 00:00:00,436.0,0.0,0.0,23.128644,410.0,30.0,0.0,21.647258
2020-06-13 01:00:00,436.0,52.040741,0.0,141.716991,436.0,0.0,0.0,21.647258
2020-06-13 02:00:00,436.0,0.0,0.0,133.946708,436.0,0.0,0.0,22.286429
2020-06-13 03:00:00,436.0,0.0,0.0,125.758899,424.0,0.0,0.0,21.474047
2020-06-13 04:00:00,436.0,0.0,0.0,21.647258,364.0,0.0,0.0,21.288154
2020-06-13 05:00:00,436.0,0.0,0.0,21.287879,304.0,0.0,0.0,-0.0
2020-06-13 06:00:00,436.0,0.0,0.0,18.573789,293.4,0.0,0.0,-0.0
2020-06-13 07:00:00,436.0,0.0,0.0,18.573789,296.4,0.0,0.0,-0.0
2020-06-13 08:00:00,436.0,0.0,0.0,20.400003,296.4,0.0,0.0,-0.0
2020-06-13 09:00:00,436.0,0.0,0.0,19.983547,289.4,0.0,0.0,-0.0
2020-06-13 10:00:00,436.0,0.0,0.0,21.116411,329.82956,0.0,0.0,19.685338
2020-06-13 11:00:00,436.0,0.0,0.0,21.116714,389.82956,0.0,0.0,20.400003
2020-06-13 12:00:00,436.0,0.0,0.0,21.647258,436.0,0.0,0.0,22.826121
2020-06-13 13:00:00,436.0,0.0,0.0,21.287879,436.0,0.0,0.0,23.593566
2020-06-13 14:00:00,436.0,0.0,0.0,19.983547,436.0,0.0,0.0,25.297682
2020-06-13 15:00:00,436.0,0.0,0.0,21.116714,436.0,0.0,0.0,26.120823
2020-06-13 16:00:00,436.0,0.0,0.0,21.647258,436.0,0.0,0.0,26.324557
2020-06-13 17:00:00,436.0,0.0,0.0,22.96816,436.0,0.0,0.0,27.439939
2020-06-13 18:00:00,436.0,0.0,0.0,25.758899,436.0,0.0,0.0,75.799899
2020-06-13 19:00:00,436.0,0.0,0.0,26.324557,436.0,0.0,0.0,63.872114
2020-06-13 20:00:00,436.0,0.0,0.0,26.429316,436.0,0.0,0.0,26.790897
2020-06-13 21:00:00,436.0,0.0,0.0,23.87513,436.0,0.0,0.0,27.050889
2020-06-13 22:00:00,436.0,0.0,0.0,25.9087,436.0,0.0,0.0,27.050889
2020-06-13 23:00:00,436.0,0.0,0.0,23.128644,436.0,0.0,0.0,26.324557
2020-06-14 00:00:00,436.0,0.0,0.0,23.128644,344.0,30.0,0.0,27.549899
2020-06-14 01:00:00,436.0,0.0,0.0,23.128644,404.0,0.0,0.0,26.111692
2020-06-14 02:00:00,436.0,0.0,0.0,23.657594,436.0,0.0,0.0,26.221481
2020-06-14 03:00:00,436.0,0.0,0.0,23.128644,436.0,0.0,0.0,23.657594
2020-06-14 04:00:00,436.0,0.0,0.0,22.732362,419.4,0.0,0.0,21.843654
2020-06-14 05:00:00,436.0,0.0,0.0,21.116714,359.4,0.0,0.0,19.983547
2020-06-14 06:00:00,376.0,0.0,0.0,-0.0,299.4,0.0,0.0,-0.0
2020-06-14 07:00:00,316.0,0.0,0.0,-0.0,284.0,0.0,0.0,-0.0
2020-06-14 08:00:00,284.0,0.0,0.0,16.970947,284.0,0.0,0.0,15.221729
2020-06-14 09:00:00,344.0,0.0,0.0,18.573789,284.0,0.0,0.0,-0.0
2020-06-14 10:00:00,317.849185,0.0,0.0,18.531796,284.0,0.0,0.0,-0.0
2020-06-14 11:00:00,284.0,0.0,0.0,18.072542,316.0,0.0,0.0,18.573789
2020-06-14 12:00:00,344.0,0.0,0.0,19.430296,376.0,0.0,0.0,19.983547
2020-06-14 13:00:00,399.52795,0.0,0.0,18.531796,436.0,0.0,0.0,21.474047
2020-06-14 14:00:00,436.0,0.0,0.0,19.430296,436.0,0.0,0.0,24.294718
2020-06-14 15:00:00,436.0,0.0,0.0,20.846138,436.0,0.0,0.0,25.660562
2020-06-14 16:00:00,436.0,0.0,0.0,19.983547,436.0,0.0,0.0,26.393232
2020-06-14 17:00:00,436.0,0.0,0.0,21.647258,436.0,0.0,0.0,26.85291
2020-06-14 18:00:00,436.0,0.0,0.0,23.206766,436.0,0.0,0.0,63.31683
2020-06-14 19:00:00,436.0,0.0,0.0,25.9087,436.0,0.0,0.0,77.103923
2020-06-14 20:00:00,436.0,0.0,0.0,23.87513,436.0,0.0,0.0,27.274563
2020-06-14 21:00:00,436.0,0.0,0.0,23.206766,436.0,0.0,0.0,26.324557
2020-06-14 22:00:00,436.0,0.0,0.0,22.576747,436.0,0.0,0.0,26.742582
2020-06-14 23:00:00,436.0,0.0,0.0,21.287879,436.0,0.0,0.0,26.07136
2020-06-15 00:00:00,436.0,0.0,0.0,18.573789,344.0,30.0,0.0,23.128644
2020-06-15 01:00:00,376.0,0.0,0.0,-0.0,404.0,0.0,0.0,22.732362
2020-06-15 02:00:00,316.0,0.0,0.0,-0.0,436.0,0.0,0.0,22.516066
2020-06-15 03:00:00,376.0,0.0,0.0,18.573789,436.0,0.0,0.0,22.185841
2020-06-15 04:00:00,388.523462,0.0,0.0,18.531796,408.061117,0.0,0.0,22.492854
2020-06-15 05:00:00,425.250775,0.0,0.0,18.531796,348.061117,0.0,0.0,19.983547
2020-06-15 06:00:00,365.250775,0.0,0.0,-0.0,288.061117,0.0,0.0,17.080045
2020-06-15 07:00:00,305.250775,0.0,0.0,-0.0,284.0,0.0,0.0,-0.0
2020-06-15 08:00:00,284.0,0.0,0.0,-0.0,284.0,0.0,0.0,-0.0
2020-06-15 09:00:00,284.0,0.0,0.0,-0.0,284.0,0.0,0.0,-0.0
2020-06-15 10:00:00,284.0,0.0,0.0,-0.0,284.0,0.0,0.0,17.274652
2020-06-15 11:00:00,284.0,0.0,0.0,-0.0,335.712259,0.0,0.0,19.983547
2020-06-15 12:00:00,284.0,0.0,0.0,-0.0,395.712259,0.0,0.0,21.116714
2020-06-15 13:00:00,284.0,0.0,0.0,16.970947,436.0,0.0,0.0,22.185841
2020-06-15 14:00:00,344.0,0.0,0.0,20.846138,436.0,0.0,0.0,23.128644
2020-06-15 15:00:00,404.0,0.0,0.0,19.983547,436.0,0.0,0.0,25.551629
2020-06-15 16:00:00,400.680899,0.0,0.0,18.531796,436.0,0.0,0.0,25.278999
2020-06-15 17:00:00,436.0,0.0,0.0,19.983547,436.0,0.0,0.0,28.29057
2020-06-15 18:00:00,376.0,0.0,0.0,15.731586,436.0,0.0,0.0,73.239865
2020-06-15 19:00:00,436.0,0.0,0.0,22.96816,436.0,0.0,0.0,69.86697
2020-06-15 20:00:00,436.0,0.0,0.0,21.287879,436.0,0.0,0.0,30.863702
2020-06-15 21:00:00,436.0,0.0,0.0,19.983547,436.0,0.0,0.0,22.516066
2020-06-15 22:00:00,436.0,0.0,0.0,26.324557,436.0,0.0,0.0,22.492854
2020-06-15 23:00:00,436.0,0.0,0.0,20.846138,436.0,0.0,0.0,29.055172
2020-06-16 00:00:00,436.0,0.0,0.0,20.400003,344.0,30.0,0.0,22.576747
2020-06-16 01:00:00,436.0,0.0,0.0,21.287879,404.0,0.0,0.0,18.573789
2020-06-16 02:00:00,436.0,0.0,0.0,19.983547,408.736837,0.0,0.0,18.531796
2020-06-16 03:00:00,436.0,0.0,0.0,19.430296,424.0,0.0,0.0,19.983547
2020-06-16 04:00:00,436.0,0.0,0.0,19.983547,364.0,0.0,0.0,20.846138
2020-06-16 05:00:00,436.0,0.0,0.0,20.400003,304.0,0.0,0.0,-0.0
2020-06-16 06:00:00,376.0,0.0,0.0,-0.0,284.0,0.0,0.0,-0.0
2020-06-16 07:00:00,316.0,0.0,0.0,-0.0,304.0,0.0,0.0,16.970947
2020-06-16 08:00:00,284.0,0.0,0.0,-0.0,364.0,0.0,0.0,19.983547
2020-06-16 09:00:00,284.0,0.0,0.0,-0.0,424.0,0.0,0.0,19.983547
2020-06-16 10:00:00,284.0,0.0,0.0,-0.0,436.0,0.0,0.0,19.685338
2020-06-16 11:00:00,284.0,0.0,0.0,15.731586,436.0,0.0,0.0,19.983547
2020-06-16 12:00:00,284.0,0.0,0.0,-0.0,436.0,0.0,0.0,21.843654
2020-06-16 13:00:00,284.0,0.0,0.0,-0.0,436.0,0.0,0.0,23.437807
2020-06-16 14:00:00,344.0,0.0,0.0,20.918742,436.0,0.0,0.0,30.347527
2020-06-16 15:00:00,404.0,0.0,0.0,21.514375,436.0,0.0,0.0,23.437807
2020-06-16 16:00:00,436.0,0.0,0.0,21.647258,436.0,0.0,0.0,23.657594
2020-06-16 17:00:00,436.0,0.0,0.0,21.647258,436.0,0.0,0.0,30.037723
2020-06-16 18:00:00,436.0,0.0,0.0,25.758899,436.0,0.0,0.0,23.437807
2020-06-16 19:00:00,436.0,0.0,0.0,127.274563,436.0,0.0,0.0,23.437807
2020-06-16 20:00:00,436.0,0.0,0.0,27.274563,436.0,0.0,0.0,114.06392
2020-06-16 21:00:00,436.0,0.0,0.0,23.437807,436.0,0.0,0.0,26.324557
2020-06-16 22:00:00,436.0,0.0,0.0,21.99146,436.0,0.0,0.0,26.860742
2020-06-16 23:00:00,436.0,0.0,0.0,21.843654,436.0,0.0,0.0,25.654614
2020-06-17 00:00:00,436.0,0.0,0.0,21.288154,344.0,30.0,0.0,27.165661
2020-06-17 01:00:00,436.0,0.0,0.0,21.116714,404.0,0.0,0.0,23.548163
2020-06-17 02:00:00,436.0,0.0,0.0,122.492854,424.0,0.0,0.0,23.944512
2020-06-17 03:00:00,402.471926,0.0,0.0,18.531796,364.0,0.0,0.0,20.726727
2020-06-17 04:00:00,351.521884,0.0,0.0,18.531796,304.0,0.0,0.0,-0.0
2020-06-17 05:00:00,411.521884,0.0,0.0,19.983547,291.4,0.0,0.0,-0.0
2020-06-17 06:00:00,351.521884,0.0,0.0,-0.0,284.4,0.0,0.0,-0.0
2020-06-17 07:00:00,291.521884,0.0,0.0,-0.0,298.4,0.0,0.0,-0.0
2020-06-17 08:00:00,284.0,0.0,0.0,-0.0,298.4,0.0,0.0,-0.0
2020-06-17 09:00:00,284.0,0.0,0.0,-0.0,285.4,0.0,0.0,-0.0
2020-06-17 10:00:00,284.0,0.0,0.0,-0.0,284.0,0.0,0.0,-0.0
2020-06-17 11:00:00,284.0,0.0,0.0,-0.0,284.0,0.0,0.0,-0.0
2020-06-17 12:00:00,284.0,0.0,0.0,-0.0,284.0,0.0,0.0,-0.0
2020-06-17 13:00:00,284.0,0.0,0.0,-0.0,292.29922,0.0,0.0,-0.0
2020-06-17 14:00:00,284.0,0.0,0.0,18.271117,352.29922,0.0,0.0,18.98581
2020-06-17 15:00:00,315.212154,0.0,0.0,18.531796,316.0,0.0,0.0,18.314687
2020-06-17 16:00:00,284.0,0.0,0.0,17.157418,376.0,0.0,0.0,18.748906
2020-06-17 17:00:00,344.0,0.0,0.0,23.814196,436.0,0.0,0.0,21.708213
2020-06-17 18:00:00,404.0,0.0,0.0,20.862981,436.0,0.0,0.0,33.034108
2020-06-17 19:00:00,436.0,60.0,0.0,123.117414,436.0,0.0,0.0,65.105921
2020-06-17 20:00:00,436.0,0.0,0.0,21.737818,436.0,0.0,0.0,67.700651
2020-06-17 21:00:00,436.0,0.0,0.0,22.96816,414.929729,0.0,0.0,21.168781
2020-06-17 22:00:00,436.0,0.0,0.0,22.516066,354.929729,0.0,0.0,17.800148
2020-06-17 23:00:00,436.0,0.0,0.0,21.116714,294.929729,0.0,0.0,7.365351
2020-06-18 00:00:00,436.0,0.0,0.0,20.400003,284.0,30.0,0.0,-0.0
2020-06-18 01:00:00,436.0,0.0,0.0,19.430296,284.0,0.0,0.0,-0.0
2020-06-18 02:00:00,376.0,0.0,0.0,-0.0,284.0,0.0,0.0,-0.0
2020-06-18 03:00:00,316.0,0.0,0.0,-0.0,284.0,0.0,0.0,-0.0
2020-06-18 04:00:00,284.0,0.0,0.0,-0.0,284.0,0.0,0.0,-0.0
2020-06-18 05:00:00,284.0,0.0,0.0,-0.0,284.0,0.0,0.0,-0.0
2020-06-18 06:00:00,284.0,0.0,0.0,-0.0,284.0,0.0,0.0,-0.0
2020-06-18 07:00:00,284.0,0.0,0.0,-0.0,298.4,0.0,0.0,-0.0
2020-06-18 08:00:00,284.0,0.0,0.0,-0.0,312.773214,0.0,0.0,-0.0
2020-06-18 09:00:00,284.0,0.0,0.0,-0.0,298.4,0.0,0.0,-0.0
2020-06-18 10:00:00,284.0,0.0,0.0,-0.0,332.256584,0.0,0.0,-0.0
2020-06-18 11:00:00,284.0,0.0,0.0,-0.0,334.353772,0.0,0.0,-0.0
2020-06-18 12:00:00,284.0,0.0,0.0,-0.0,293.4,0.0,0.0,-0.0
2020-06-18 13:00:00,284.0,0.0,0.0,-0.0,304.0,0.0,0.0,18.466694
2020-06-18 14:00:00,284.0,0.0,0.0,-0.0,364.0,0.0,0.0,20.871036
2020-06-18 15:00:00,284.0,0.0,0.0,18.072542,424.0,0.0,0.0,20.846138
2020-06-18 16:00:00,327.772634,0.0,0.0,18.531796,436.0,0.0,0.0,21.116411
2020-06-18 17:00:00,295.302383,0.0,0.0,18.531796,436.0,-0.0,0.0,25.9087
2020-06-18 18:00:00,355.302383,0.0,0.0,20.400003,436.0,0.0,0.0,70.145367
2020-06-18 19:00:00,415.302383,0.0,0.0,20.507653,436.0,-0.0,0.0,79.050133
2020-06-18 20:00:00,436.0,0.0,0.0,20.270468,436.0,0.0,0.0,30.517475
2020-06-18 21:00:00,402.914871,0.0,0.0,18.531796,436.0,0.0,0.0,20.714108
2020-06-18 22:00:00,436.0,0.0,0.0,20.846138,436.0,0.0,0.0,21.288154
2020-06-18 23:00:00,436.0,0.0,0.0,19.685338,436.0,0.0,0.0,20.846138
2020-06-19 00:00:00,405.807761,0.0,0.0,18.531796,344.0,30.0,0.0,21.116411
2020-06-19 01:00:00,345.807761,0.0,0.0,18.463561,404.0,0.0,0.0,20.400003
2020-06-19 02:00:00,285.807761,0.0,0.0,18.072542,436.0,0.0,0.0,18.573789
2020-06-19 03:00:00,284.0,0.0,0.0,18.463561,424.0,0.0,0.0,21.116714
2020-06-19 04:00:00,284.0,0.0,0.0,-0.0,364.0,0.0,0.0,20.846138
2020-06-19 05:00:00,284.0,0.0,0.0,16.970947,304.0,0.0,0.0,-0.0
2020-06-19 06:00:00,284.0,0.0,0.0,-0.0,296.4,0.0,0.0,-0.0
2020-06-19 07:00:00,284.0,0.0,0.0,-0.0,296.4,0.0,0.0,-0.0
2020-06-19 08:00:00,284.0,0.0,0.0,-0.0,304.0,0.0,0.0,-0.0
2020-06-19 09:00:00,284.0,0.0,0.0,-0.0,364.0,0.0,0.0,20.846138
2020-06-19 10:00:00,284.0,0.0,0.0,-0.0,419.990501,0.0,0.0,21.594301
2020-06-19 11:00:00,284.0,0.0,0.0,-0.0,436.0,0.0,0.0,25.543102
2020-06-19 12:00:00,284.0,0.0,0.0,-0.0,436.0,0.0,0.0,26.313325
2020-06-19 13:00:00,284.0,0.0,0.0,-0.0,436.0,0.0,0.0,25.959569
2020-06-19 14:00:00,284.0,0.0,0.0,16.437155,436.0,0.0,0.0,25.833292
2020-06-19 15:00:00,344.0,0.0,0.0,19.606732,436.0,0.0,0.0,53.996051
2020-06-19 16:00:00,312.650549,0.0,0.0,18.531796,436.0,0.0,0.0,75.14801
2020-06-19 17:00:00,372.650549,0.0,0.0,20.338988,436.0,0.0,0.0,22.99734
2020-06-19 18:00:00,432.650549,0.0,0.0,22.155921,436.0,0.0,0.0,24.133802
2020-06-19 19:00:00,436.0,0.0,0.0,23.366674,436.0,0.0,0.0,25.925499
2020-06-19 20:00:00,436.0,0.0,0.0,21.423226,436.0,0.0,0.0,24.97041
2020-06-19 21:00:00,436.0,0.0,0.0,21.413908,436.0,0.0,0.0,24.718585
2020-06-19 22:00:00,436.0,0.0,0.0,21.168781,424.0,0.0,0.0,22.337096
2020-06-19 23:00:00,436.0,0.0,0.0,20.820283,364.0,0.0,0.0,23.521188
2020-06-20 00:00:00,376.0,0.0,0.0,16.212661,284.0,2.0,0.0,18.549582
2020-06-20 01:00:00,316.0,0.0,0.0,-0.0,284.0,0.0,0.0,-0.0
2020-06-20 02:00:00,284.0,0.0,0.0,-0.0,284.0,0.0,0.0,-0.0
2020-06-20 03:00:00,284.0,0.0,0.0,-0.0,284.0,0.0,0.0,-0.0
2020-06-20 04:00:00,284.0,0.0,0.0,-0.0,284.0,0.0,0.0,18.531796
2020-06-20 05:00:00,284.0,0.0,0.0,-0.0,284.0,0.0,0.0,-0.0
2020-06-20 06:00:00,284.0,0.0,0.0,-0.0,292.6,0.0,0.0,-0.0
2020-06-20 07:00:00,284.0,0.0,0.0,-0.0,352.6,0.0,0.0,24.996526
2020-06-20 08:00:00,284.0,0.0,0.0,-0.0,412.6,0.0,0.0,21.815612
2020-06-20 09:00:00,284.0,0.0,0.0,-0.0,436.0,0.0,0.0,25.846824
2020-06-20 10:00:00,284.0,0.0,0.0,-0.0,436.0,0.0,0.0,23.675262
2020-06-20 11:00:00,284.0,0.0,0.0,-0.0,436.0,0.0,0.0,26.846623
2020-06-20 12:00:00,322.733081,0.0,0.0,18.531796,436.0,0.0,0.0,25.428956
2020-06-20 13:00:00,382.733081,0.0,0.0,19.983547,436.0,0.0,0.0,25.328821
2020-06-20 14:00:00,436.0,0.0,0.0,19.983547,436.0,0.0,0.0,26.639205
2020-06-20 15:00:00,436.0,0.0,0.0,19.983547,436.0,0.0,0.0,26.71869
2020-06-20 16:00:00,436.0,0.0,0.0,22.516066,436.0,0.0,0.0,26.790897
2020-06-20 17:00:00,436.0,0.0,0.0,24.62179,436.0,1.553221,0.0,27.274616
2020-06-20 18:00:00,436.0,0.0,0.0,26.429316,436.0,10.073411,0.0,78.617288
2020-06-20 19:00:00,436.0,0.0,0.0,26.845129,436.0,0.0,0.0,70.658191
2020-06-20 20:00:00,436.0,0.0,0.0,26.755559,436.0,0.0,0.0,27.128505
2020-06-20 21:00:00,436.0,0.0,0.0,25.9087,436.0,0.0,0.0,26.790897
2020-06-20 22:00:00,436.0,0.0,0.0,22.576747,436.0,0.0,0.0,26.790897
2020-06-20 23:00:00,436.0,0.0,0.0,21.288154,436.0,0.0,0.0,26.71869
2020-06-21 00:00:00,436.0,0.0,0.0,22.96816,344.0,30.0,0.0,26.324557
2020-06-21 01:00:00,436.0,0.0,0.0,23.437807,404.0,0.0,0.0,23.87513
2020-06-21 02:00:00,436.0,0.0,0.0,23.206766,436.0,0.0,0.0,23.206766
2020-06-21 03:00:00,436.0,0.0,0.0,23.128644,436.0,0.0,0.0,23.206766
2020-06-21 04:00:00,436.0,0.0,0.0,22.576747,424.0,0.0,0.0,22.732362
2020-06-21 05:00:00,436.0,0.0,0.0,21.647258,364.0,0.0,0.0,18.463561
2020-06-21 06:00:00,376.0,0.0,0.0,-0.0,304.0,0.0,0.0,-0.0
2020-06-21 07:00:00,316.0,0.0,0.0,-0.0,284.0,0.0,0.0,-0.0
2020-06-21 08:00:00,284.0,0.0,0.0,-0.0,284.0,0.0,0.0,-0.0
2020-06-21 09:00:00,284.0,0.0,0.0,18.072542,304.0,0.0,0.0,-0.0
2020-06-21 10:00:00,330.79974,0.0,0.0,18.531796,364.0,0.0,0.0,20.400003
2020-06-21 11:00:00,390.79974,0.0,0.0,19.983547,424.0,0.0,0.0,21.647258
2020-06-21 12:00:00,436.0,0.0,0.0,21.288154,436.0,0.0,0.0,22.732362
2020-06-21 13:00:00,436.0,0.0,0.0,21.647258,436.0,0.0,0.0,23.439321
2020-06-21 14:00:00,436.0,0.0,0.0,22.732362,436.0,7.752462,0.0,26.278087
2020-06-21 15:00:00,436.0,0.0,0.0,23.437807,436.0,0.0,0.0,26.916155
2020-06-21 16:00:00,436.0,0.0,0.0,22.516066,436.0,0.0,0.0,26.462097
2020-06-21 17:00:00,436.0,0.0,0.0,23.657594,436.0,0.0,0.0,48.875375
2020-06-21 18:00:00,436.0,0.0,0.0,26.429316,436.0,0.0,0.0,81.163241
2020-06-21 19:00:00,436.0,0.0,0.0,26.429316,436.0,0.0,0.0,70.940855
2020-06-21 20:00:00,436.0,0.0,0.0,26.755559,436.0,0.0,0.0,26.704832
2020-06-21 21:00:00,436.0,60.0,0.0,234.00971,436.0,0.0,0.0,24.18335
2020-06-21 22:00:00,436.0,90.0,0.0,1000.0,436.0,0.0,0.0,24.902126
2020-06-21 23:00:00,436.0,80.0,0.0,227.274616,436.0,0.0,0.0,23.572485
2020-06-22 00:00:00,436.0,20.0,0.0,133.752662,410.0,30.0,0.0,21.412456
2020-06-22 01:00:00,436.0,80.0,0.0,1000.0,436.0,0.0,0.0,20.400003
2020-06-22 02:00:00,436.0,80.0,0.0,231.727779,436.0,0.0,0.0,19.983547
2020-06-22 03:00:00,436.0,20.0,0.0,132.461752,424.0,0.0,0.0,20.235076
2020-06-22 04:00:00,436.0,0.0,0.0,23.87513,364.0,0.0,0.0,21.288154
2020-06-22 05:00:00,436.0,0.0,0.0,21.647258,304.0,0.0,0.0,-0.0
2020-06-22 06:00:00,436.0,0.0,0.0,20.846138,295.4,0.0,0.0,-0.0
2020-06-22 07:00:00,436.0,0.0,0.0,19.983547,295.4,0.0,0.0,-0.0
2020-06-22 08:00:00,436.0,0.0,0.0,19.983547,296.4,0.0,0.0,-0.0
2020-06-22 09:00:00,436.0,0.0,0.0,21.288154,342.040402,0.0,0.0,18.072542
2020-06-22 10:00:00,436.0,0.0,0.0,21.647258,402.040402,0.0,0.0,22.473878
2020-06-22 11:00:00,436.0,0.0,0.0,20.846138,436.0,0.0,0.0,24.924988
2020-06-22 12:00:00,436.0,0.0,0.0,21.288154,436.0,0.0,0.0,25.08702
2020-06-22 13:00:00,436.0,0.0,0.0,22.492854,436.0,0.0,0.0,25.621588
2020-06-22 14:00:00,436.0,0.0,0.0,22.516066,436.0,0.0,0.0,25.054656
2020-06-22 15:00:00,436.0,0.0,0.0,22.185841,436.0,0.0,0.0,26.324557
2020-06-22 16:00:00,436.0,0.0,0.0,22.96816,436.0,0.0,0.0,71.340993
2020-06-22 17:00:00,436.0,0.0,0.0,23.437807,436.0,0.0,0.0,76.681379
2020-06-22 18:00:00,436.0,0.0,0.0,26.324557,436.0,0.0,0.0,27.768984
2020-06-22 19:00:00,436.0,0.0,0.0,26.404825,436.0,0.0,0.0,27.557856
2020-06-22 20:00:00,436.0,0.0,0.0,23.61265,436.0,0.0,0.0,26.429316
2020-06-22 21:00:00,376.0,0.0,0.0,119.587256,436.0,0.0,0.0,24.583231
2020-06-22 22:00:00,436.0,0.0,0.0,23.366674,436.0,0.0,0.0,22.609542
2020-06-22 23:00:00,436.0,0.0,0.0,126.755559,436.0,0.0,0.0,24.74711
2020-06-23 00:00:00,436.0,0.0,0.0,23.87513,410.0,30.0,0.0,21.843654
2020-06-23 01:00:00,436.0,0.0,0.0,23.128644,436.0,0.0,0.0,21.843654
2020-06-23 02:00:00,436.0,0.0,0.0,21.474047,436.0,0.0,0.0,21.647258
2020-06-23 03:00:00,436.0,0.0,0.0,21.287879,424.0,0.0,0.0,20.400003
2020-06-23 04:00:00,436.0,0.0,0.0,19.983547,364.0,0.0,0.0,19.430296
2020-06-23 05:00:00,436.0,0.0,0.0,19.430296,304.0,0.0,0.0,-0.0
2020-06-23 06:00:00,436.0,0.0,0.0,19.983547,284.0,0.0,0.0,-0.0
2020-06-23 07:00:00,436.0,0.0,0.0,21.116714,299.43729,0.0,0.0,18.531796
2020-06-23 08:00:00,436.0,0.0,0.0,21.287879,316.0,0.0,0.0,16.970947
2020-06-23 09:00:00,436.0,0.0,0.0,21.116411,376.0,0.0,0.0,19.983547
2020-06-23 10:00:00,436.0,0.0,0.0,21.287879,436.0,0.0,0.0,21.287879
2020-06-23 11:00:00,436.0,0.0,0.0,20.846138,436.0,0.0,0.0,24.72143
2020-06-23 12:00:00,436.0,0.0,0.0,21.474047,436.0,0.0,0.0,25.025303
2020-06-23 13:00:00,436.0,0.0,0.0,21.647258,436.0,0.0,0.0,26.485169
2020-06-23 14:00:00,436.0,0.0,0.0,22.576747,436.0,0.0,0.0,26.103293
2020-06-23 15:00:00,436.0,0.0,0.0,22.96816,436.0,0.0,0.0,26.429316
2020-06-23 16:00:00,436.0,0.0,0.0,23.206766,436.0,0.0,0.0,26.755559
2020-06-23 17:00:00,436.0,0.0,0.0,25.758899,436.0,0.0,0.0,70.653857
2020-06-23 18:00:00,436.0,0.0,0.0,26.755559,436.0,0.0,0.0,75.799899
2020-06-23 19:00:00,436.0,0.0,0.0,27.274563,436.0,0.0,0.0,54.156869
2020-06-23 20:00:00,436.0,0.0,0.0,27.128505,436.0,0.0,0.0,27.869003
2020-06-23 21:00:00,436.0,0.0,0.0,27.128505,436.0,0.0,0.0,27.050889
2020-06-23 22:00:00,436.0,0.0,0.0,127.274616,436.0,0.0,0.0,25.653447
2020-06-23 23:00:00,436.0,0.0,0.0,127.755129,436.0,0.0,0.0,23.841937
2020-06-24 00:00:00,436.0,0.0,0.0,26.429316,410.0,30.0,0.0,21.413908
2020-06-24 01:00:00,436.0,0.0,0.0,23.444698,364.0,0.0,0.0,21.647258
2020-06-24 02:00:00,436.0,0.0,0.0,23.437807,304.0,0.0,0.0,4.84869
2020-06-24 03:00:00,436.0,0.0,0.0,22.96816,289.788735,0.0,0.0,19.685338
2020-06-24 04:00:00,436.0,0.0,0.0,22.576747,284.0,0.0,0.0,19.685338
2020-06-24 05:00:00,436.0,0.0,0.0,22.576747,284.0,0.0,0.0,-0.0
2020-06-24 06:00:00,436.0,0.0,0.0,21.647258,284.0,0.0,0.0,-0.0
2020-06-24 07:00:00,436.0,0.0,0.0,21.116411,284.0,0.0,0.0,18.072542
2020-06-24 08:00:00,436.0,0.0,0.0,20.400003,304.0,0.0,0.0,-0.0
2020-06-24 09:00:00,436.0,0.0,0.0,21.116714,364.0,0.0,0.0,20.846138
2020-06-24 10:00:00,436.0,0.0,0.0,21.647258,424.0,0.0,0.0,22.516066
2020-06-24 11:00:00,436.0,0.0,0.0,21.287879,436.0,0.0,0.0,26.394091
2020-06-24 12:00:00,436.0,0.0,0.0,22.492854,436.0,0.0,0.0,24.305206
2020-06-24 13:00:00,436.0,0.0,0.0,22.516066,436.0,0.0,0.0,28.178891
2020-06-24 14:00:00,436.0,0.0,0.0,22.732362,436.0,0.0,0.0,26.324557
2020-06-24 15:00:00,436.0,0.0,0.0,23.128644,436.0,0.0,0.0,28.008773
2020-06-24 16:00:00,436.0,0.0,0.0,24.62179,436.0,0.0,0.0,27.262346
2020-06-24 17:00:00,436.0,0.0,0.0,26.324557,436.0,0.0,0.0,74.725914
2020-06-24 18:00:00,436.0,0.0,0.0,26.429316,436.0,0.0,0.0,97.028098
2020-06-24 19:00:00,436.0,0.0,0.0,26.845129,436.0,0.0,0.0,41.716991
2020-06-24 20:00:00,436.0,0.0,0.0,26.845129,436.0,0.0,0.0,27.755129
2020-06-24 21:00:00,436.0,0.0,0.0,26.755559,436.0,0.0,0.0,28.151984
2020-06-24 22:00:00,436.0,0.0,0.0,26.790897,436.0,0.0,0.0,25.16435
2020-06-24 23:00:00,436.0,0.0,0.0,130.277405,436.0,0.0,0.0,24.883753
2020-06-25 00:00:00,436.0,0.0,0.0,26.755559,410.0,30.0,0.0,22.492854
2020-06-25 01:00:00,436.0,0.0,0.0,25.758899,436.0,0.0,0.0,22.576747
2020-06-25 02:00:00,436.0,0.0,0.0,23.437807,436.0,0.0,0.0,23.128644
2020-06-25 03:00:00,436.0,0.0,0.0,23.128644,436.0,0.0,0.0,22.96816
2020-06-25 04:00:00,436.0,0.0,0.0,23.128644,436.0,0.0,0.0,21.843654
2020-06-25 05:00:00,436.0,0.0,0.0,22.96816,436.0,0.0,0.0,19.983547
2020-06-25 06:00:00,436.0,0.0,0.0,21.288154,387.967982,0.0,0.0,18.531796
2020-06-25 07:00:00,436.0,0.0,0.0,20.400003,426.899593,0.0,0.0,18.531796
2020-06-25 08:00:00,436.0,0.0,0.0,20.400003,436.0,0.0,0.0,19.430296
2020-06-25 09:00:00,436.0,0.0,0.0,21.288154,436.0,0.0,0.0,21.116714
2020-06-25 10:00:00,436.0,0.0,0.0,21.647258,436.0,0.0,0.0,21.647258
2020-06-25 11:00:00,436.0,0.0,0.0,22.576747,436.0,0.0,0.0,23.128644
2020-06-25 12:00:00,436.0,0.0,0.0,22.576747,436.0,0.0,0.0,25.380912
2020-06-25 13:00:00,436.0,0.0,0.0,22.732362,436.0,0.0,0.0,27.515114
2020-06-25 14:00:00,436.0,0.0,0.0,22.96816,436.0,0.0,0.0,26.162967
2020-06-25 15:00:00,436.0,0.0,0.0,24.62179,436.0,0.0,0.0,26.324557
2020-06-25 16:00:00,436.0,0.0,0.0,26.755559,436.0,0.0,0.0,26.429316
2020-06-25 17:00:00,436.0,0.0,0.0,26.790897,436.0,0.0,0.0,76.029938
2020-06-25 18:00:00,436.0,0.0,0.0,27.050889,436.0,0.0,0.0,105.72231
2020-06-25 19:00:00,436.0,0.0,0.0,27.755129,436.0,0.0,0.0,30.277405
2020-06-25 20:00:00,436.0,0.0,0.0,27.755129,436.0,0.0,0.0,31.929988
2020-06-25 21:00:00,436.0,0.0,0.0,27.050889,436.0,0.0,0.0,27.274616
2020-06-25 22:00:00,436.0,0.0,0.0,27.755129,436.0,0.0,0.0,25.560512
2020-06-25 23:00:00,436.0,0.0,0.0,131.727779,436.0,0.0,0.0,24.448366
2020-06-26 00:00:00,436.0,0.0,0.0,27.755129,410.0,30.0,0.0,21.647258
2020-06-26 01:00:00,436.0,0.0,0.0,26.429316,436.0,0.0,0.0,23.437807
2020-06-26 02:00:00,436.0,0.0,0.0,25.758899,436.0,0.0,0.0,23.437807
2020-06-26 03:00:00,436.0,0.0,0.0,23.657594,436.0,0.0,0.0,23.128644
2020-06-26 04:00:00,436.0,0.0,0.0,23.437807,436.0,0.0,0.0,22.576747
2020-06-26 05:00:00,436.0,0.0,0.0,23.657594,436.0,0.0,0.0,20.846138
2020-06-26 06:00:00,436.0,0.0,0.0,21.647258,376.0,0.0,0.0,16.970947
2020-06-26 07:00:00,436.0,0.0,0.0,20.846138,376.0,0.0,0.0,16.970947
2020-06-26 08:00:00,436.0,0.0,0.0,21.116714,436.0,0.0,0.0,20.846138
2020-06-26 09:00:00,436.0,0.0,0.0,22.576747,436.0,0.0,0.0,21.647258
2020-06-26 10:00:00,436.0,0.0,0.0,23.87513,436.0,0.0,0.0,23.128644
2020-06-26 11:00:00,436.0,0.0,0.0,23.437807,436.0,0.0,0.0,26.385633
2020-06-26 12:00:00,436.0,0.0,0.0,25.9087,436.0,0.0,0.0,26.515914
2020-06-26 13:00:00,436.0,0.0,0.0,26.324557,436.0,0.0,0.0,26.743027
2020-06-26 14:00:00,436.0,0.0,0.0,23.444698,436.0,0.0,0.0,27.247123
2020-06-26 15:00:00,436.0,0.0,0.0,25.9087,436.0,0.0,0.0,28.089373
2020-06-26 16:00:00,436.0,0.0,0.0,26.755559,436.0,0.0,0.0,28.868497
2020-06-26 17:00:00,436.0,0.0,0.0,26.755559,436.0,0.0,0.0,75.724547
2020-06-26 18:00:00,436.0,0.0,0.0,26.755559,436.0,0.0,0.0,78.311897
2020-06-26 19:00:00,436.0,0.0,0.0,27.050889,436.0,0.0,0.0,56.81559
2020-06-26 20:00:00,436.0,0.0,0.0,26.845129,436.0,0.0,0.0,28.613013
2020-06-26 21:00:00,436.0,0.0,0.0,26.324557,436.0,0.0,0.0,27.276799
2020-06-26 22:00:00,436.0,0.0,0.0,23.87513,436.0,0.0,0.0,28.167156
2020-06-26 23:00:00,436.0,0.0,0.0,23.444698,436.0,0.0,0.0,27.387551
2020-06-27 00:00:00,436.0,0.0,0.0,23.437807,344.0,30.0,0.0,23.657594
2020-06-27 01:00:00,436.0,0.0,0.0,22.732362,404.0,0.0,0.0,22.732362
2020-06-27 02:00:00,436.0,0.0,0.0,21.843654,436.0,0.0,0.0,21.647258
2020-06-27 03:00:00,436.0,0.0,0.0,21.116714,436.0,0.0,0.0,21.474047
2020-06-27 04:00:00,436.0,0.0,0.0,20.400003,404.0,0.0,0.0,21.116714
2020-06-27 05:00:00,436.0,0.0,0.0,19.983547,344.0,0.0,0.0,16.970947
2020-06-27 06:00:00,376.0,0.0,0.0,-0.0,284.0,0.0,0.0,-0.0
2020-06-27 07:00:00,316.0,0.0,0.0,18.072542,284.0,0.0,0.0,-0.0
2020-06-27 08:00:00,376.0,0.0,0.0,19.685338,284.0,0.0,0.0,-0.0
2020-06-27 09:00:00,436.0,0.0,0.0,19.430296,344.0,0.0,0.0,18.072542
2020-06-27 10:00:00,416.332317,0.0,0.0,18.531796,404.0,0.0,0.0,21.116411
2020-06-27 11:00:00,436.0,0.0,0.0,21.287879,436.0,0.0,0.0,23.128644
2020-06-27 12:00:00,436.0,0.0,0.0,22.732362,436.0,0.0,0.0,26.324557
2020-06-27 13:00:00,436.0,0.0,0.0,23.437807,436.0,0.0,0.0,28.415327
2020-06-27 14:00:00,436.0,0.0,0.0,23.437807,436.0,0.0,0.0,27.593048
2020-06-27 15:00:00,436.0,0.0,0.0,25.9087,436.0,0.0,0.0,27.689272
2020-06-27 16:00:00,436.0,0.0,0.0,26.845129,436.0,0.0,0.0,32.003861
2020-06-27 17:00:00,436.0,0.0,0.0,27.050889,436.0,0.0,0.0,77.103923
2020-06-27 18:00:00,436.0,0.0,0.0,26.845129,436.0,0.0,0.0,74.725914
2020-06-27 19:00:00,436.0,0.0,0.0,27.128505,436.0,0.0,0.0,50.949998
2020-06-27 20:00:00,436.0,0.0,0.0,27.128505,436.0,0.0,0.0,30.296082
2020-06-27 21:00:00,436.0,0.0,0.0,26.429316,436.0,0.0,0.0,27.274616
2020-06-27 22:00:00,436.0,0.0,0.0,26.790897,436.0,0.0,0.0,28.167355
2020-06-27 23:00:00,436.0,0.0,0.0,26.755559,436.0,0.0,0.0,27.291352
2020-06-28 00:00:00,436.0,0.0,0.0,23.437807,410.0,30.0,0.0,26.429316
2020-06-28 01:00:00,436.0,0.0,0.0,22.96816,436.0,0.0,0.0,23.437807
2020-06-28 02:00:00,436.0,0.0,0.0,21.843654,436.0,0.0,0.0,22.576747
2020-06-28 03:00:00,436.0,0.0,0.0,21.474047,424.0,0.0,0.0,21.843654
2020-06-28 04:00:00,436.0,0.0,0.0,20.400003,364.0,0.0,0.0,21.116714
2020-06-28 05:00:00,418.704278,0.0,0.0,18.531796,304.0,0.0,0.0,1.117272
2020-06-28 06:00:00,358.704278,0.0,0.0,-0.0,284.0,0.0,0.0,-0.0
2020-06-28 07:00:00,298.704278,0.0,0.0,-0.0,284.0,0.0,0.0,-0.0
2020-06-28 08:00:00,284.0,0.0,0.0,16.970947,284.0,0.0,0.0,-0.0
2020-06-28 09:00:00,344.0,0.0,0.0,20.846138,344.0,0.0,0.0,19.983547
2020-06-28 10:00:00,404.0,0.0,0.0,21.287879,404.0,0.0,0.0,21.474047
2020-06-28 11:00:00,436.0,0.0,0.0,22.732362,436.0,0.0,0.0,22.732362
2020-06-28 12:00:00,436.0,0.0,0.0,23.657594,436.0,0.0,0.0,24.125419
2020-06-28 13:00:00,436.0,0.0,0.0,23.437807,436.0,0.0,0.0,28.990051
2020-06-28 14:00:00,436.0,0.0,0.0,24.62179,436.0,0.0,0.0,27.189905
2020-06-28 15:00:00,436.0,0.0,0.0,26.429316,436.0,0.0,0.0,28.164576
2020-06-28 16:00:00,436.0,0.0,0.0,26.790897,436.0,0.0,0.0,27.128505
2020-06-28 17:00:00,436.0,0.0,0.0,26.818284,436.0,0.0,0.0,57.162659
2020-06-28 18:00:00,436.0,0.0,0.0,26.845129,436.0,0.0,0.0,78.617288
2020-06-28 19:00:00,436.0,0.0,0.0,27.274616,436.0,0.0,0.0,72.454221
2020-06-28 20:00:00,436.0,0.0,0.0,26.892495,436.0,0.0,0.0,32.795314
2020-06-28 21:00:00,436.0,0.0,0.0,26.845129,436.0,0.0,0.0,27.294941
2020-06-28 22:00:00,436.0,0.0,0.0,26.324557,436.0,0.0,0.0,28.255536
2020-06-28 23:00:00,436.0,0.0,0.0,23.437807,436.0,0.0,0.0,27.494476
2020-06-29 00:00:00,436.0,0.0,0.0,23.128644,344.0,30.0,0.0,23.128644
2020-06-29 01:00:00,436.0,0.0,0.0,21.647258,404.0,0.0,0.0,21.474047
2020-06-29 02:00:00,436.0,0.0,0.0,21.116411,436.0,0.0,0.0,20.400003
2020-06-29 03:00:00,436.0,0.0,0.0,19.983547,436.0,0.0,0.0,21.116714
2020-06-29 04:00:00,436.0,0.0,0.0,20.400003,404.0,0.0,0.0,21.116411
2020-06-29 05:00:00,436.0,0.0,0.0,21.116714,344.0,0.0,0.0,19.430296
2020-06-29 06:00:00,436.0,0.0,0.0,19.685338,284.0,0.0,0.0,5.433634
2020-06-29 07:00:00,415.473471,0.0,0.0,18.531796,287.4,0.0,0.0,-0.0
2020-06-29 08:00:00,436.0,0.0,0.0,19.983547,347.4,0.0,0.0,18.573789
2020-06-29 09:00:00,436.0,0.0,0.0,21.288154,407.4,0.0,0.0,21.116714
2020-06-29 10:00:00,436.0,0.0,0.0,22.96816,436.0,0.0,0.0,21.116714
2020-06-29 11:00:00,436.0,0.0,0.0,23.128644,436.0,0.0,0.0,22.492854
2020-06-29 12:00:00,436.0,0.0,0.0,23.444698,436.0,0.0,0.0,22.732362
2020-06-29 13:00:00,436.0,0.0,0.0,26.429316,436.0,0.0,0.0,23.437807
2020-06-29 14:00:00,436.0,0.0,0.0,127.274616,436.0,0.0,0.0,26.429316
2020-06-29 15:00:00,436.0,0.0,0.0,27.128505,436.0,0.0,0.0,28.156493
2020-06-29 16:00:00,436.0,0.0,0.0,27.128505,436.0,0.0,0.0,27.338028
2020-06-29 17:00:00,436.0,0.0,0.0,26.790897,436.0,8.408161,0.0,27.128505
2020-06-29 18:00:00,436.0,0.0,0.0,26.755559,436.0,0.0,0.0,79.932106
2020-06-29 19:00:00,436.0,0.0,0.0,27.276799,436.0,0.0,0.0,102.207474
2020-06-29 20:00:00,436.0,0.0,0.0,27.276799,436.0,0.0,0.0,30.415484
2020-06-29 21:00:00,436.0,0.0,0.0,26.845129,436.0,0.0,0.0,29.00741
2020-06-29 22:00:00,436.0,0.0,0.0,26.755559,436.0,0.0,0.0,27.755874
2020-06-29 23:00:00,436.0,0.0,0.0,23.657594,436.0,0.0,0.0,28.02647
2020-06-30 00:00:00,436.0,0.0,0.0,22.576747,410.0,30.0,0.0,23.128644
2020-06-30 01:00:00,436.0,0.0,0.0,22.516066,436.0,0.0,0.0,22.185841
2020-06-30 02:00:00,436.0,0.0,0.0,21.647258,436.0,0.0,0.0,21.288154
2020-06-30 03:00:00,436.0,0.0,0.0,21.287879,436.0,0.0,0.0,21.116411
2020-06-30 04:00:00,436.0,0.0,0.0,20.400003,436.0,0.0,0.0,21.116411
2020-06-30 05:00:00,436.0,0.0,0.0,21.116714,376.0,0.0,0.0,18.573789
2020-06-30 06:00:00,436.0,0.0,0.0,19.685338,316.0,0.0,0.0,16.970947
2020-06-30 07:00:00,436.0,0.0,0.0,20.400003,284.0,0.0,0.0,-0.0
2020-06-30 08:00:00,436.0,0.0,0.0,21.287879,284.0,0.0,0.0,16.970947
2020-06-30 09:00:00,436.0,0.0,0.0,22.516066,344.0,0.0,0.0,18.573789
2020-06-30 10:00:00,436.0,0.0,0.0,23.128644,404.0,0.0,0.0,19.983547
2020-06-30 11:00:00,436.0,0.0,0.0,23.87513,436.0,0.0,0.0,21.288154
2020-06-30 12:00:00,436.0,0.0,0.0,26.429316,436.0,0.0,0.0,23.128644
2020-06-30 13:00:00,436.0,0.0,0.0,127.050889,436.0,0.0,0.0,26.324557
2020-06-30 14:00:00,436.0,0.0,0.0,127.274563,436.0,0.0,0.0,25.9087
2020-06-30 15:00:00,436.0,0.0,0.0,26.845129,436.0,0.0,0.0,26.669846
2020-06-30 16:00:00,436.0,0.0,0.0,27.050889,436.0,0.0,0.0,26.845129
2020-06-30 17:00:00,436.0,0.0,0.0,26.845129,436.0,0.0,0.0,72.925551
2020-06-30 18:00:00,436.0,0.0,0.0,26.845129,436.0,0.0,0.0,78.617288
2020-06-30 19:00:00,436.0,0.0,0.0,26.790897,436.0,0.0,0.0,50.714725
2020-06-30 20:00:00,436.0,0.0,0.0,26.429316,436.0,0.0,0.0,28.674354
2020-06-30 21:00:00,436.0,0.0,0.0,26.429316,436.0,0.0,0.0,26.755559
2020-06-30 22:00:00,436.0,0.0,0.0,127.274563,436.0,0.0,0.0,25.850117
2020-06-30 23:00:00,436.0,0.0,0.0,26.324557,436.0,0.0,0.0,26.697081
2020-07-01 00:00:00,379.580541,0.0,0.0,18.531796,410.0,30.0,0.0,23.437807
2020-07-01 01:00:00,319.580541,0.0,0.0,-0.0,424.0,0.0,0.0,21.647258
2020-07-01 02:00:00,284.0,0.0,0.0,-0.0,364.0,0.0,0.0,19.430296
2020-07-01 03:00:00,284.0,0.0,0.0,-0.0,304.0,0.0,0.0,-0.0
2020-07-01 04:00:00,284.0,0.0,0.0,-0.0,295.4,0.0,0.0,-0.0
2020-07-01 05:00:00,284.0,0.0,0.0,-0.0,294.4,0.0,0.0,-0.0
2020-07-01 06:00:00,284.0,0.0,0.0,-0.0,295.4,0.0,0.0,-0.0
2020-07-01 07:00:00,284.0,0.0,0.0,-0.0,304.0,0.0,0.0,4.029792
2020-07-01 08:00:00,344.0,0.0,0.0,19.983547,364.0,0.0,0.0,21.288154
2020-07-01 09:00:00,404.0,0.0,0.0,20.846138,424.0,0.0,0.0,24.468393
2020-07-01 10:00:00,436.0,0.0,0.0,20.846138,436.0,0.0,0.0,25.839673
2020-07-01 11:00:00,436.0,0.0,0.0,21.288154,436.0,0.0,0.0,28.041049
2020-07-01 12:00:00,436.0,0.0,0.0,21.647258,436.0,0.0,0.0,29.362441
2020-07-01 13:00:00,436.0,0.0,0.0,22.492854,436.0,0.0,0.0,26.429316
2020-07-01 14:00:00,436.0,0.0,0.0,23.206766,436.0,0.0,0.0,29.931774
2020-07-01 15:00:00,436.0,0.0,0.0,25.9087,436.0,0.0,0.0,26.790897
2020-07-01 16:00:00,436.0,0.0,0.0,23.444698,436.0,0.0,0.0,31.991741
2020-07-01 17:00:00,436.0,0.0,0.0,25.9087,436.0,0.0,0.0,54.191823
2020-07-01 18:00:00,436.0,0.0,0.0,26.790897,436.0,0.0,0.0,73.212549
2020-07-01 19:00:00,436.0,0.0,0.0,23.206766,436.0,0.0,0.0,78.617288
2020-07-01 20:00:00,436.0,0.0,0.0,25.9087,436.0,0.0,0.0,29.539513
2020-07-01 21:00:00,436.0,0.0,0.0,27.276799,436.0,0.0,0.0,27.755129
2020-07-01 22:00:00,436.0,0.0,0.0,26.429316,436.0,0.0,0.0,28.795879
2020-07-01 23:00:00,436.0,0.0,0.0,22.732362,436.0,0.0,0.0,26.429316
2020-07-02 00:00:00,436.0,0.0,0.0,22.516066,344.0,30.0,0.0,22.516066
2020-07-02 01:00:00,436.0,0.0,0.0,20.726727,284.0,0.0,0.0,-0.0
2020-07-02 02:00:00,436.0,0.0,0.0,19.430296,284.0,0.0,0.0,-0.0
2020-07-02 03:00:00,436.0,0.0,0.0,21.647258,284.0,0.0,0.0,-0.0
2020-07-02 04:00:00,436.0,0.0,0.0,22.576747,284.0,0.0,0.0,-0.0
2020-07-02 05:00:00,436.0,0.0,0.0,21.843654,344.0,0.0,0.0,18.573789
2020-07-02 06:00:00,436.0,0.0,0.0,19.983547,404.0,0.0,0.0,19.983547
2020-07-02 07:00:00,376.0,0.0,0.0,-0.0,436.0,0.0,0.0,20.846138
2020-07-02 08:00:00,436.0,0.0,0.0,20.846138,436.0,0.0,0.0,21.647258
2020-07-02 09:00:00,436.0,0.0,0.0,21.647258,436.0,0.0,0.0,22.732362
2020-07-02 10:00:00,436.0,0.0,0.0,22.516066,436.0,0.0,0.0,23.657594
2020-07-02 11:00:00,436.0,0.0,0.0,21.116411,436.0,0.0,0.0,26.752956
2020-07-02 12:00:00,436.0,0.0,0.0,21.647258,436.0,0.0,0.0,28.732291
2020-07-02 13:00:00,436.0,0.0,0.0,23.206766,436.0,0.0,0.0,27.088446
2020-07-02 14:00:00,436.0,0.0,0.0,23.657594,436.0,0.0,0.0,29.023444
2020-07-02 15:00:00,436.0,0.0,0.0,22.732362,436.0,0.0,0.0,32.165534
2020-07-02 16:00:00,436.0,0.0,0.0,23.011233,436.0,0.0,0.0,30.905974
2020-07-02 17:00:00,436.0,0.0,0.0,21.671251,436.0,0.0,0.0,81.354705
2020-07-02 18:00:00,436.0,0.0,0.0,22.96816,436.0,3.433993,0.0,74.439976
2020-07-02 19:00:00,436.0,0.0,0.0,26.755559,436.0,0.0,0.0,62.61404
2020-07-02 20:00:00,436.0,0.0,0.0,26.892495,436.0,0.0,0.0,30.128769
2020-07-02 21:00:00,436.0,0.0,0.0,27.274563,436.0,0.0,0.0,27.274563
2020-07-02 22:00:00,436.0,0.0,0.0,27.128505,436.0,0.0,0.0,29.076172
2020-07-02 23:00:00,436.0,0.0,0.0,27.050889,436.0,0.0,0.0,27.274563
2020-07-03 00:00:00,436.0,0.0,0.0,23.87513,410.0,30.0,0.0,25.758899
2020-07-03 01:00:00,436.0,0.0,0.0,23.206766,436.0,0.0,0.0,23.128644
2020-07-03 02:00:00,436.0,0.0,0.0,22.576747,436.0,0.0,0.0,22.732362
2020-07-03 03:00:00,436.0,0.0,0.0,22.516066,436.0,0.0,0.0,22.576747
2020-07-03 04:00:00,436.0,0.0,0.0,21.843654,436.0,0.0,0.0,22.576747
2020-07-03 05:00:00,436.0,0.0,0.0,22.492854,436.0,0.0,0.0,20.400003
2020-07-03 06:00:00,436.0,0.0,0.0,19.983547,436.0,0.0,0.0,18.573789
2020-07-03 07:00:00,436.0,0.0,0.0,18.573789,436.0,0.0,0.0,18.573789
2020-07-03 08:00:00,436.0,0.0,0.0,19.983547,436.0,0.0,0.0,21.116411
2020-07-03 09:00:00,436.0,0.0,0.0,21.116714,436.0,0.0,0.0,21.474047
2020-07-03 10:00:00,436.0,0.0,0.0,21.647258,436.0,0.0,0.0,22.492854
2020-07-03 11:00:00,436.0,0.0,0.0,22.492854,436.0,0.0,0.0,23.437807
2020-07-03 12:00:00,436.0,0.0,0.0,23.206766,436.0,0.0,0.0,26.429316
2020-07-03 13:00:00,436.0,0.0,0.0,23.128644,436.0,0.0,0.0,28.880418
2020-07-03 14:00:00,436.0,0.0,0.0,23.206766,436.0,0.0,0.0,33.633942
2020-07-03 15:00:00,436.0,0.0,0.0,25.758899,436.0,0.0,0.0,26.845129
2020-07-03 16:00:00,436.0,0.0,0.0,26.429316,436.0,0.0,0.0,31.198545
2020-07-03 17:00:00,436.0,0.0,0.0,26.429316,436.0,0.0,0.0,78.270499
2020-07-03 18:00:00,436.0,0.0,0.0,26.892495,436.0,0.0,0.0,81.163241
2020-07-03 19:00:00,436.0,0.0,0.0,27.276799,436.0,0.0,0.0,51.418293
2020-07-03 20:00:00,436.0,0.0,0.0,27.128505,436.0,0.0,0.0,32.795314
2020-07-03 21:00:00,436.0,0.0,0.0,27.128505,436.0,0.0,0.0,32.795314
2020-07-03 22:00:00,436.0,0.0,0.0,26.429316,436.0,0.0,0.0,29.768419
2020-07-03 23:00:00,436.0,0.0,0.0,26.324557,436.0,0.0,0.0,27.527506
2020-07-04 00:00:00,436.0,0.0,0.0,23.206766,410.0,30.0,0.0,23.128644
2020-07-04 01:00:00,436.0,0.0,0.0,23.128644,436.0,0.0,0.0,23.128644
2020-07-04 02:00:00,436.0,0.0,0.0,22.576747,436.0,0.0,0.0,22.492854
2020-07-04 03:00:00,436.0,0.0,0.0,21.843654,424.0,0.0,0.0,21.843654
2020-07-04 04:00:00,436.0,0.0,0.0,21.474047,364.0,0.0,0.0,21.332007
2020-07-04 05:00:00,436.0,0.0,0.0,20.846138,304.0,0.0,0.0,15.731586
2020-07-04 06:00:00,376.0,0.0,0.0,15.731586,284.0,0.0,0.0,-0.0
2020-07-04 07:00:00,316.0,0.0,0.0,-0.0,284.0,0.0,0.0,-0.0
2020-07-04 08:00:00,284.0,0.0,0.0,-0.0,284.0,0.0,0.0,16.970947
2020-07-04 09:00:00,284.0,0.0,0.0,14.191367,306.272461,0.0,0.0,18.573789
2020-07-04 10:00:00,284.0,0.0,0.0,18.072542,366.272461,0.0,0.0,19.983547
2020-07-04 11:00:00,344.0,0.0,0.0,18.573789,426.272461,0.0,0.0,21.647258
2020-07-04 12:00:00,404.0,0.0,0.0,21.843654,436.0,0.0,0.0,23.437807
2020-07-04 13:00:00,436.0,0.0,0.0,22.732362,436.0,0.0,0.0,26.429316
2020-07-04 14:00:00,436.0,0.0,0.0,23.657594,436.0,4.733507,0.0,28.965607
2020-07-04 15:00:00,436.0,0.0,0.0,25.9087,436.0,0.0,0.0,27.864227
2020-07-04 16:00:00,436.0,0.0,0.0,25.9087,436.0,0.0,0.0,27.128505
2020-07-04 17:00:00,436.0,0.0,0.0,26.429316,436.0,0.0,0.0,60.181967
2020-07-04 18:00:00,436.0,0.0,0.0,26.845129,436.0,0.0,0.0,77.007872
2020-07-04 19:00:00,436.0,0.0,0.0,27.128505,436.0,0.0,0.0,72.454221
2020-07-04 20:00:00,436.0,0.0,0.0,27.274563,436.0,0.0,0.0,32.489922
2020-07-04 21:00:00,436.0,0.0,0.0,26.845129,436.0,0.0,0.0,27.755129
2020-07-04 22:00:00,436.0,0.0,0.0,26.429316,436.0,0.0,0.0,29.100277
2020-07-04 23:00:00,436.0,0.0,0.0,127.755129,436.0,0.0,0.0,26.746542
2020-07-05 00:00:00,436.0,0.0,0.0,26.324557,410.0,30.0,0.0,23.87513
2020-07-05 01:00:00,436.0,0.0,0.0,26.429316,436.0,0.0,0.0,23.87513
2020-07-05 02:00:00,436.0,0.0,0.0,25.758899,436.0,0.0,0.0,23.437807
2020-07-05 03:00:00,436.0,0.0,0.0,23.206766,436.0,0.0,0.0,23.437807
2020-07-05 04:00:00,436.0,0.0,0.0,23.128644,436.0,0.0,0.0,23.128644
2020-07-05 05:00:00,436.0,0.0,0.0,22.516066,436.0,0.0,0.0,20.846138
2020-07-05 06:00:00,436.0,0.0,0.0,18.573789,376.0,0.0,0.0,16.970947
2020-07-05 07:00:00,376.0,0.0,0.0,-0.0,316.0,0.0,0.0,16.970947
2020-07-05 08:00:00,316.0,0.0,0.0,15.731586,376.0,0.0,0.0,18.072542
2020-07-05 09:00:00,342.265678,0.0,0.0,18.531796,436.0,0.0,0.0,19.983547
2020-07-05 10:00:00,402.265678,0.0,0.0,20.846138,436.0,0.0,0.0,20.846138
2020-07-05 11:00:00,436.0,0.0,0.0,20.846138,436.0,0.0,0.0,21.843654
2020-07-05 12:00:00,436.0,0.0,0.0,21.843654,436.0,0.0,0.0,23.437807
2020-07-05 13:00:00,436.0,0.0,0.0,21.865875,436.0,0.0,0.0,26.728341
2020-07-05 14:00:00,436.0,0.0,0.0,22.732362,436.0,0.0,0.0,28.143005
2020-07-05 15:00:00,436.0,0.0,0.0,23.437807,436.0,0.0,0.0,26.790897
2020-07-05 16:00:00,436.0,0.0,0.0,26.324557,436.0,0.0,0.0,26.845129
2020-07-05 17:00:00,436.0,0.0,0.0,26.429316,436.0,0.0,0.0,73.528205
2020-07-05 18:00:00,436.0,0.0,0.0,26.845129,436.0,0.0,0.0,47.583934
2020-07-05 19:00:00,436.0,0.0,0.0,27.128505,436.0,0.0,0.0,81.163241
2020-07-05 20:00:00,436.0,0.0,0.0,27.276799,436.0,0.0,0.0,32.857167
2020-07-05 21:00:00,436.0,0.0,0.0,26.429316,436.0,0.0,0.0,27.050889
2020-07-05 22:00:00,436.0,0.0,0.0,26.755559,436.0,0.0,0.0,28.124531
2020-07-05 23:00:00,436.0,0.0,0.0,24.62179,436.0,0.0,0.0,25.9087
2020-07-06 00:00:00,436.0,0.0,0.0,23.206766,383.625625,30.0,0.0,23.206766
2020-07-06 01:00:00,436.0,0.0,0.0,23.128644,436.0,0.0,0.0,22.576747
2020-07-06 02:00:00,436.0,0.0,0.0,21.288154,436.0,0.0,0.0,21.843654
2020-07-06 03:00:00,436.0,0.0,0.0,20.400003,424.0,0.0,0.0,21.474047
2020-07-06 04:00:00,436.0,0.0,0.0,19.983547,364.0,0.0,0.0,20.846138
2020-07-06 05:00:00,436.0,0.0,0.0,21.288154,304.0,0.0,0.0,16.970947
2020-07-06 06:00:00,383.843536,0.0,0.0,18.531796,284.0,0.0,0.0,7.781621
2020-07-06 07:00:00,323.843536,0.0,0.0,18.072542,284.0,0.0,0.0,-0.0
2020-07-06 08:00:00,284.0,0.0,0.0,18.072542,304.0,0.0,0.0,16.970947
2020-07-06 09:00:00,321.373537,0.0,0.0,18.531796,364.0,0.0,0.0,19.685338
2020-07-06 10:00:00,381.373537,0.0,0.0,19.983547,424.0,0.0,0.0,21.116714
2020-07-06 11:00:00,436.0,0.0,0.0,21.288154,436.0,0.0,0.0,22.576747
2020-07-06 12:00:00,436.0,0.0,0.0,22.576747,436.0,0.0,0.0,23.437807
2020-07-06 13:00:00,436.0,0.0,0.0,23.128644,436.0,0.0,0.0,23.437807
2020-07-06 14:00:00,436.0,0.0,0.0,23.437807,436.0,0.0,0.0,26.324557
2020-07-06 15:00:00,436.0,0.0,0.0,23.87513,436.0,0.0,0.0,26.821494
2020-07-06 16:00:00,436.0,0.0,0.0,23.87513,436.0,0.0,0.0,27.050889
2020-07-06 17:00:00,436.0,0.0,0.0,26.755559,436.0,4.574935,0.0,27.306672
2020-07-06 18:00:00,436.0,0.0,0.0,26.845129,436.0,8.770255,0.0,70.940855
2020-07-06 19:00:00,436.0,0.0,0.0,27.128505,436.0,0.0,0.0,77.313264
2020-07-06 20:00:00,436.0,0.0,0.0,26.790897,436.0,0.0,0.0,27.276799
2020-07-06 21:00:00,436.0,0.0,0.0,26.429316,436.0,0.0,0.0,28.613013
2020-07-06 22:00:00,436.0,0.0,0.0,25.9087,436.0,0.0,0.0,27.276799
2020-07-06 23:00:00,436.0,0.0,0.0,23.87513,436.0,0.0,0.0,26.755559
2020-07-07 00:00:00,436.0,0.0,0.0,26.324557,344.0,30.0,0.0,26.790897
2020-07-07 01:00:00,436.0,0.0,0.0,23.444698,404.0,0.0,0.0,26.324557
2020-07-07 02:00:00,436.0,0.0,0.0,23.206766,436.0,0.0,0.0,23.206766
2020-07-07 03:00:00,436.0,0.0,0.0,22.576747,436.0,0.0,0.0,22.96816
2020-07-07 04:00:00,436.0,0.0,0.0,21.647258,424.0,0.0,0.0,22.732362
2020-07-07 05:00:00,436.0,0.0,0.0,21.288154,364.0,0.0,0.0,21.287879
2020-07-07 06:00:00,376.0,0.0,0.0,15.731586,304.0,0.0,0.0,-0.0
2020-07-07 07:00:00,316.0,0.0,0.0,-0.0,284.0,0.0,0.0,-0.0
2020-07-07 08:00:00,284.0,0.0,0.0,-0.0,284.0,0.0,0.0,-0.0
2020-07-07 09:00:00,284.0,0.0,0.0,-0.0,284.0,0.0,0.0,16.970947
2020-07-07 10:00:00,284.0,0.0,0.0,-0.0,344.0,0.0,0.0,19.506106
2020-07-07 11:00:00,284.0,0.0,0.0,-0.0,404.0,0.0,0.0,20.846138
2020-07-07 12:00:00,344.0,0.0,0.0,19.983547,436.0,0.0,0.0,21.647258
2020-07-07 13:00:00,404.0,0.0,0.0,20.400003,436.0,0.0,0.0,22.576747
2020-07-07 14:00:00,436.0,0.0,0.0,22.576747,436.0,0.0,0.0,23.437807
2020-07-07 15:00:00,436.0,0.0,0.0,21.647258,436.0,0.0,0.0,23.437807
2020-07-07 16:00:00,436.0,0.0,0.0,22.96816,436.0,0.0,0.0,26.626053
2020-07-07 17:00:00,436.0,0.0,0.0,23.437807,436.0,0.0,0.0,72.928463
2020-07-07 18:00:00,436.0,0.0,0.0,20.846138,436.0,0.0,0.0,64.54947
2020-07-07 19:00:00,436.0,0.0,0.0,22.492854,436.0,0.0,0.0,28.463063
2020-07-07 20:00:00,436.0,0.0,0.0,22.576747,436.0,0.0,0.0,24.194126
2020-07-07 21:00:00,436.0,0.0,0.0,123.87513,436.0,0.0,0.0,24.765144
2020-07-07 22:00:00,436.0,0.0,0.0,23.128644,436.0,0.0,0.0,25.333862
2020-07-07 23:00:00,436.0,0.0,0.0,22.732362,436.0,0.0,0.0,25.117256
2020-07-08 00:00:00,436.0,0.0,0.0,22.516066,344.0,30.0,0.0,21.288154
2020-07-08 01:00:00,436.0,0.0,0.0,22.516066,404.0,0.0,0.0,19.685338
2020-07-08 02:00:00,436.0,0.0,0.0,23.444698,354.21258,0.0,0.0,18.072542
2020-07-08 03:00:00,436.0,0.0,0.0,25.9087,414.21258,0.0,0.0,19.685338
2020-07-08 04:00:00,436.0,0.0,0.0,25.758899,424.0,0.0,0.0,21.288154
2020-07-08 05:00:00,436.0,0.0,0.0,126.324557,364.0,0.0,0.0,19.430296
2020-07-08 06:00:00,436.0,0.0,0.0,22.732362,304.0,0.0,0.0,-0.0
2020-07-08 07:00:00,436.0,0.0,0.0,21.843654,284.0,0.0,0.0,7.835518
2020-07-08 08:00:00,436.0,0.0,0.0,21.647258,304.0,0.0,0.0,-0.0
2020-07-08 09:00:00,436.0,0.0,0.0,21.116714,364.0,0.0,0.0,19.685338
2020-07-08 10:00:00,436.0,0.0,0.0,21.287879,424.0,0.0,0.0,21.116714
2020-07-08 11:00:00,436.0,0.0,0.0,21.647258,436.0,0.0,0.0,22.492854
2020-07-08 12:00:00,436.0,0.0,0.0,21.647258,436.0,0.0,0.0,22.732362
2020-07-08 13:00:00,436.0,0.0,0.0,20.400003,436.0,0.0,0.0,28.183729
2020-07-08 14:00:00,436.0,0.0,0.0,22.005557,436.0,0.0,0.0,24.24271
2020-07-08 15:00:00,436.0,0.0,0.0,21.474047,436.0,0.0,0.0,23.465924
2020-07-08 16:00:00,436.0,0.0,0.0,23.206766,436.0,0.0,0.0,27.348488
2020-07-08 17:00:00,436.0,0.0,0.0,23.437807,436.0,0.0,0.0,23.437807
2020-07-08 18:00:00,436.0,0.0,0.0,26.429316,436.0,0.0,0.0,62.200385
2020-07-08 19:00:00,436.0,0.0,0.0,27.274616,436.0,0.0,0.0,79.649875
2020-07-08 20:00:00,436.0,0.0,0.0,127.274616,436.0,0.0,0.0,26.429316
2020-07-08 21:00:00,436.0,0.0,0.0,26.755559,436.0,0.0,0.0,28.622062
2020-07-08 22:00:00,436.0,60.0,0.0,1000.0,436.0,0.0,0.0,23.206766
2020-07-08 23:00:00,436.0,90.0,0.0,1000.0,436.0,0.0,0.0,24.000578
2020-07-09 00:00:00,436.0,80.0,0.0,236.124055,410.0,30.0,0.0,77.321876
2020-07-09 01:00:00,436.0,20.0,0.0,136.124055,436.0,0.0,0.0,23.437807
2020-07-09 02:00:00,436.0,0.0,0.0,130.277405,436.0,0.0,0.0,21.647258
2020-07-09 03:00:00,436.0,0.0,0.0,130.277405,436.0,0.0,0.0,21.647258
2020-07-09 04:00:00,436.0,0.0,0.0,127.274563,436.0,0.0,0.0,21.647258
2020-07-09 05:00:00,436.0,0.0,0.0,127.050889,436.0,0.0,0.0,19.983547
2020-07-09 06:00:00,436.0,0.0,0.0,23.437807,419.186937,0.0,0.0,18.531796
2020-07-09 07:00:00,436.0,0.0,0.0,23.128644,436.0,0.0,0.0,19.983547
2020-07-09 08:00:00,436.0,0.0,0.0,23.128644,436.0,0.0,0.0,21.287879
2020-07-09 09:00:00,436.0,0.0,0.0,21.647258,436.0,0.0,0.0,23.186924
2020-07-09 10:00:00,436.0,0.0,0.0,21.116411,436.0,0.0,0.0,26.931783
2020-07-09 11:00:00,436.0,0.0,0.0,22.732362,436.0,0.0,0.0,25.573215
2020-07-09 12:00:00,436.0,0.0,0.0,22.732362,436.0,0.0,0.0,25.335334
2020-07-09 13:00:00,436.0,0.0,0.0,21.647258,436.0,0.0,0.0,26.392048
2020-07-09 14:00:00,436.0,0.0,0.0,23.657594,436.0,0.0,0.0,27.855553
2020-07-09 15:00:00,436.0,0.0,0.0,23.128644,436.0,0.0,0.0,23.206766
2020-07-09 16:00:00,436.0,0.0,0.0,23.128644,436.0,0.0,0.0,22.576747
2020-07-09 17:00:00,436.0,0.0,0.0,22.96816,436.0,0.0,0.0,24.546852
2020-07-09 18:00:00,436.0,0.0,0.0,23.206766,436.0,0.0,0.0,76.525384
2020-07-09 19:00:00,436.0,0.0,0.0,23.206766,436.0,0.0,0.0,25.9087
2020-07-09 20:00:00,436.0,0.0,0.0,22.516066,436.0,0.0,0.0,65.868321
2020-07-09 21:00:00,436.0,0.0,0.0,21.843654,436.0,0.0,0.0,23.128644
2020-07-09 22:00:00,436.0,0.0,0.0,123.87513,436.0,0.0,0.0,25.95945
2020-07-09 23:00:00,436.0,0.0,0.0,126.324557,436.0,0.0,0.0,25.559892
2020-07-10 00:00:00,436.0,0.0,0.0,21.647258,344.0,30.0,0.0,22.492854
2020-07-10 01:00:00,386.399723,0.0,0.0,18.531796,376.389116,0.0,0.0,19.983547
2020-07-10 02:00:00,436.0,0.0,0.0,19.983547,316.389116,0.0,0.0,13.964584
2020-07-10 03:00:00,436.0,0.0,0.0,126.324557,376.389116,0.0,0.0,21.647258
2020-07-10 04:00:00,436.0,0.0,0.0,19.983547,436.0,0.0,0.0,20.846138
2020-07-10 05:00:00,376.0,0.0,0.0,18.072542,380.834971,0.0,0.0,18.531796
2020-07-10 06:00:00,350.478284,0.0,0.0,18.531796,431.375305,0.0,0.0,18.531796
2020-07-10 07:00:00,399.829467,0.0,0.0,18.531796,436.0,0.0,0.0,21.116714
2020-07-10 08:00:00,436.0,0.0,0.0,19.983547,436.0,0.0,0.0,21.843654
2020-07-10 09:00:00,376.0,0.0,0.0,-0.0,436.0,0.0,0.0,26.429251
2020-07-10 10:00:00,436.0,0.0,0.0,19.685338,436.0,0.0,0.0,24.09715
2020-07-10 11:00:00,436.0,0.0,0.0,21.288154,436.0,0.0,0.0,27.013632
2020-07-10 12:00:00,436.0,0.0,0.0,21.647258,436.0,0.0,0.0,25.168876
2020-07-10 13:00:00,436.0,0.0,0.0,22.516066,436.0,0.0,0.0,26.472138
2020-07-10 14:00:00,436.0,0.0,0.0,22.96816,436.0,0.0,0.0,26.734453
2020-07-10 15:00:00,436.0,0.0,0.0,22.576747,436.0,0.0,0.0,28.304621
2020-07-10 16:00:00,436.0,0.0,0.0,23.657594,436.0,0.0,0.0,26.845129
2020-07-10 17:00:00,436.0,0.0,0.0,26.324557,436.0,0.0,0.0,27.276799
2020-07-10 18:00:00,436.0,0.0,0.0,26.755559,436.0,5.114417,0.0,68.189334
2020-07-10 19:00:00,436.0,0.0,0.0,26.845129,436.0,0.0,0.0,77.313264
2020-07-10 20:00:00,436.0,0.0,0.0,26.845129,436.0,0.0,0.0,28.615019
2020-07-10 21:00:00,436.0,0.0,0.0,26.755559,436.0,0.0,0.0,27.274616
2020-07-10 22:00:00,436.0,0.0,0.0,26.324557,436.0,0.0,0.0,28.103959
2020-07-10 23:00:00,436.0,0.0,0.0,26.755559,436.0,0.0,0.0,27.425818
2020-07-11 00:00:00,436.0,0.0,0.0,24.62179,410.0,30.0,0.0,26.324557
2020-07-11 01:00:00,436.0,0.0,0.0,23.437807,436.0,0.0,0.0,23.444698
2020-07-11 02:00:00,436.0,0.0,0.0,22.576747,436.0,0.0,0.0,23.128644
2020-07-11 03:00:00,436.0,0.0,0.0,22.492854,436.0,0.0,0.0,22.732362
2020-07-11 04:00:00,436.0,0.0,0.0,21.647258,423.477186,0.0,0.0,22.576747
2020-07-11 05:00:00,436.0,0.0,0.0,21.116411,363.477186,0.0,0.0,20.400003
2020-07-11 06:00:00,376.0,0.0,0.0,15.731586,303.477186,0.0,0.0,3.455021
2020-07-11 07:00:00,316.0,0.0,0.0,-0.0,284.0,0.0,0.0,-0.0
2020-07-11 08:00:00,284.0,0.0,0.0,-0.0,284.0,0.0,0.0,-0.0
2020-07-11 09:00:00,284.0,0.0,0.0,-0.0,339.605603,0.0,0.0,19.430296
2020-07-11 10:00:00,344.0,0.0,0.0,19.685338,399.605603,0.0,0.0,21.116411
2020-07-11 11:00:00,404.0,0.0,0.0,19.983547,436.0,0.0,0.0,22.516066
2020-07-11 12:00:00,436.0,0.0,0.0,21.474047,436.0,0.0,0.0,23.206766
2020-07-11 13:00:00,436.0,0.0,0.0,21.843654,436.0,0.0,0.0,28.054752
2020-07-11 14:00:00,436.0,0.0,0.0,25.9087,436.0,0.0,0.0,26.500726
2020-07-11 15:00:00,436.0,0.0,0.0,24.62179,436.0,0.0,0.0,28.262948
2020-07-11 16:00:00,436.0,0.0,0.0,26.429316,436.0,0.0,0.0,27.274563
2020-07-11 17:00:00,436.0,0.0,0.0,26.755559,436.0,0.0,0.0,54.02126
2020-07-11 18:00:00,436.0,0.0,0.0,26.845129,436.0,0.0,0.0,70.940855
2020-07-11 19:00:00,436.0,0.0,0.0,26.845129,436.0,0.0,0.0,77.313264
2020-07-11 20:00:00,436.0,0.0,0.0,27.274563,436.0,0.0,0.0,32.795314
2020-07-11 21:00:00,436.0,0.0,0.0,26.790897,436.0,0.0,0.0,27.276799
2020-07-11 22:00:00,436.0,0.0,0.0,24.62179,436.0,0.0,0.0,27.755129
2020-07-11 23:00:00,436.0,0.0,0.0,23.437807,436.0,0.0,0.0,28.022347
2020-07-12 00:00:00,436.0,0.0,0.0,25.9087,344.0,30.0,0.0,26.424812
2020-07-12 01:00:00,436.0,0.0,0.0,23.437807,404.0,0.0,0.0,23.437807
2020-07-12 02:00:00,436.0,0.0,0.0,22.96816,436.0,0.0,0.0,22.732362
2020-07-12 03:00:00,436.0,0.0,0.0,22.516066,436.0,0.0,0.0,22.492854
2020-07-12 04:00:00,436.0,0.0,0.0,21.287879,419.4,0.0,0.0,21.647258
2020-07-12 05:00:00,436.0,0.0,0.0,19.983547,359.4,0.0,0.0,18.072542
2020-07-12 06:00:00,376.0,0.0,0.0,-0.0,299.4,0.0,0.0,-0.0
2020-07-12 07:00:00,316.0,0.0,0.0,-0.0,284.0,0.0,0.0,-0.0
2020-07-12 08:00:00,284.0,0.0,0.0,-0.0,284.0,0.0,0.0,-0.0
2020-07-12 09:00:00,284.0,0.0,0.0,-0.0,344.0,0.0,0.0,15.731586
2020-07-12 10:00:00,344.0,0.0,0.0,19.430296,404.0,0.0,0.0,19.983547
2020-07-12 11:00:00,404.0,0.0,0.0,20.400003,436.0,0.0,0.0,21.647258
2020-07-12 12:00:00,436.0,0.0,0.0,21.474047,436.0,0.0,0.0,22.732362
2020-07-12 13:00:00,436.0,0.0,0.0,22.96816,436.0,0.0,0.0,23.657594
2020-07-12 14:00:00,436.0,0.0,0.0,126.429316,436.0,0.0,0.0,25.758899
2020-07-12 15:00:00,436.0,0.0,0.0,23.437807,436.0,3.568332,0.0,26.324557
2020-07-12 16:00:00,436.0,0.0,0.0,25.9087,436.0,0.0,0.0,26.790897
2020-07-12 17:00:00,436.0,0.0,0.0,26.429316,436.0,0.0,0.0,75.794386
2020-07-12 18:00:00,436.0,0.0,0.0,26.790897,436.0,0.0,0.0,70.652547
2020-07-12 19:00:00,436.0,0.0,0.0,27.050889,436.0,0.0,0.0,27.274616
2020-07-12 20:00:00,436.0,0.0,0.0,26.790897,436.0,0.0,0.0,29.087478
2020-07-12 21:00:00,436.0,0.0,0.0,27.274563,436.0,0.0,0.0,26.411918
2020-07-12 22:00:00,436.0,0.0,0.0,130.277405,436.0,0.0,0.0,26.714086
2020-07-12 23:00:00,436.0,60.0,0.0,1000.0,436.0,0.0,0.0,25.295161
2020-07-13 00:00:00,436.0,90.0,0.0,1000.0,410.0,30.0,0.0,21.116411
2020-07-13 01:00:00,436.0,90.0,0.0,283.946708,436.0,0.0,0.0,19.983547
2020-07-13 02:00:00,436.0,30.0,0.0,133.946708,376.0,0.0,0.0,18.463561
2020-07-13 03:00:00,436.0,0.0,0.0,123.87513,424.0,0.0,0.0,19.430296
2020-07-13 04:00:00,436.0,0.0,0.0,22.516066,364.0,0.0,0.0,19.983547
2020-07-13 05:00:00,436.0,0.0,0.0,21.647258,304.0,0.0,0.0,-0.0
2020-07-13 06:00:00,436.0,0.0,0.0,20.400003,296.4,0.0,0.0,-0.0
2020-07-13 07:00:00,436.0,0.0,0.0,21.116411,304.0,0.0,0.0,-0.0
2020-07-13 08:00:00,436.0,0.0,0.0,21.288154,364.0,0.0,0.0,19.430296
2020-07-13 09:00:00,436.0,0.0,0.0,20.400003,424.0,0.0,0.0,21.116411
2020-07-13 10:00:00,436.0,0.0,0.0,20.846138,436.0,0.0,0.0,24.292207
2020-07-13 11:00:00,436.0,0.0,0.0,23.362367,436.0,0.0,0.0,24.636349
2020-07-13 12:00:00,436.0,0.0,0.0,23.362367,436.0,0.0,0.0,26.738146
2020-07-13 13:00:00,436.0,0.0,0.0,26.883341,436.0,0.0,0.0,25.214284
2020-07-13 14:00:00,436.0,0.0,0.0,23.520658,436.0,0.0,0.0,26.52525
2020-07-13 15:00:00,436.0,0.0,0.0,22.576747,436.0,0.0,0.0,25.9087
2020-07-13 16:00:00,436.0,0.0,0.0,23.206766,436.0,0.0,0.0,67.465113
2020-07-13 17:00:00,436.0,0.0,0.0,25.9087,436.0,0.0,0.0,26.429316
2020-07-13 18:00:00,436.0,0.0,0.0,26.429316,436.0,0.0,0.0,26.790897
2020-07-13 19:00:00,436.0,0.0,0.0,26.429316,436.0,0.0,0.0,76.727948
2020-07-13 20:00:00,436.0,0.0,0.0,26.324557,436.0,0.0,0.0,28.105896
2020-07-13 21:00:00,436.0,0.0,0.0,23.206766,436.0,0.0,0.0,26.028079
2020-07-13 22:00:00,436.0,0.0,0.0,23.128644,436.0,0.0,0.0,26.826115
2020-07-13 23:00:00,436.0,0.0,0.0,23.437807,436.0,0.0,0.0,24.475766
2020-07-14 00:00:00,436.0,0.0,0.0,21.474047,344.0,30.0,0.0,21.647258
2020-07-14 01:00:00,436.0,0.0,0.0,22.185841,404.0,0.0,0.0,21.474047
2020-07-14 02:00:00,436.0,0.0,0.0,20.846138,436.0,0.0,0.0,22.516066
2020-07-14 03:00:00,436.0,0.0,0.0,21.116411,436.0,0.0,0.0,21.843654
2020-07-14 04:00:00,436.0,0.0,0.0,21.116714,436.0,0.0,0.0,22.516066
2020-07-14 05:00:00,436.0,0.0,0.0,21.287879,436.0,0.0,0.0,21.288154
2020-07-14 06:00:00,436.0,0.0,0.0,20.400003,436.0,0.0,0.0,20.846138
2020-07-14 07:00:00,436.0,0.0,0.0,21.843654,436.0,0.0,0.0,22.732362
2020-07-14 08:00:00,436.0,0.0,0.0,22.516066,436.0,0.0,0.0,23.128644
2020-07-14 09:00:00,436.0,0.0,0.0,21.647258,436.0,0.0,0.0,26.174706
2020-07-14 10:00:00,436.0,0.0,0.0,21.116714,436.0,0.0,0.0,24.497711
2020-07-14 11:00:00,436.0,0.0,0.0,21.647258,436.0,0.0,0.0,26.702437
2020-07-14 12:00:00,436.0,0.0,0.0,23.128644,436.0,0.0,0.0,26.282475
2020-07-14 13:00:00,436.0,0.0,0.0,22.492854,436.0,0.0,0.0,27.342576
2020-07-14 14:00:00,436.0,0.0,0.0,24.62179,436.0,0.0,0.0,26.429316
2020-07-14 15:00:00,436.0,0.0,0.0,23.87513,436.0,0.0,0.0,26.429316
2020-07-14 16:00:00,436.0,0.0,0.0,25.9087,436.0,0.0,0.0,26.790897
2020-07-14 17:00:00,436.0,0.0,0.0,27.050889,436.0,0.0,0.0,76.774217
2020-07-14 18:00:00,436.0,0.0,0.0,26.892495,436.0,0.0,0.0,79.841339
2020-07-14 19:00:00,436.0,0.0,0.0,27.050889,436.0,0.0,0.0,28.394942
2020-07-14 20:00:00,436.0,0.0,0.0,26.429316,436.0,0.0,0.0,28.398093
2020-07-14 21:00:00,436.0,0.0,0.0,126.892495,436.0,0.0,0.0,25.902779
2020-07-14 22:00:00,436.0,60.0,0.0,283.035526,436.0,0.0,0.0,23.91008
2020-07-14 23:00:00,436.0,0.0,0.0,126.755559,424.0,0.0,0.0,21.467805
2020-07-15 00:00:00,436.0,0.0,0.0,20.726727,353.678138,30.0,0.0,18.640895
2020-07-15 01:00:00,436.0,0.0,0.0,20.846138,293.678138,0.0,0.0,-0.0
2020-07-15 02:00:00,436.0,0.0,0.0,21.647258,353.678138,0.0,0.0,19.983547
2020-07-15 03:00:00,436.0,0.0,0.0,22.96816,324.967187,0.0,0.0,18.531796
2020-07-15 04:00:00,436.0,0.0,0.0,123.657594,284.0,0.0,0.0,18.463561
2020-07-15 05:00:00,436.0,0.0,0.0,126.324557,284.0,0.0,0.0,-0.0
2020-07-15 06:00:00,436.0,0.0,0.0,126.324557,304.0,0.0,0.0,-0.0
2020-07-15 07:00:00,436.0,0.0,0.0,123.437807,364.0,0.0,0.0,21.288154
2020-07-15 08:00:00,436.0,0.0,0.0,22.516066,424.0,0.0,0.0,23.132654
2020-07-15 09:00:00,436.0,0.0,0.0,20.846138,436.0,0.0,0.0,26.999984
2020-07-15 10:00:00,436.0,0.0,0.0,21.474047,436.0,0.0,0.0,25.165277
2020-07-15 11:00:00,436.0,0.0,0.0,21.288154,436.0,0.0,0.0,25.290091
2020-07-15 12:00:00,436.0,0.0,0.0,24.819735,436.0,0.0,0.0,25.517984
2020-07-15 13:00:00,436.0,0.0,0.0,22.104741,436.0,0.0,0.0,25.631952
2020-07-15 14:00:00,436.0,0.0,0.0,23.87513,436.0,0.0,0.0,25.433699
2020-07-15 15:00:00,436.0,0.0,0.0,25.233246,436.0,0.0,0.0,28.206078
2020-07-15 16:00:00,436.0,0.0,0.0,23.280961,436.0,0.0,0.0,25.675919
2020-07-15 17:00:00,436.0,0.0,0.0,23.706066,436.0,0.0,0.0,25.207684
2020-07-15 18:00:00,436.0,0.0,0.0,20.191344,436.0,0.0,0.0,116.524199
2020-07-15 19:00:00,436.0,0.0,0.0,19.754072,436.0,0.0,0.0,25.066413
2020-07-15 20:00:00,436.0,0.0,0.0,21.480475,436.0,0.0,0.0,28.972078
2020-07-15 21:00:00,436.0,0.0,0.0,21.480475,436.0,0.0,0.0,22.974175
2020-07-15 22:00:00,436.0,0.0,0.0,22.104741,436.0,0.0,0.0,24.874584
2020-07-15 23:00:00,376.0,0.0,0.0,117.739048,436.0,0.0,0.0,21.845606
2020-07-16 00:00:00,436.0,0.0,0.0,22.151684,344.0,23.980253,0.0,19.91836
2020-07-16 01:00:00,376.211812,0.0,0.0,18.531796,404.0,0.0,0.0,19.133765
2020-07-16 02:00:00,436.0,0.0,0.0,21.116714,406.990623,0.0,0.0,18.531796
2020-07-16 03:00:00,436.0,0.0,0.0,19.983547,424.0,0.0,0.0,20.400003
2020-07-16 04:00:00,396.568907,0.0,0.0,18.531796,364.0,0.0,0.0,19.983547
2020-07-16 05:00:00,436.0,0.0,0.0,18.737253,304.0,0.0,0.0,-0.0
2020-07-16 06:00:00,436.0,0.0,0.0,19.685338,364.0,0.0,0.0,18.072542
2020-07-16 07:00:00,436.0,0.0,0.0,21.116411,424.0,0.0,0.0,21.116411
2020-07-16 08:00:00,436.0,0.0,0.0,19.983547,436.0,0.0,0.0,23.358773
2020-07-16 09:00:00,436.0,0.0,0.0,21.116714,436.0,0.0,0.0,24.596526
2020-07-16 10:00:00,436.0,0.0,0.0,19.983547,436.0,0.0,0.0,25.497701
2020-07-16 11:00:00,436.0,0.0,0.0,22.516066,436.0,0.0,0.0,25.806644
2020-07-16 12:00:00,436.0,0.0,0.0,23.206766,436.0,0.0,0.0,27.740921
2020-07-16 13:00:00,436.0,0.0,0.0,23.128644,436.0,0.0,0.0,28.375976
2020-07-16 14:00:00,436.0,0.0,0.0,26.755559,436.0,0.0,0.0,27.113409
2020-07-16 15:00:00,436.0,0.0,0.0,26.429316,436.0,0.0,0.0,27.718961
2020-07-16 16:00:00,436.0,0.0,0.0,27.128505,436.0,0.0,0.0,32.808685
2020-07-16 17:00:00,436.0,0.0,0.0,27.274563,436.0,0.0,0.0,78.270499
2020-07-16 18:00:00,436.0,0.0,0.0,27.274616,436.0,0.0,0.0,80.877303
2020-07-16 19:00:00,436.0,0.0,0.0,27.89257,436.0,0.0,0.0,58.341483
2020-07-16 20:00:00,436.0,0.0,0.0,27.755129,436.0,0.0,0.0,32.14255
2020-07-16 21:00:00,436.0,0.0,0.0,27.128505,436.0,0.0,0.0,25.935476
2020-07-16 22:00:00,436.0,0.0,0.0,26.790897,436.0,0.0,0.0,27.224358
2020-07-16 23:00:00,436.0,0.0,0.0,27.274563,436.0,0.0,0.0,28.197987
2020-07-17 00:00:00,436.0,0.0,0.0,25.9087,410.0,30.0,0.0,23.437807
2020-07-17 01:00:00,436.0,0.0,0.0,26.755559,364.0,0.0,0.0,21.287879
2020-07-17 02:00:00,436.0,0.0,0.0,25.758899,304.0,0.0,0.0,7.763072
2020-07-17 03:00:00,436.0,0.0,0.0,23.206766,284.0,0.0,0.0,-0.0
2020-07-17 04:00:00,436.0,0.0,0.0,22.732362,284.0,0.0,0.0,-0.0
2020-07-17 05:00:00,436.0,0.0,0.0,22.516066,284.0,0.0,0.0,-0.0
2020-07-17 06:00:00,436.0,0.0,0.0,21.288154,304.0,0.0,0.0,-0.0
2020-07-17 07:00:00,436.0,0.0,0.0,21.843654,364.0,0.0,0.0,21.474047
2020-07-17 08:00:00,436.0,0.0,0.0,21.647258,424.0,0.0,0.0,21.843654
2020-07-17 09:00:00,436.0,0.0,0.0,22.185841,436.0,0.0,0.0,23.206766
2020-07-17 10:00:00,436.0,0.0,0.0,21.647258,436.0,0.0,0.0,26.342681
2020-07-17 11:00:00,436.0,0.0,0.0,22.576747,436.0,0.0,0.0,27.882118
2020-07-17 12:00:00,436.0,0.0,0.0,22.96816,436.0,0.0,0.0,27.80416
2020-07-17 13:00:00,436.0,0.0,0.0,22.576747,436.0,0.0,0.0,28.678517
2020-07-17 14:00:00,436.0,0.0,0.0,23.437807,436.0,0.0,0.0,29.37344
2020-07-17 15:00:00,436.0,0.0,0.0,23.437807,436.0,0.0,0.0,32.193851
2020-07-17 16:00:00,436.0,0.0,0.0,26.404825,436.0,0.0,0.0,35.451747
2020-07-17 17:00:00,436.0,0.0,0.0,26.429316,436.0,0.0,0.0,81.049313
2020-07-17 18:00:00,436.0,0.0,0.0,27.050889,436.0,0.0,0.0,78.270499
2020-07-17 19:00:00,436.0,0.0,0.0,26.892495,436.0,0.0,0.0,57.857596
2020-07-17 20:00:00,436.0,0.0,0.0,26.790897,436.0,0.0,0.0,37.25211
2020-07-17 21:00:00,436.0,0.0,0.0,26.790897,436.0,0.0,0.0,27.755129
2020-07-17 22:00:00,436.0,0.0,0.0,25.9087,436.0,0.0,0.0,30.372388
2020-07-17 23:00:00,436.0,0.0,0.0,25.758899,436.0,0.0,0.0,27.050889
2020-07-18 00:00:00,436.0,0.0,0.0,23.206766,404.603372,30.0,0.0,23.128644
2020-07-18 01:00:00,436.0,0.0,0.0,21.843654,436.0,0.0,0.0,22.185841
2020-07-18 02:00:00,436.0,0.0,0.0,20.400003,436.0,0.0,0.0,19.983547
2020-07-18 03:00:00,436.0,0.0,0.0,19.983547,424.0,0.0,0.0,20.749369
2020-07-18 04:00:00,436.0,0.0,0.0,19.983547,364.0,0.0,0.0,20.846138
2020-07-18 05:00:00,436.0,0.0,0.0,21.116411,304.0,0.0,0.0,-0.0
2020-07-18 06:00:00,376.0,0.0,0.0,18.463561,284.0,0.0,0.0,-0.0
2020-07-18 07:00:00,419.292165,0.0,0.0,18.531796,304.0,0.0,0.0,-0.0
2020-07-18 08:00:00,436.0,0.0,0.0,18.573789,364.0,0.0,0.0,20.400003
2020-07-18 09:00:00,436.0,0.0,0.0,21.116411,424.0,0.0,0.0,21.843654
2020-07-18 10:00:00,436.0,0.0,0.0,21.647258,436.0,0.0,0.0,23.128644
2020-07-18 11:00:00,436.0,0.0,0.0,22.732362,436.0,0.0,0.0,26.324557
2020-07-18 12:00:00,436.0,0.0,0.0,23.128644,436.0,0.0,0.0,26.755559
2020-07-18 13:00:00,436.0,0.0,0.0,23.128644,436.0,0.0,0.0,30.860504
2020-07-18 14:00:00,436.0,0.0,0.0,23.437807,436.0,0.0,0.0,27.050889
2020-07-18 15:00:00,436.0,0.0,0.0,24.62179,436.0,0.0,0.0,26.790897
2020-07-18 16:00:00,436.0,0.0,0.0,26.429316,436.0,0.0,0.0,29.60171
2020-07-18 17:00:00,436.0,0.0,0.0,26.755559,436.0,0.0,0.0,74.516573
2020-07-18 18:00:00,436.0,0.0,0.0,27.128505,436.0,0.0,0.0,79.649875
2020-07-18 19:00:00,436.0,0.0,0.0,27.128505,436.0,0.0,0.0,55.169657
2020-07-18 20:00:00,436.0,0.0,0.0,26.845129,436.0,0.0,0.0,28.583408
2020-07-18 21:00:00,436.0,0.0,0.0,26.790897,436.0,0.0,0.0,27.474292
2020-07-18 22:00:00,436.0,0.0,0.0,130.277405,436.0,0.0,0.0,25.398215
2020-07-18 23:00:00,436.0,0.0,0.0,130.530112,436.0,0.0,0.0,27.210408
2020-07-19 00:00:00,436.0,0.0,0.0,27.050889,410.0,30.0,0.0,22.96816
2020-07-19 01:00:00,436.0,0.0,0.0,26.324557,436.0,0.0,0.0,21.116411
2020-07-19 02:00:00,436.0,0.0,0.0,23.437807,436.0,0.0,0.0,19.983547
2020-07-19 03:00:00,436.0,0.0,0.0,23.128644,424.0,0.0,0.0,19.983547
2020-07-19 04:00:00,436.0,0.0,0.0,22.732362,364.0,0.0,0.0,19.983547
2020-07-19 05:00:00,436.0,0.0,0.0,21.647258,304.0,0.0,0.0,-0.0
2020-07-19 06:00:00,436.0,0.0,0.0,19.430296,284.0,0.0,0.0,-0.0
2020-07-19 07:00:00,436.0,0.0,0.0,19.430296,284.0,0.0,0.0,-0.0
2020-07-19 08:00:00,376.0,0.0,0.0,15.731586,344.0,0.0,0.0,18.573789
2020-07-19 09:00:00,436.0,0.0,0.0,18.573789,404.0,0.0,0.0,21.116714
2020-07-19 10:00:00,436.0,0.0,0.0,21.647258,436.0,0.0,0.0,22.516066
2020-07-19 11:00:00,436.0,0.0,0.0,23.128644,436.0,0.0,0.0,25.9087
2020-07-19 12:00:00,436.0,0.0,0.0,23.128644,436.0,0.0,0.0,28.563867
2020-07-19 13:00:00,436.0,0.0,0.0,23.201027,436.0,0.0,0.0,27.242559
2020-07-19 14:00:00,436.0,0.0,0.0,24.62179,436.0,0.0,0.0,30.296171
2020-07-19 15:00:00,436.0,0.0,0.0,26.324557,436.0,0.0,0.0,26.845129
2020-07-19 16:00:00,436.0,0.0,0.0,26.429316,436.0,0.0,0.0,30.994951
2020-07-19 17:00:00,436.0,0.0,0.0,26.755559,436.0,0.0,0.0,56.224917
2020-07-19 18:00:00,436.0,0.0,0.0,26.892495,436.0,0.0,0.0,81.163241
2020-07-19 19:00:00,436.0,0.0,0.0,27.276799,436.0,-0.0,0.0,78.575891
2020-07-19 20:00:00,436.0,0.0,0.0,27.276799,436.0,0.0,0.0,37.596642
2020-07-19 21:00:00,436.0,0.0,0.0,27.276799,436.0,0.0,0.0,28.339714
2020-07-19 22:00:00,436.0,0.0,0.0,26.790897,436.0,0.0,0.0,29.983577
2020-07-19 23:00:00,436.0,0.0,0.0,131.887731,436.0,0.0,0.0,25.899076
2020-07-20 00:00:00,436.0,0.0,0.0,27.274616,410.0,30.0,0.0,22.96816
2020-07-20 01:00:00,436.0,0.0,0.0,25.9087,436.0,0.0,0.0,22.732362
2020-07-20 02:00:00,436.0,0.0,0.0,23.437807,436.0,0.0,0.0,22.732362
2020-07-20 03:00:00,436.0,0.0,0.0,23.206766,436.0,0.0,0.0,20.846138
2020-07-20 04:00:00,436.0,0.0,0.0,23.206766,436.0,0.0,0.0,21.287879
2020-07-20 05:00:00,436.0,0.0,0.0,23.444698,376.0,0.0,0.0,18.573789
2020-07-20 06:00:00,436.0,0.0,0.0,23.128644,316.0,0.0,0.0,18.072542
2020-07-20 07:00:00,436.0,0.0,0.0,23.657594,376.0,0.0,0.0,18.072542
2020-07-20 08:00:00,436.0,0.0,0.0,23.206766,436.0,0.0,0.0,21.287879
2020-07-20 09:00:00,436.0,0.0,0.0,22.96816,436.0,0.0,0.0,22.96816
2020-07-20 10:00:00,436.0,0.0,0.0,23.87513,436.0,0.0,0.0,23.87513
2020-07-20 11:00:00,436.0,0.0,0.0,23.657594,436.0,0.0,0.0,26.783566
2020-07-20 12:00:00,436.0,0.0,0.0,26.324557,436.0,0.0,0.0,28.92437
2020-07-20 13:00:00,436.0,0.0,0.0,23.437807,436.0,0.0,0.0,28.249623
2020-07-20 14:00:00,436.0,0.0,0.0,25.9087,436.0,0.0,0.0,41.487549
2020-07-20 15:00:00,436.0,0.0,0.0,27.050889,436.0,0.0,0.0,26.845129
2020-07-20 16:00:00,436.0,0.0,0.0,26.845129,436.0,0.0,0.0,64.852004
2020-07-20 17:00:00,436.0,0.0,0.0,26.790897,436.0,0.0,0.0,26.845129
2020-07-20 18:00:00,436.0,0.0,0.0,27.274616,436.0,0.0,0.0,72.924241
2020-07-20 19:00:00,436.0,0.0,0.0,27.276799,436.0,0.0,0.0,78.311897
2020-07-20 20:00:00,436.0,0.0,0.0,26.755559,436.0,0.0,0.0,28.750137
2020-07-20 21:00:00,436.0,0.0,0.0,27.128505,436.0,0.0,0.0,26.816125
2020-07-20 22:00:00,436.0,21.515708,0.0,141.716991,436.0,0.0,0.0,24.763957
2020-07-20 23:00:00,436.0,0.0,0.0,25.9087,436.0,0.0,0.0,23.676457
2020-07-21 00:00:00,436.0,0.0,0.0,22.576747,394.389133,30.0,0.0,21.647258
2020-07-21 01:00:00,436.0,0.0,0.0,21.474047,436.0,0.0,0.0,19.685338
2020-07-21 02:00:00,436.0,0.0,0.0,20.846138,392.176104,0.0,0.0,18.531796
2020-07-21 03:00:00,436.0,0.0,0.0,19.983547,362.595884,0.0,0.0,18.531796
2020-07-21 04:00:00,436.0,0.0,0.0,21.116411,354.6,0.0,0.0,19.685338
2020-07-21 05:00:00,436.0,0.0,0.0,22.576747,294.6,0.0,0.0,-0.0
2020-07-21 06:00:00,436.0,0.0,0.0,22.576747,304.0,0.0,0.0,-0.0
2020-07-21 07:00:00,436.0,0.0,0.0,22.96816,364.0,0.0,0.0,21.116411
2020-07-21 08:00:00,436.0,0.0,0.0,22.96816,424.0,0.0,0.0,22.492854
2020-07-21 09:00:00,436.0,0.0,0.0,23.437807,436.0,0.0,0.0,23.128644
2020-07-21 10:00:00,436.0,0.0,0.0,22.732362,436.0,0.0,0.0,26.106857
2020-07-21 11:00:00,436.0,0.0,0.0,22.96816,436.0,0.0,0.0,28.256353
2020-07-21 12:00:00,436.0,0.0,0.0,23.206766,436.0,0.0,0.0,27.399963
2020-07-21 13:00:00,436.0,0.0,0.0,24.62179,436.0,0.0,0.0,30.014364
2020-07-21 14:00:00,436.0,0.0,0.0,26.324557,436.0,0.0,0.0,32.193851
2020-07-21 15:00:00,436.0,0.0,0.0,26.324557,436.0,0.0,0.0,35.826917
2020-07-21 16:00:00,436.0,0.0,0.0,26.500239,436.0,0.0,0.0,36.496755
2020-07-21 17:00:00,436.0,0.0,0.0,26.429316,436.0,0.0,0.0,103.837082
2020-07-21 18:00:00,436.0,0.0,0.0,27.050889,436.0,0.0,0.0,75.724547
2020-07-21 19:00:00,436.0,0.0,0.0,27.274563,436.0,0.0,0.0,37.940625
2020-07-21 20:00:00,436.0,0.0,0.0,27.276799,436.0,0.0,0.0,36.916593
2020-07-21 21:00:00,436.0,0.0,0.0,26.845129,436.0,0.0,0.0,33.262019
2020-07-21 22:00:00,436.0,0.0,0.0,26.790897,436.0,0.0,0.0,27.21994
2020-07-21 23:00:00,436.0,0.0,0.0,27.274616,436.0,0.0,0.0,27.604859
2020-07-22 00:00:00,436.0,0.0,0.0,26.790897,410.0,30.0,0.0,23.437807
2020-07-22 01:00:00,436.0,0.0,0.0,26.324557,436.0,0.0,0.0,23.437807
2020-07-22 02:00:00,436.0,0.0,0.0,23.437807,436.0,0.0,0.0,23.444698
2020-07-22 03:00:00,436.0,0.0,0.0,23.206766,436.0,0.0,0.0,25.758899
2020-07-22 04:00:00,436.0,0.0,0.0,23.437807,436.0,0.0,0.0,23.444698
2020-07-22 05:00:00,436.0,0.0,0.0,23.206766,436.0,0.0,0.0,22.516066
2020-07-22 06:00:00,436.0,0.0,0.0,22.492854,436.0,0.0,0.0,21.647258
2020-07-22 07:00:00,436.0,0.0,0.0,22.492854,436.0,0.0,0.0,21.647258
2020-07-22 08:00:00,436.0,0.0,0.0,22.492854,436.0,0.0,0.0,21.474047
2020-07-22 09:00:00,436.0,0.0,0.0,21.647258,436.0,0.0,0.0,22.576747
2020-07-22 10:00:00,436.0,0.0,0.0,22.576747,436.0,0.0,0.0,23.437807
2020-07-22 11:00:00,436.0,0.0,0.0,22.96816,436.0,0.0,0.0,26.941114
2020-07-22 12:00:00,436.0,0.0,0.0,23.657594,436.0,0.0,0.0,28.902891
2020-07-22 13:00:00,436.0,0.0,0.0,23.437807,436.0,0.0,0.0,28.047461
2020-07-22 14:00:00,436.0,0.0,0.0,23.206766,436.0,0.0,0.0,28.166196
2020-07-22 15:00:00,436.0,0.0,0.0,24.62179,436.0,0.0,0.0,27.128505
2020-07-22 16:00:00,436.0,0.0,0.0,26.429316,436.0,0.0,0.0,32.003861
2020-07-22 17:00:00,436.0,0.0,0.0,26.790897,436.0,0.0,0.0,52.45088
2020-07-22 18:00:00,436.0,0.0,0.0,26.845129,436.0,0.0,0.0,81.163241
2020-07-22 19:00:00,436.0,0.0,0.0,27.274616,436.0,0.0,0.0,76.029938
2020-07-22 20:00:00,436.0,0.0,0.0,27.276799,436.0,0.0,0.0,32.929872
2020-07-22 21:00:00,436.0,0.0,0.0,26.845129,436.0,0.0,0.0,27.050889
2020-07-22 22:00:00,436.0,0.0,0.0,26.429316,436.0,0.0,0.0,28.232664
2020-07-22 23:00:00,436.0,0.0,0.0,26.790897,436.0,0.0,0.0,26.755559
2020-07-23 00:00:00,436.0,0.0,0.0,26.429316,410.0,30.0,0.0,23.128644
2020-07-23 01:00:00,436.0,0.0,0.0,23.87513,436.0,0.0,0.0,22.492854
2020-07-23 02:00:00,436.0,0.0,0.0,23.128644,436.0,0.0,0.0,22.492854
2020-07-23 03:00:00,436.0,0.0,0.0,22.576747,436.0,0.0,0.0,21.647258
2020-07-23 04:00:00,436.0,0.0,0.0,21.843654,436.0,0.0,0.0,22.576747
2020-07-23 05:00:00,436.0,0.0,0.0,22.576747,436.0,0.0,0.0,20.846138
2020-07-23 06:00:00,436.0,0.0,0.0,20.400003,376.0,0.0,0.0,18.463561
2020-07-23 07:00:00,436.0,0.0,0.0,18.573789,436.0,0.0,0.0,18.573789
2020-07-23 08:00:00,436.0,0.0,0.0,19.983547,436.0,0.0,0.0,19.983547
2020-07-23 09:00:00,436.0,0.0,0.0,19.983547,436.0,0.0,0.0,21.288154
2020-07-23 10:00:00,436.0,0.0,0.0,21.287879,436.0,0.0,0.0,22.576747
2020-07-23 11:00:00,436.0,0.0,0.0,22.576747,436.0,0.0,0.0,26.324557
2020-07-23 12:00:00,436.0,0.0,0.0,23.128644,436.0,0.0,0.0,26.429316
2020-07-23 13:00:00,436.0,0.0,0.0,25.758899,436.0,0.0,0.0,31.100729
2020-07-23 14:00:00,436.0,0.0,0.0,25.9087,436.0,0.0,0.0,34.48069
2020-07-23 15:00:00,436.0,0.0,0.0,26.845129,436.0,0.0,0.0,75.512901
2020-07-23 16:00:00,436.0,0.0,0.0,26.892495,436.0,0.0,0.0,56.382614
2020-07-23 17:00:00,436.0,0.0,0.0,26.755559,436.0,0.0,0.0,80.857849
2020-07-23 18:00:00,436.0,0.0,0.0,27.050889,436.0,0.0,0.0,36.946719
2020-07-23 19:00:00,436.0,0.0,0.0,27.128505,436.0,0.0,0.0,36.946719
2020-07-23 20:00:00,436.0,0.0,0.0,27.128505,436.0,0.0,0.0,37.25211
2020-07-23 21:00:00,436.0,0.0,0.0,26.845129,436.0,0.0,0.0,29.975338
2020-07-23 22:00:00,436.0,0.0,0.0,26.790897,436.0,0.0,0.0,28.797268
2020-07-23 23:00:00,436.0,0.0,0.0,27.755129,436.0,0.0,0.0,27.817061
2020-07-24 00:00:00,436.0,0.0,0.0,26.324557,410.0,30.0,0.0,26.429316
2020-07-24 01:00:00,436.0,0.0,0.0,23.206766,436.0,0.0,0.0,23.437807
2020-07-24 02:00:00,436.0,0.0,0.0,22.576747,436.0,0.0,0.0,22.732362
2020-07-24 03:00:00,436.0,0.0,0.0,22.492854,436.0,0.0,0.0,22.576747
2020-07-24 04:00:00,436.0,0.0,0.0,22.516066,436.0,0.0,0.0,22.732362
2020-07-24 05:00:00,436.0,0.0,0.0,22.576747,436.0,0.0,0.0,22.492854
2020-07-24 06:00:00,436.0,0.0,0.0,22.516066,436.0,0.0,0.0,22.516066
2020-07-24 07:00:00,436.0,0.0,0.0,23.128644,436.0,0.0,0.0,22.516066
2020-07-24 08:00:00,436.0,0.0,0.0,23.128644,436.0,0.0,0.0,23.128644
2020-07-24 09:00:00,436.0,0.0,0.0,23.206766,436.0,0.0,0.0,23.444698
2020-07-24 10:00:00,436.0,0.0,0.0,23.128644,436.0,0.0,0.0,26.429316
2020-07-24 11:00:00,436.0,0.0,0.0,23.437807,436.0,0.0,0.0,29.705161
2020-07-24 12:00:00,436.0,0.0,0.0,24.62179,436.0,0.0,0.0,32.106216
2020-07-24 13:00:00,436.0,0.0,0.0,26.324557,436.0,0.0,0.0,35.624556
2020-07-24 14:00:00,436.0,0.0,0.0,26.429316,436.0,0.0,0.0,54.836609
2020-07-24 15:00:00,436.0,0.0,0.0,26.429316,436.0,0.0,0.0,27.128505
2020-07-24 16:00:00,436.0,0.0,0.0,26.755559,436.0,0.0,0.0,27.755129
2020-07-24 17:00:00,436.0,0.0,0.0,26.500239,436.0,0.0,0.0,72.454221
2020-07-24 18:00:00,436.0,0.0,0.0,27.274616,436.0,0.0,0.0,77.313264
2020-07-24 19:00:00,436.0,0.0,0.0,27.276799,436.0,0.0,0.0,68.614213
2020-07-24 20:00:00,436.0,0.0,0.0,27.128505,436.0,0.0,0.0,37.817496
2020-07-24 21:00:00,436.0,0.0,0.0,27.274563,436.0,0.0,0.0,36.974535
2020-07-24 22:00:00,436.0,0.0,0.0,26.845129,436.0,0.0,0.0,30.277405
2020-07-24 23:00:00,436.0,0.0,0.0,27.128505,436.0,0.0,0.0,28.578181
2020-07-25 00:00:00,436.0,0.0,0.0,26.755559,410.0,30.0,0.0,26.790897
2020-07-25 01:00:00,436.0,0.0,0.0,25.9087,436.0,0.0,0.0,26.324557
2020-07-25 02:00:00,436.0,0.0,0.0,22.96816,436.0,0.0,0.0,23.437807
2020-07-25 03:00:00,436.0,0.0,0.0,22.576747,436.0,0.0,0.0,22.732362
2020-07-25 04:00:00,436.0,0.0,0.0,22.516066,436.0,0.0,0.0,22.576747
2020-07-25 05:00:00,436.0,0.0,0.0,21.843654,436.0,0.0,0.0,19.983547
2020-07-25 06:00:00,436.0,0.0,0.0,19.983547,436.0,0.0,0.0,19.430296
2020-07-25 07:00:00,436.0,0.0,0.0,20.846138,436.0,0.0,0.0,20.400003
2020-07-25 08:00:00,436.0,0.0,0.0,20.846138,436.0,0.0,0.0,21.288154
2020-07-25 09:00:00,436.0,0.0,0.0,20.846138,436.0,0.0,0.0,22.492854
2020-07-25 10:00:00,436.0,0.0,0.0,22.185841,436.0,0.0,0.0,22.96816
2020-07-25 11:00:00,436.0,0.0,0.0,23.128644,436.0,0.0,0.0,23.437807
2020-07-25 12:00:00,436.0,0.0,0.0,24.62179,436.0,0.0,0.0,26.429316
2020-07-25 13:00:00,436.0,0.0,0.0,24.62179,436.0,0.0,0.0,27.050889
2020-07-25 14:00:00,436.0,0.0,0.0,26.429316,436.0,0.0,0.0,41.114546
2020-07-25 15:00:00,436.0,0.0,0.0,26.845129,436.0,0.0,0.0,26.892495
2020-07-25 16:00:00,436.0,0.0,0.0,27.755129,436.0,0.0,0.0,36.336924
2020-07-25 17:00:00,436.0,0.0,0.0,27.755129,436.0,0.0,0.0,58.150858
2020-07-25 18:00:00,436.0,0.0,0.0,27.755129,436.0,0.0,0.0,78.575891
2020-07-25 19:00:00,436.0,0.0,0.0,27.755129,436.0,0.0,0.0,81.314865
2020-07-25 20:00:00,436.0,0.0,0.0,29.288436,436.0,0.0,0.0,38.698672
2020-07-25 21:00:00,436.0,0.0,0.0,27.755129,436.0,0.0,0.0,33.578766
2020-07-25 22:00:00,436.0,0.0,0.0,26.845129,436.0,0.0,0.0,33.249104
2020-07-25 23:00:00,436.0,0.0,0.0,27.276799,436.0,0.0,0.0,27.755129
2020-07-26 00:00:00,436.0,0.0,0.0,26.790897,410.0,30.0,0.0,22.750845
2020-07-26 01:00:00,436.0,0.0,0.0,26.324557,436.0,0.0,0.0,22.201845
2020-07-26 02:00:00,436.0,0.0,0.0,23.657594,436.0,0.0,0.0,22.492854
2020-07-26 03:00:00,436.0,0.0,0.0,23.206766,436.0,0.0,0.0,21.647258
2020-07-26 04:00:00,436.0,0.0,0.0,22.732362,424.0,0.0,0.0,21.647258
2020-07-26 05:00:00,436.0,0.0,0.0,21.843654,364.0,0.0,0.0,19.685338
2020-07-26 06:00:00,436.0,0.0,0.0,19.430296,304.0,0.0,0.0,-0.0
2020-07-26 07:00:00,376.0,0.0,0.0,15.731586,304.0,0.0,0.0,-0.0
2020-07-26 08:00:00,316.0,0.0,0.0,18.072542,364.0,0.0,0.0,21.116714
2020-07-26 09:00:00,376.0,0.0,0.0,21.288154,424.0,0.0,0.0,22.492854
2020-07-26 10:00:00,436.0,0.0,0.0,22.732362,436.0,0.0,0.0,23.128644
2020-07-26 11:00:00,436.0,0.0,0.0,23.87513,436.0,0.0,0.0,26.324557
2020-07-26 12:00:00,436.0,0.0,0.0,25.9087,436.0,0.0,0.0,26.429316
2020-07-26 13:00:00,436.0,0.0,0.0,25.9087,436.0,0.0,0.0,29.274236
2020-07-26 14:00:00,436.0,0.0,0.0,26.324557,436.0,0.0,0.0,35.73226
2020-07-26 15:00:00,436.0,0.0,0.0,26.429316,436.0,0.0,0.0,37.878026
2020-07-26 16:00:00,436.0,0.0,0.0,26.790897,436.0,0.0,0.0,72.148829
2020-07-26 17:00:00,436.0,0.0,0.0,26.845129,436.0,0.0,0.0,81.163241
2020-07-26 18:00:00,436.0,0.0,0.0,27.755129,436.0,0.0,0.0,65.267858
2020-07-26 19:00:00,436.0,0.0,0.0,28.468586,436.0,0.0,0.0,38.459145
2020-07-26 20:00:00,436.0,0.0,0.0,29.54994,436.0,0.0,0.0,37.960369
2020-07-26 21:00:00,436.0,0.0,0.0,27.276799,436.0,0.0,0.0,40.361603
2020-07-26 22:00:00,436.0,0.0,0.0,130.277405,436.0,0.0,0.0,25.935476
2020-07-26 23:00:00,436.0,0.0,0.0,134.135546,436.0,0.0,0.0,27.331585
2020-07-27 00:00:00,436.0,0.0,0.0,130.277405,410.0,30.0,0.0,22.566788
2020-07-27 01:00:00,436.0,0.0,0.0,26.790897,436.0,0.0,0.0,23.128644
2020-07-27 02:00:00,436.0,0.0,0.0,26.429316,436.0,0.0,0.0,22.516066
2020-07-27 03:00:00,436.0,0.0,0.0,26.324557,436.0,0.0,0.0,21.647258
2020-07-27 04:00:00,436.0,0.0,0.0,26.324557,436.0,0.0,0.0,21.843654
2020-07-27 05:00:00,436.0,0.0,0.0,25.9087,436.0,0.0,0.0,21.474047
2020-07-27 06:00:00,436.0,0.0,0.0,23.437807,436.0,0.0,0.0,21.647258
2020-07-27 07:00:00,436.0,0.0,0.0,23.128644,436.0,0.0,0.0,22.576747
2020-07-27 08:00:00,436.0,0.0,0.0,23.444698,436.0,0.0,0.0,26.429316
2020-07-27 09:00:00,436.0,0.0,0.0,23.437807,436.0,0.0,0.0,26.429316
2020-07-27 10:00:00,436.0,0.0,0.0,23.657594,436.0,0.0,0.0,29.728713
2020-07-27 11:00:00,436.0,0.0,0.0,26.324557,436.0,0.0,0.0,32.107111
2020-07-27 12:00:00,436.0,0.0,0.0,26.429316,436.0,0.0,0.0,34.180033
2020-07-27 13:00:00,436.0,0.0,0.0,26.892495,436.0,0.0,0.0,35.853095
2020-07-27 14:00:00,436.0,0.0,0.0,26.790897,436.0,0.0,0.0,55.491504
2020-07-27 15:00:00,436.0,0.0,0.0,26.845129,436.0,0.0,0.0,27.128505
2020-07-27 16:00:00,436.0,0.0,0.0,26.790897,436.0,0.0,0.0,27.755129
2020-07-27 17:00:00,436.0,0.0,0.0,26.755559,436.0,0.0,0.0,61.672971
2020-07-27 18:00:00,436.0,0.0,0.0,26.790897,436.0,0.0,0.0,74.420522
2020-07-27 19:00:00,436.0,0.0,0.0,25.775165,436.0,0.0,0.0,84.576098
2020-07-27 20:00:00,436.0,0.0,0.0,26.768844,436.0,0.0,0.0,39.636746
2020-07-27 21:00:00,436.0,0.0,0.0,26.768844,436.0,0.0,0.0,26.704832
2020-07-27 22:00:00,436.0,0.0,0.0,36.807193,436.0,0.0,0.0,27.985146
2020-07-27 23:00:00,436.0,0.0,0.0,25.935476,436.0,0.0,0.0,27.092425
2020-07-28 00:00:00,436.0,0.0,0.0,23.192161,410.0,30.0,0.0,23.366674
2020-07-28 01:00:00,436.0,0.0,0.0,21.168781,436.0,0.0,0.0,21.513966
2020-07-28 02:00:00,436.0,0.0,0.0,19.983547,424.0,0.0,0.0,20.726727
2020-07-28 03:00:00,436.0,0.0,0.0,19.983547,364.0,0.0,0.0,19.133765
2020-07-28 04:00:00,436.0,0.0,0.0,20.846138,304.0,0.0,0.0,-0.0
2020-07-28 05:00:00,436.0,0.0,0.0,19.685338,284.0,0.0,0.0,-0.0
2020-07-28 06:00:00,376.0,0.0,0.0,-0.0,284.0,0.0,0.0,-0.0
2020-07-28 07:00:00,316.0,0.0,0.0,18.072542,304.0,0.0,0.0,-0.0
2020-07-28 08:00:00,376.0,0.0,0.0,18.573789,364.0,0.0,0.0,19.430296
2020-07-28 09:00:00,436.0,0.0,0.0,21.287879,424.0,0.0,0.0,21.288154
2020-07-28 10:00:00,436.0,0.0,0.0,22.576747,436.0,0.0,0.0,23.128644
2020-07-28 11:00:00,436.0,0.0,0.0,22.732362,436.0,0.0,0.0,27.243563
2020-07-28 12:00:00,436.0,0.0,0.0,23.206766,436.0,0.0,0.0,29.978918
2020-07-28 13:00:00,436.0,0.0,0.0,23.437807,436.0,0.0,0.0,35.14289
2020-07-28 14:00:00,436.0,0.0,0.0,25.9087,436.0,0.0,0.0,55.338785
2020-07-28 15:00:00,436.0,0.0,0.0,26.429316,436.0,0.0,0.0,26.755559
2020-07-28 16:00:00,436.0,0.0,0.0,26.755559,436.0,0.0,0.0,27.274616
2020-07-28 17:00:00,436.0,0.0,0.0,27.274616,436.0,0.0,0.0,74.289435
2020-07-28 18:00:00,436.0,0.0,0.0,27.89257,436.0,0.0,0.0,80.877303
2020-07-28 19:00:00,436.0,0.0,0.0,27.276799,436.0,0.0,0.0,67.160677
2020-07-28 20:00:00,436.0,0.0,0.0,25.935476,436.0,0.0,0.0,27.423919
2020-07-28 21:00:00,436.0,0.0,0.0,127.755129,436.0,0.0,0.0,29.459287
2020-07-28 22:00:00,436.0,0.0,0.0,26.704832,436.0,0.0,0.0,25.685064
2020-07-28 23:00:00,436.0,0.0,0.0,26.790897,436.0,0.0,0.0,22.497642
2020-07-29 00:00:00,436.0,0.0,0.0,26.429316,410.0,30.0,0.0,23.444698
2020-07-29 01:00:00,436.0,0.0,0.0,23.206766,436.0,0.0,0.0,23.206766
2020-07-29 02:00:00,436.0,0.0,0.0,21.843654,436.0,0.0,0.0,22.576747
2020-07-29 03:00:00,436.0,0.0,0.0,21.647258,436.0,0.0,0.0,22.516066
2020-07-29 04:00:00,436.0,0.0,0.0,21.647258,424.0,0.0,0.0,21.647258
2020-07-29 05:00:00,436.0,0.0,0.0,21.647258,364.0,0.0,0.0,19.430296
2020-07-29 06:00:00,436.0,0.0,0.0,22.516066,304.0,0.0,0.0,-0.0
2020-07-29 07:00:00,436.0,0.0,0.0,23.206766,364.0,0.0,0.0,19.430296
2020-07-29 08:00:00,436.0,0.0,0.0,23.437807,424.0,0.0,0.0,20.846138
2020-07-29 09:00:00,436.0,0.0,0.0,23.128644,436.0,0.0,0.0,21.843654
2020-07-29 10:00:00,436.0,0.0,0.0,23.444698,436.0,0.0,0.0,23.437807
2020-07-29 11:00:00,436.0,0.0,0.0,23.657594,436.0,0.0,0.0,26.429316
2020-07-29 12:00:00,436.0,0.0,0.0,25.9087,436.0,0.0,0.0,26.670099
2020-07-29 13:00:00,436.0,0.0,0.0,25.758899,436.0,0.0,0.0,29.430017
2020-07-29 14:00:00,436.0,0.0,0.0,25.758899,436.0,0.0,0.0,27.744827
2020-07-29 15:00:00,436.0,0.0,0.0,25.9087,436.0,0.0,0.0,35.541635
2020-07-29 16:00:00,436.0,0.0,0.0,26.429316,436.0,0.0,0.0,38.150994
2020-07-29 17:00:00,436.0,0.0,0.0,26.429316,436.0,0.0,0.0,80.877303
2020-07-29 18:00:00,436.0,0.0,0.0,27.128505,436.0,0.0,0.0,74.725914
2020-07-29 19:00:00,436.0,0.0,0.0,27.755129,436.0,0.0,0.0,62.511928
2020-07-29 20:00:00,436.0,0.0,0.0,29.768419,436.0,0.0,0.0,38.09907
2020-07-29 21:00:00,436.0,0.0,0.0,27.274616,436.0,0.0,0.0,36.882203
2020-07-29 22:00:00,436.0,0.0,0.0,26.790897,436.0,0.0,0.0,27.128505
2020-07-29 23:00:00,436.0,0.0,0.0,27.128505,436.0,0.0,0.0,29.391782
2020-07-30 00:00:00,436.0,0.0,0.0,26.755559,410.0,30.0,0.0,26.324557
2020-07-30 01:00:00,436.0,0.0,0.0,25.9087,436.0,0.0,0.0,23.657594
2020-07-30 02:00:00,436.0,0.0,0.0,24.62179,436.0,0.0,0.0,23.657594
2020-07-30 03:00:00,436.0,0.0,0.0,23.437807,436.0,0.0,0.0,23.657594
2020-07-30 04:00:00,436.0,0.0,0.0,23.437807,436.0,0.0,0.0,23.437807
2020-07-30 05:00:00,436.0,0.0,0.0,23.444698,436.0,0.0,0.0,22.576747
2020-07-30 06:00:00,436.0,0.0,0.0,22.96816,436.0,0.0,0.0,21.287879
2020-07-30 07:00:00,436.0,0.0,0.0,22.732362,436.0,0.0,0.0,21.116411
2020-07-30 08:00:00,436.0,0.0,0.0,22.492854,436.0,0.0,0.0,20.400003
2020-07-30 09:00:00,436.0,0.0,0.0,21.287879,436.0,0.0,0.0,21.288154
2020-07-30 10:00:00,436.0,0.0,0.0,22.516066,436.0,0.0,0.0,22.732362
2020-07-30 11:00:00,436.0,0.0,0.0,22.732362,436.0,0.0,0.0,23.87513
2020-07-30 12:00:00,436.0,0.0,0.0,23.128644,436.0,0.0,0.0,26.429316
2020-07-30 13:00:00,436.0,0.0,0.0,22.516066,436.0,0.0,0.0,26.755559
2020-07-30 14:00:00,436.0,0.0,0.0,22.732362,436.0,0.0,0.0,37.69849
2020-07-30 15:00:00,436.0,0.0,0.0,24.62179,436.0,0.0,0.0,26.429316
2020-07-30 16:00:00,436.0,0.0,0.0,26.755559,436.0,0.0,0.0,32.002519
2020-07-30 17:00:00,436.0,0.0,0.0,27.050889,436.0,0.0,0.0,53.743208
2020-07-30 18:00:00,436.0,0.0,0.0,26.790897,436.0,0.0,0.0,80.857849
2020-07-30 19:00:00,436.0,0.0,0.0,27.276799,436.0,0.0,0.0,78.270499
2020-07-30 20:00:00,436.0,0.0,0.0,27.755129,436.0,0.0,0.0,38.417563
2020-07-30 21:00:00,436.0,0.0,0.0,27.128505,436.0,0.0,0.0,27.050889
2020-07-30 22:00:00,436.0,0.0,0.0,130.530112,436.0,0.0,0.0,28.550979
2020-07-30 23:00:00,436.0,0.0,0.0,130.277405,436.0,0.0,0.0,27.689661
2020-07-31 00:00:00,436.0,0.0,0.0,26.755559,410.0,30.0,0.0,23.206766
2020-07-31 01:00:00,436.0,0.0,0.0,23.444698,424.0,0.0,0.0,21.843654
2020-07-31 02:00:00,436.0,0.0,0.0,21.843654,364.0,0.0,0.0,20.400003
2020-07-31 03:00:00,436.0,0.0,0.0,21.647258,304.0,0.0,0.0,18.072542
2020-07-31 04:00:00,436.0,0.0,0.0,20.400003,284.0,0.0,0.0,18.531796
2020-07-31 05:00:00,436.0,0.0,0.0,20.400003,284.0,0.0,0.0,-0.0
2020-07-31 06:00:00,376.0,0.0,0.0,-0.0,284.0,0.0,0.0,-0.0
2020-07-31 07:00:00,316.0,0.0,0.0,-0.0,284.0,0.0,0.0,-0.0
2020-07-31 08:00:00,284.0,0.0,0.0,15.731586,304.0,0.0,0.0,16.503312
2020-07-31 09:00:00,344.0,0.0,0.0,22.387233,364.0,0.0,0.0,21.116411
2020-07-31 10:00:00,404.0,0.0,0.0,20.400003,424.0,0.0,0.0,22.492854
2020-07-31 11:00:00,436.0,0.0,0.0,21.865875,436.0,0.0,0.0,23.057827
2020-07-31 12:00:00,436.0,0.0,0.0,23.522679,436.0,0.0,0.0,23.437807
2020-07-31 13:00:00,436.0,0.0,0.0,23.522679,436.0,0.0,0.0,26.331445
2020-07-31 14:00:00,436.0,0.0,0.0,22.104741,436.0,0.0,0.0,23.966026
2020-07-31 15:00:00,436.0,0.0,0.0,22.492854,436.0,0.0,0.0,29.141881
2020-07-31 16:00:00,436.0,0.0,0.0,23.437807,436.0,0.0,0.0,26.845129
2020-07-31 17:00:00,436.0,0.0,0.0,25.9087,436.0,0.0,0.0,29.091946
2020-07-31 18:00:00,436.0,0.0,0.0,26.755559,436.0,0.0,0.0,77.062525
2020-07-31 19:00:00,436.0,0.0,0.0,27.274563,436.0,0.0,0.0,102.696793
2020-07-31 20:00:00,436.0,0.0,0.0,27.128505,436.0,0.0,0.0,28.430483
2020-07-31 21:00:00,436.0,0.0,0.0,25.9087,436.0,0.0,0.0,27.128505
2020-07-31 22:00:00,436.0,0.0,0.0,23.128644,436.0,0.0,0.0,26.526465
2020-07-31 23:00:00,436.0,0.0,0.0,23.206766,436.0,0.0,0.0,27.853886
2020-08-01 00:00:00,436.0,0.0,0.0,22.732362,344.0,30.0,0.0,23.444698
2020-08-01 01:00:00,436.0,0.0,0.0,22.576747,404.0,0.0,0.0,22.492854
2020-08-01 02:00:00,436.0,0.0,0.0,21.843654,436.0,0.0,0.0,21.287879
2020-08-01 03:00:00,436.0,0.0,0.0,21.474047,424.0,0.0,0.0,21.116411
2020-08-01 04:00:00,436.0,0.0,0.0,21.647258,364.0,0.0,0.0,21.116411
2020-08-01 05:00:00,436.0,0.0,0.0,21.843654,304.0,0.0,0.0,-0.0
2020-08-01 06:00:00,436.0,0.0,0.0,21.116714,293.190024,0.0,0.0,-0.0
2020-08-01 07:00:00,436.0,0.0,0.0,21.287879,353.190024,0.0,0.0,16.406436
2020-08-01 08:00:00,436.0,0.0,0.0,20.400003,413.190024,0.0,0.0,21.116411
2020-08-01 09:00:00,436.0,0.0,0.0,20.400003,436.0,0.0,0.0,21.647258
2020-08-01 10:00:00,436.0,0.0,0.0,21.116714,436.0,0.0,0.0,22.516066
2020-08-01 11:00:00,436.0,0.0,0.0,21.647258,436.0,0.0,0.0,22.96816
2020-08-01 12:00:00,436.0,0.0,0.0,22.516066,436.0,0.0,0.0,23.128644
2020-08-01 13:00:00,436.0,0.0,0.0,23.128644,436.0,0.0,0.0,25.758899
2020-08-01 14:00:00,436.0,0.0,0.0,23.206766,436.0,0.0,0.0,26.777443
2020-08-01 15:00:00,436.0,0.0,0.0,23.437807,436.0,0.0,0.0,28.179643
2020-08-01 16:00:00,436.0,0.0,0.0,26.324557,436.0,0.0,0.0,27.520033
2020-08-01 17:00:00,436.0,0.0,0.0,26.429316,436.0,0.0,0.0,32.003861
2020-08-01 18:00:00,436.0,0.0,0.0,26.790897,436.0,0.0,0.0,54.946604
2020-08-01 19:00:00,436.0,0.0,0.0,26.755559,436.0,0.0,0.0,80.857849
2020-08-01 20:00:00,436.0,0.0,0.0,25.398215,436.0,0.0,0.0,72.454221
2020-08-01 21:00:00,436.0,0.0,0.0,25.685064,436.0,0.0,0.0,27.274563
2020-08-01 22:00:00,436.0,0.0,0.0,21.513966,436.0,0.0,0.0,28.167381
2020-08-01 23:00:00,436.0,0.0,0.0,23.32182,436.0,0.0,0.0,27.117181
2020-08-02 00:00:00,436.0,0.0,0.0,19.91836,344.0,30.0,0.0,23.206766
2020-08-02 01:00:00,376.0,0.0,0.0,-0.0,404.0,0.0,0.0,21.116714
2020-08-02 02:00:00,316.0,0.0,0.0,-0.0,436.0,0.0,0.0,19.983547
2020-08-02 03:00:00,284.0,0.0,0.0,-0.0,424.0,0.0,0.0,19.983547
2020-08-02 04:00:00,284.0,0.0,0.0,-0.0,364.0,0.0,0.0,19.983547
2020-08-02 05:00:00,284.0,0.0,0.0,-0.0,304.0,0.0,0.0,-0.0
2020-08-02 06:00:00,284.0,0.0,0.0,-0.0,304.0,0.0,0.0,-0.0
2020-08-02 07:00:00,284.0,0.0,0.0,-0.0,304.0,0.0,0.0,-0.0
2020-08-02 08:00:00,284.0,0.0,0.0,-0.0,304.0,0.0,0.0,-0.0
2020-08-02 09:00:00,284.0,0.0,0.0,-0.0,364.0,0.0,0.0,19.983547
2020-08-02 10:00:00,284.0,0.0,0.0,-0.0,424.0,0.0,0.0,22.732362
2020-08-02 11:00:00,284.0,0.0,0.0,-0.0,436.0,0.0,0.0,26.376096
2020-08-02 12:00:00,284.0,0.0,0.0,-0.0,436.0,0.0,0.0,25.953694
2020-08-02 13:00:00,344.0,0.0,0.0,20.918742,436.0,0.0,0.0,25.953694
2020-08-02 14:00:00,404.0,0.0,0.0,21.514375,436.0,0.0,0.0,24.94263
2020-08-02 15:00:00,436.0,0.0,0.0,22.672499,436.0,0.0,0.0,23.969467
2020-08-02 16:00:00,436.0,0.0,0.0,21.514375,436.0,0.0,0.0,24.606765
2020-08-02 17:00:00,436.0,0.0,0.0,21.514375,436.0,0.0,0.0,28.709888
2020-08-02 18:00:00,436.0,0.0,0.0,21.647258,436.0,0.0,0.0,48.380613
2020-08-02 19:00:00,436.0,0.0,0.0,23.128644,436.0,0.0,0.0,78.617288
2020-08-02 20:00:00,436.0,0.0,0.0,23.437807,436.0,0.0,0.0,76.029938
2020-08-02 21:00:00,436.0,0.0,0.0,23.206766,436.0,0.0,0.0,26.845129
2020-08-02 22:00:00,436.0,0.0,0.0,21.647258,436.0,0.0,0.0,26.429316
2020-08-02 23:00:00,436.0,0.0,0.0,21.287879,436.0,0.0,0.0,24.308859
2020-08-03 00:00:00,376.0,0.0,0.0,16.970947,344.0,30.0,0.0,22.576747
2020-08-03 01:00:00,316.0,0.0,0.0,-0.0,404.0,0.0,0.0,22.516066
2020-08-03 02:00:00,284.0,0.0,0.0,-0.0,436.0,0.0,0.0,21.647258
2020-08-03 03:00:00,284.0,0.0,0.0,-0.0,436.0,0.0,0.0,21.647258
2020-08-03 04:00:00,284.0,0.0,0.0,-0.0,436.0,0.0,0.0,22.576747
2020-08-03 05:00:00,284.0,0.0,0.0,-0.0,436.0,0.0,0.0,21.474047
2020-08-03 06:00:00,284.0,0.0,0.0,-0.0,436.0,0.0,0.0,21.287879
2020-08-03 07:00:00,344.0,0.0,0.0,19.983547,436.0,0.0,0.0,21.116714
2020-08-03 08:00:00,404.0,0.0,0.0,19.685338,436.0,0.0,0.0,21.647258
2020-08-03 09:00:00,436.0,0.0,0.0,20.400003,436.0,0.0,0.0,22.492854
2020-08-03 10:00:00,436.0,0.0,0.0,21.287879,436.0,0.0,0.0,22.732362
2020-08-03 11:00:00,436.0,0.0,0.0,21.288154,436.0,0.0,0.0,23.206766
2020-08-03 12:00:00,436.0,0.0,0.0,22.576747,436.0,0.0,0.0,25.9087
2020-08-03 13:00:00,436.0,0.0,0.0,23.128644,436.0,0.0,0.0,26.755559
2020-08-03 14:00:00,436.0,0.0,0.0,24.62179,436.0,0.0,0.0,26.845129
2020-08-03 15:00:00,436.0,0.0,0.0,26.324557,436.0,0.0,0.0,26.845129
2020-08-03 16:00:00,436.0,0.0,0.0,26.429316,436.0,0.0,0.0,27.512564
2020-08-03 17:00:00,436.0,0.0,0.0,26.429316,436.0,0.0,0.0,73.528205
2020-08-03 18:00:00,436.0,0.0,0.0,26.790897,436.0,0.0,0.0,59.349463
2020-08-03 19:00:00,436.0,0.0,0.0,27.128505,436.0,0.0,0.0,77.313264
2020-08-03 20:00:00,436.0,0.0,0.0,27.276799,436.0,0.0,0.0,31.016532
2020-08-03 21:00:00,436.0,0.0,0.0,26.429316,436.0,0.0,0.0,27.589105
2020-08-03 22:00:00,436.0,0.0,0.0,26.755559,436.0,0.0,0.0,27.755129
2020-08-03 23:00:00,436.0,0.0,0.0,25.9087,436.0,0.0,0.0,26.755559
2020-08-04 00:00:00,436.0,0.0,0.0,25.9087,410.0,30.0,0.0,25.9087
2020-08-04 01:00:00,436.0,0.0,0.0,23.657594,436.0,0.0,0.0,23.87513
2020-08-04 02:00:00,436.0,0.0,0.0,23.206766,436.0,0.0,0.0,23.128644
2020-08-04 03:00:00,436.0,0.0,0.0,22.576747,436.0,0.0,0.0,22.732362
2020-08-04 04:00:00,436.0,0.0,0.0,22.516066,436.0,0.0,0.0,23.128644
2020-08-04 05:00:00,436.0,0.0,0.0,22.576747,436.0,0.0,0.0,22.492854
2020-08-04 06:00:00,436.0,0.0,0.0,21.647258,436.0,0.0,0.0,21.288154
2020-08-04 07:00:00,436.0,0.0,0.0,21.647258,436.0,0.0,0.0,19.983547
2020-08-04 08:00:00,436.0,0.0,0.0,21.647258,436.0,0.0,0.0,19.983547
2020-08-04 09:00:00,436.0,0.0,0.0,21.647258,406.167966,0.0,0.0,18.531796
2020-08-04 10:00:00,436.0,0.0,0.0,21.116714,436.0,0.0,0.0,19.430296
2020-08-04 11:00:00,436.0,0.0,0.0,21.287879,436.0,0.0,0.0,21.287879
2020-08-04 12:00:00,436.0,0.0,0.0,22.576747,436.0,0.0,0.0,22.516066
2020-08-04 13:00:00,436.0,0.0,0.0,22.492854,436.0,0.0,0.0,23.437807
2020-08-04 14:00:00,436.0,0.0,0.0,22.492854,436.0,0.0,0.0,24.795489
2020-08-04 15:00:00,436.0,0.0,0.0,22.96816,436.0,0.0,0.0,26.755559
2020-08-04 16:00:00,436.0,0.0,0.0,23.128644,436.0,0.0,0.0,70.652515
2020-08-04 17:00:00,436.0,0.0,0.0,22.516066,436.0,0.0,0.0,76.240957
2020-08-04 18:00:00,436.0,0.0,0.0,24.62179,436.0,0.0,0.0,27.128505
2020-08-04 19:00:00,436.0,0.0,0.0,23.437807,436.0,0.0,0.0,27.128505
2020-08-04 20:00:00,436.0,0.0,0.0,21.413908,436.0,0.0,0.0,32.076113
2020-08-04 21:00:00,436.0,0.0,0.0,21.413908,436.0,0.0,0.0,22.566788
2020-08-04 22:00:00,436.0,0.0,0.0,22.492854,436.0,0.0,0.0,25.366777
2020-08-04 23:00:00,436.0,0.0,0.0,22.516066,436.0,0.0,0.0,27.171588
2020-08-05 00:00:00,436.0,0.0,0.0,21.474047,344.0,30.0,0.0,23.437807
2020-08-05 01:00:00,436.0,0.0,0.0,21.474047,404.0,0.0,0.0,23.128644
2020-08-05 02:00:00,436.0,0.0,0.0,21.116411,436.0,0.0,0.0,23.128644
2020-08-05 03:00:00,436.0,0.0,0.0,19.983547,436.0,0.0,0.0,23.128644
2020-08-05 04:00:00,436.0,0.0,0.0,20.400003,436.0,0.0,0.0,22.516066
2020-08-05 05:00:00,436.0,0.0,0.0,19.983547,436.0,0.0,0.0,21.116714
2020-08-05 06:00:00,436.0,0.0,0.0,21.116411,376.0,0.0,0.0,16.970947
2020-08-05 07:00:00,436.0,0.0,0.0,21.288154,430.726573,0.0,0.0,18.531796
2020-08-05 08:00:00,436.0,0.0,0.0,21.288154,436.0,0.0,0.0,19.685338
2020-08-05 09:00:00,436.0,0.0,0.0,21.287879,436.0,0.0,0.0,21.287879
2020-08-05 10:00:00,436.0,0.0,0.0,22.492854,436.0,0.0,0.0,22.576747
2020-08-05 11:00:00,436.0,0.0,0.0,22.576747,436.0,0.0,0.0,25.614255
2020-08-05 12:00:00,436.0,0.0,0.0,22.732362,436.0,0.0,0.0,26.876563
2020-08-05 13:00:00,436.0,0.0,0.0,23.437807,436.0,0.0,0.0,28.191067
2020-08-05 14:00:00,436.0,0.0,0.0,23.437807,436.0,0.0,0.0,27.582425
2020-08-05 15:00:00,436.0,0.0,0.0,25.9087,436.0,0.0,0.0,28.777846
2020-08-05 16:00:00,436.0,0.0,0.0,26.429316,436.0,0.0,0.0,36.940234
2020-08-05 17:00:00,436.0,0.0,0.0,26.755559,436.0,1.310964,0.0,78.331351
2020-08-05 18:00:00,436.0,0.0,0.0,27.128505,436.0,3.093545,0.0,74.439976
2020-08-05 19:00:00,436.0,0.0,0.0,27.276799,436.0,0.0,0.0,64.889036
2020-08-05 20:00:00,436.0,0.0,0.0,27.755129,436.0,0.0,0.0,31.033723
2020-08-05 21:00:00,436.0,0.0,0.0,27.050889,436.0,0.0,0.0,27.755129
2020-08-05 22:00:00,436.0,0.0,0.0,26.429316,436.0,0.0,0.0,29.049332
2020-08-05 23:00:00,436.0,0.0,0.0,26.790897,436.0,0.0,0.0,27.64939
2020-08-06 00:00:00,436.0,0.0,0.0,26.324557,410.0,30.0,0.0,25.9087
2020-08-06 01:00:00,436.0,0.0,0.0,23.657594,436.0,0.0,0.0,23.657594
2020-08-06 02:00:00,436.0,0.0,0.0,23.437807,436.0,0.0,0.0,23.437807
2020-08-06 03:00:00,436.0,0.0,0.0,23.206766,436.0,0.0,0.0,23.87513
2020-08-06 04:00:00,436.0,0.0,0.0,23.206766,436.0,0.0,0.0,23.657594
2020-08-06 05:00:00,436.0,0.0,0.0,23.206766,436.0,0.0,0.0,22.576747
2020-08-06 06:00:00,436.0,0.0,0.0,22.576747,436.0,0.0,0.0,21.116714
2020-08-06 07:00:00,436.0,0.0,0.0,22.492854,436.0,0.0,0.0,19.983547
2020-08-06 08:00:00,436.0,0.0,0.0,21.843654,436.0,0.0,0.0,19.685338
2020-08-06 09:00:00,436.0,0.0,0.0,22.576747,436.0,0.0,0.0,20.400003
2020-08-06 10:00:00,436.0,0.0,0.0,23.128644,436.0,0.0,0.0,21.288154
2020-08-06 11:00:00,436.0,0.0,0.0,23.87513,436.0,0.0,0.0,22.516066
2020-08-06 12:00:00,436.0,0.0,0.0,26.324557,436.0,0.0,0.0,23.128644
2020-08-06 13:00:00,436.0,0.0,0.0,126.755559,436.0,0.0,0.0,25.9087
2020-08-06 14:00:00,436.0,0.0,0.0,26.324557,436.0,0.0,0.0,28.270394
2020-08-06 15:00:00,436.0,0.0,0.0,25.9087,436.0,0.0,0.0,27.075844
2020-08-06 16:00:00,436.0,0.0,0.0,26.324557,436.0,0.0,0.0,27.545542
2020-08-06 17:00:00,436.0,0.0,0.0,25.9087,436.0,0.0,0.0,59.615663
2020-08-06 18:00:00,436.0,0.0,0.0,26.429316,436.0,0.0,0.0,27.755129
2020-08-06 19:00:00,436.0,0.0,0.0,26.790897,436.0,0.0,0.0,81.163241
2020-08-06 20:00:00,436.0,0.0,0.0,27.050889,436.0,0.0,0.0,72.454221
2020-08-06 21:00:00,436.0,0.0,0.0,26.790897,436.0,0.0,0.0,27.779553
2020-08-06 22:00:00,436.0,0.0,0.0,25.9087,436.0,0.0,0.0,28.005738
2020-08-06 23:00:00,436.0,0.0,0.0,23.128644,436.0,0.0,0.0,26.51466
2020-08-07 00:00:00,436.0,0.0,0.0,22.732362,344.0,30.0,0.0,23.128644
2020-08-07 01:00:00,436.0,0.0,0.0,22.732362,404.0,0.0,0.0,23.128644
2020-08-07 02:00:00,436.0,0.0,0.0,23.128644,436.0,0.0,0.0,23.128644
2020-08-07 03:00:00,436.0,0.0,0.0,22.732362,436.0,0.0,0.0,23.128644
2020-08-07 04:00:00,436.0,0.0,0.0,22.732362,436.0,0.0,0.0,23.128644
2020-08-07 05:00:00,436.0,0.0,0.0,22.732362,436.0,0.0,0.0,21.474047
2020-08-07 06:00:00,436.0,0.0,0.0,21.116411,436.0,0.0,0.0,19.983547
2020-08-07 07:00:00,436.0,0.0,0.0,19.430296,436.0,0.0,0.0,19.430296
2020-08-07 08:00:00,425.194097,0.0,0.0,18.531796,436.0,0.0,0.0,19.983547
2020-08-07 09:00:00,365.194097,0.0,0.0,-0.0,436.0,0.0,0.0,18.573789
2020-08-07 10:00:00,305.194097,0.0,0.0,18.463561,436.0,0.0,0.0,19.430296
2020-08-07 11:00:00,307.304335,0.0,0.0,18.531796,436.0,0.0,0.0,19.430296
2020-08-07 12:00:00,284.0,0.0,0.0,18.463561,436.0,0.0,0.0,19.983547
2020-08-07 13:00:00,344.0,0.0,0.0,19.983547,436.0,0.0,0.0,21.647258
2020-08-07 14:00:00,404.0,0.0,0.0,21.474047,436.0,0.0,0.0,23.206766
2020-08-07 15:00:00,436.0,0.0,0.0,22.516066,436.0,0.0,0.0,24.62179
2020-08-07 16:00:00,436.0,0.0,0.0,23.437807,436.0,0.0,0.0,26.845129
2020-08-07 17:00:00,436.0,0.0,0.0,24.62179,436.0,0.0,0.0,28.689428
2020-08-07 18:00:00,436.0,0.0,0.0,26.845129,436.0,0.0,0.0,75.799899
2020-08-07 19:00:00,436.0,0.0,0.0,27.755129,436.0,0.0,0.0,74.049254
2020-08-07 20:00:00,436.0,0.0,0.0,27.276799,436.0,0.0,0.0,27.755129
2020-08-07 21:00:00,436.0,0.0,0.0,26.845129,436.0,0.0,0.0,26.125922
2020-08-07 22:00:00,436.0,0.0,0.0,27.274616,436.0,0.0,0.0,24.996908
2020-08-07 23:00:00,436.0,0.0,0.0,130.277405,436.0,0.0,0.0,25.238948
2020-08-08 00:00:00,436.0,0.0,0.0,26.755559,410.0,30.0,0.0,23.128644
2020-08-08 01:00:00,436.0,0.0,0.0,26.324557,436.0,0.0,0.0,23.437807
2020-08-08 02:00:00,436.0,0.0,0.0,26.324557,436.0,0.0,0.0,23.437807
2020-08-08 03:00:00,436.0,0.0,0.0,23.87513,436.0,0.0,0.0,23.437807
2020-08-08 04:00:00,436.0,0.0,0.0,25.758899,436.0,0.0,0.0,23.437807
2020-08-08 05:00:00,436.0,0.0,0.0,23.657594,436.0,0.0,0.0,21.647258
2020-08-08 06:00:00,436.0,0.0,0.0,22.185841,376.215078,0.0,0.0,19.983547
2020-08-08 07:00:00,436.0,0.0,0.0,19.983547,316.215078,0.0,0.0,17.038053
2020-08-08 08:00:00,376.0,0.0,0.0,16.970947,376.215078,0.0,0.0,18.573789
2020-08-08 09:00:00,325.146791,0.0,0.0,18.531796,436.0,0.0,0.0,19.430296
2020-08-08 10:00:00,385.146791,0.0,0.0,19.983547,436.0,0.0,0.0,21.116714
2020-08-08 11:00:00,436.0,0.0,0.0,20.846138,436.0,0.0,0.0,21.474047
2020-08-08 12:00:00,436.0,0.0,0.0,21.288154,436.0,0.0,0.0,22.96816
2020-08-08 13:00:00,436.0,0.0,0.0,21.647258,436.0,0.0,0.0,26.250812
2020-08-08 14:00:00,436.0,0.0,0.0,22.492854,436.0,0.0,0.0,26.715746
2020-08-08 15:00:00,436.0,0.0,0.0,22.732362,436.0,0.0,0.0,26.755559
2020-08-08 16:00:00,436.0,0.0,0.0,23.657594,436.0,0.0,0.0,27.050889
2020-08-08 17:00:00,436.0,0.0,0.0,26.324557,436.0,0.0,0.0,78.617288
2020-08-08 18:00:00,436.0,0.0,0.0,27.128505,436.0,0.0,0.0,74.725914
2020-08-08 19:00:00,436.0,0.0,0.0,27.128505,436.0,0.0,0.0,50.949998
2020-08-08 20:00:00,436.0,0.0,0.0,27.128505,436.0,0.0,0.0,28.615019
2020-08-08 21:00:00,436.0,0.0,0.0,27.050889,436.0,0.0,0.0,27.274616
2020-08-08 22:00:00,436.0,0.0,0.0,26.790897,436.0,0.0,0.0,26.845129
2020-08-08 23:00:00,436.0,0.0,0.0,24.62179,436.0,0.0,0.0,26.830237
2020-08-09 00:00:00,436.0,0.0,0.0,25.758899,372.703575,30.0,0.0,26.324557
2020-08-09 01:00:00,436.0,0.0,0.0,23.206766,432.703575,0.0,0.0,23.844252
2020-08-09 02:00:00,436.0,0.0,0.0,23.128644,436.0,0.0,0.0,23.437807
2020-08-09 03:00:00,436.0,0.0,0.0,22.732362,436.0,0.0,0.0,23.206766
2020-08-09 04:00:00,436.0,0.0,0.0,22.576747,436.0,0.0,0.0,23.128644
2020-08-09 05:00:00,436.0,0.0,0.0,22.492854,376.0,0.0,0.0,21.116411
2020-08-09 06:00:00,436.0,0.0,0.0,19.983547,316.0,0.0,0.0,15.947182
2020-08-09 07:00:00,376.0,0.0,0.0,-0.0,284.0,0.0,0.0,-0.0
2020-08-09 08:00:00,316.0,0.0,0.0,-0.0,284.0,0.0,0.0,-0.0
2020-08-09 09:00:00,284.0,0.0,0.0,-0.0,298.258676,0.0,0.0,15.731586
2020-08-09 10:00:00,338.212389,0.0,0.0,18.531796,358.258676,0.0,0.0,19.685338
2020-08-09 11:00:00,398.212389,0.0,0.0,19.983547,418.258676,0.0,0.0,21.287879
2020-08-09 12:00:00,436.0,0.0,0.0,21.116714,436.0,0.0,0.0,22.576747
2020-08-09 13:00:00,436.0,0.0,0.0,22.492854,436.0,0.0,0.0,23.437807
2020-08-09 14:00:00,436.0,0.0,0.0,22.185841,436.0,0.0,0.0,26.378304
2020-08-09 15:00:00,436.0,0.0,0.0,23.444698,436.0,0.0,0.0,28.052929
2020-08-09 16:00:00,436.0,0.0,0.0,23.87513,436.0,0.0,0.0,27.308739
2020-08-09 17:00:00,436.0,0.0,0.0,25.9087,436.0,0.0,0.0,77.228971
2020-08-09 18:00:00,436.0,0.0,0.0,26.790897,436.0,0.0,0.0,72.148829
2020-08-09 19:00:00,436.0,0.0,0.0,26.845129,436.0,0.0,0.0,62.499256
2020-08-09 20:00:00,436.0,0.0,0.0,27.128505,436.0,0.0,0.0,29.768419
2020-08-09 21:00:00,436.0,0.0,0.0,26.845129,436.0,0.0,0.0,27.589105
2020-08-09 22:00:00,436.0,0.0,0.0,26.790897,436.0,0.0,0.0,27.274616
2020-08-09 23:00:00,436.0,0.0,0.0,23.444698,436.0,0.0,0.0,28.167355
2020-08-10 00:00:00,436.0,0.0,0.0,23.87513,390.495417,30.0,0.0,26.324557
2020-08-10 01:00:00,436.0,0.0,0.0,23.206766,436.0,0.0,0.0,23.444698
2020-08-10 02:00:00,436.0,0.0,0.0,22.732362,436.0,0.0,0.0,23.206766
2020-08-10 03:00:00,436.0,0.0,0.0,22.576747,436.0,0.0,0.0,23.206766
2020-08-10 04:00:00,436.0,0.0,0.0,22.492854,436.0,0.0,0.0,23.437807
2020-08-10 05:00:00,436.0,0.0,0.0,23.128644,436.0,0.0,0.0,21.843654
2020-08-10 06:00:00,436.0,0.0,0.0,21.843654,436.0,0.0,0.0,21.474047
2020-08-10 07:00:00,436.0,0.0,0.0,22.492854,436.0,0.0,0.0,21.647258
2020-08-10 08:00:00,436.0,0.0,0.0,22.732362,436.0,0.0,0.0,21.474047
2020-08-10 09:00:00,436.0,0.0,0.0,23.128644,436.0,0.0,0.0,22.492854
2020-08-10 10:00:00,436.0,0.0,0.0,23.128644,436.0,0.0,0.0,22.96816
2020-08-10 11:00:00,436.0,0.0,0.0,26.324557,436.0,0.0,0.0,28.649789
2020-08-10 12:00:00,436.0,0.0,0.0,23.87513,436.0,0.0,0.0,27.024041
2020-08-10 13:00:00,436.0,0.0,0.0,22.516066,436.0,0.0,0.0,28.806394
2020-08-10 14:00:00,436.0,0.0,0.0,23.206766,436.0,0.0,0.0,27.016887
2020-08-10 15:00:00,436.0,0.0,0.0,19.221077,436.0,0.0,0.0,26.845129
2020-08-10 16:00:00,436.0,0.0,0.0,23.87513,436.0,0.0,0.0,32.927518
2020-08-10 17:00:00,436.0,0.0,0.0,26.755559,436.0,0.0,0.0,81.354705
2020-08-10 18:00:00,436.0,0.0,0.0,26.845129,436.0,0.0,0.0,78.575891
2020-08-10 19:00:00,436.0,0.0,0.0,18.576375,436.0,0.0,0.0,57.959394
2020-08-10 20:00:00,436.0,0.0,0.0,25.9087,436.0,0.0,0.0,26.755559
2020-08-10 21:00:00,436.0,0.0,0.0,22.732362,436.0,0.0,0.0,28.832537
2020-08-10 22:00:00,436.0,0.0,0.0,26.429316,436.0,0.0,0.0,23.357403
2020-08-10 23:00:00,436.0,0.0,0.0,26.429316,436.0,0.0,0.0,28.306186
2020-08-11 00:00:00,436.0,0.0,0.0,22.516066,410.0,30.0,0.0,24.40131
2020-08-11 01:00:00,436.0,0.0,0.0,26.324557,436.0,0.0,0.0,23.437807
2020-08-11 02:00:00,436.0,0.0,0.0,22.732362,424.0,0.0,0.0,21.647258
2020-08-11 03:00:00,436.0,0.0,0.0,23.444698,364.0,0.0,0.0,19.153665
2020-08-11 04:00:00,436.0,0.0,0.0,22.492854,304.0,0.0,0.0,14.731342
2020-08-11 05:00:00,436.0,0.0,0.0,22.576747,296.4,0.0,0.0,-0.0
2020-08-11 06:00:00,436.0,0.0,0.0,22.185841,296.4,0.0,0.0,-0.0
2020-08-11 07:00:00,436.0,0.0,0.0,21.116714,296.4,0.0,0.0,-0.0
2020-08-11 08:00:00,436.0,0.0,0.0,21.116411,304.0,0.0,0.0,-0.0
2020-08-11 09:00:00,436.0,0.0,0.0,21.843654,364.0,0.0,0.0,22.487163
2020-08-11 10:00:00,436.0,0.0,0.0,23.128644,424.0,0.0,0.0,23.196973
2020-08-11 11:00:00,436.0,0.0,0.0,125.758899,436.0,0.0,0.0,25.651515
2020-08-11 12:00:00,436.0,0.0,0.0,125.9087,436.0,0.0,0.0,27.141039
2020-08-11 13:00:00,436.0,0.0,0.0,26.324557,436.0,0.0,0.0,26.937061
2020-08-11 14:00:00,436.0,0.0,0.0,26.324557,436.0,0.0,0.0,26.99436
2020-08-11 15:00:00,436.0,0.0,0.0,26.324557,436.0,0.0,0.0,27.122996
2020-08-11 16:00:00,436.0,0.0,0.0,26.324557,436.0,0.0,0.0,52.543763
2020-08-11 17:00:00,436.0,0.0,0.0,25.758899,436.0,0.0,0.0,127.698761
2020-08-11 18:00:00,436.0,0.0,0.0,25.685064,436.0,0.0,0.0,27.050889
2020-08-11 19:00:00,436.0,0.0,0.0,24.546852,436.0,0.0,0.0,33.104617
2020-08-11 20:00:00,436.0,0.0,0.0,23.366674,436.0,0.0,0.0,28.313525
2020-08-11 21:00:00,436.0,0.0,0.0,25.935476,436.0,0.0,0.0,25.9087
2020-08-11 22:00:00,436.0,0.0,0.0,21.801606,436.0,0.0,0.0,26.247191
2020-08-11 23:00:00,436.0,0.0,0.0,21.168781,436.0,0.0,0.0,24.256419
2020-08-12 00:00:00,436.0,0.0,0.0,21.116411,344.0,30.0,0.0,23.128644
2020-08-12 01:00:00,436.0,0.0,0.0,21.116714,404.0,0.0,0.0,21.647258
2020-08-12 02:00:00,436.0,0.0,0.0,19.983547,436.0,0.0,0.0,21.116714
2020-08-12 03:00:00,376.0,0.0,0.0,15.731586,436.0,0.0,0.0,21.474047
2020-08-12 04:00:00,364.193333,0.0,0.0,18.531796,436.0,0.0,0.0,21.647258
2020-08-12 05:00:00,404.984359,0.0,0.0,18.531796,436.0,0.0,0.0,21.116411
2020-08-12 06:00:00,344.984359,0.0,0.0,16.970947,436.0,0.0,0.0,19.983547
2020-08-12 07:00:00,318.873582,0.0,0.0,18.531796,436.0,0.0,0.0,21.647258
2020-08-12 08:00:00,378.873582,0.0,0.0,23.455194,436.0,0.0,0.0,23.206766
2020-08-12 09:00:00,322.87008,0.0,0.0,18.531796,436.0,0.0,0.0,26.254233
2020-08-12 10:00:00,382.87008,0.0,0.0,19.983547,436.0,0.0,0.0,27.406734
2020-08-12 11:00:00,436.0,0.0,0.0,27.384687,436.0,0.0,0.0,26.108387
2020-08-12 12:00:00,436.0,0.0,0.0,27.384687,436.0,0.0,0.0,29.978934
2020-08-12 13:00:00,436.0,0.0,0.0,24.343485,436.0,0.0,0.0,33.932852
2020-08-12 14:00:00,436.0,0.0,0.0,21.647258,436.0,0.0,0.0,46.162858
2020-08-12 15:00:00,436.0,0.0,0.0,22.576747,436.0,0.0,0.0,27.276799
2020-08-12 16:00:00,436.0,0.0,0.0,22.732362,436.0,0.0,0.0,74.755633
2020-08-12 17:00:00,436.0,0.0,0.0,24.62179,436.0,0.0,0.0,29.54994
2020-08-12 18:00:00,436.0,0.0,0.0,26.818284,436.0,0.0,0.0,74.213651
2020-08-12 19:00:00,436.0,0.0,0.0,27.274616,436.0,0.0,0.0,77.464888
2020-08-12 20:00:00,436.0,0.0,0.0,27.274563,436.0,0.0,0.0,40.160319
2020-08-12 21:00:00,436.0,0.0,0.0,26.755559,436.0,0.0,0.0,30.277405
2020-08-12 22:00:00,436.0,0.0,0.0,26.429316,436.0,0.0,0.0,28.416997
2020-08-12 23:00:00,436.0,0.0,0.0,23.657594,436.0,0.0,0.0,28.027111
2020-08-13 00:00:00,436.0,0.0,0.0,22.516066,344.0,30.0,0.0,24.62179
2020-08-13 01:00:00,436.0,0.0,0.0,21.287879,404.0,0.0,0.0,23.437807
2020-08-13 02:00:00,436.0,0.0,0.0,20.400003,436.0,0.0,0.0,21.843654
2020-08-13 03:00:00,436.0,0.0,0.0,20.400003,436.0,0.0,0.0,21.843654
2020-08-13 04:00:00,436.0,0.0,0.0,21.288154,436.0,0.0,0.0,22.732362
2020-08-13 05:00:00,436.0,0.0,0.0,21.843654,436.0,0.0,0.0,21.843654
2020-08-13 06:00:00,436.0,0.0,0.0,21.474047,436.0,0.0,0.0,21.287879
2020-08-13 07:00:00,436.0,0.0,0.0,21.287879,436.0,0.0,0.0,21.647258
2020-08-13 08:00:00,436.0,0.0,0.0,21.647258,436.0,0.0,0.0,22.516066
2020-08-13 09:00:00,436.0,0.0,0.0,21.647258,436.0,0.0,0.0,23.206766
2020-08-13 10:00:00,436.0,0.0,0.0,22.185841,436.0,0.0,0.0,25.9087
2020-08-13 11:00:00,436.0,0.0,0.0,21.843654,436.0,0.0,0.0,29.978918
2020-08-13 12:00:00,436.0,0.0,0.0,22.185841,436.0,0.0,0.0,32.807375
2020-08-13 13:00:00,436.0,0.0,0.0,21.671251,436.0,0.0,0.0,37.858572
2020-08-13 14:00:00,436.0,0.0,0.0,21.843654,436.0,0.0,0.0,67.023172
2020-08-13 15:00:00,436.0,0.0,0.0,22.516066,436.0,0.0,0.0,71.860839
2020-08-13 16:00:00,436.0,0.0,0.0,21.132547,436.0,0.0,0.0,78.617288
2020-08-13 17:00:00,436.0,0.0,0.0,22.576747,436.0,0.0,0.0,26.905612
2020-08-13 18:00:00,436.0,0.0,0.0,23.437807,436.0,0.0,0.0,46.429861
2020-08-13 19:00:00,436.0,0.0,0.0,25.150024,436.0,0.0,0.0,37.635234
2020-08-13 20:00:00,436.0,0.0,0.0,23.366674,436.0,0.0,0.0,37.25211
2020-08-13 21:00:00,436.0,0.0,0.0,21.801606,436.0,0.0,0.0,25.917542
2020-08-13 22:00:00,436.0,0.0,0.0,21.99146,436.0,0.0,0.0,24.223902
2020-08-13 23:00:00,436.0,0.0,0.0,126.755559,436.0,0.0,0.0,22.441135
2020-08-14 00:00:00,436.0,0.0,0.0,23.444698,410.0,30.0,0.0,23.437807
2020-08-14 01:00:00,436.0,0.0,0.0,22.185841,436.0,0.0,0.0,22.492854
2020-08-14 02:00:00,436.0,0.0,0.0,21.116714,436.0,0.0,0.0,19.983547
2020-08-14 03:00:00,422.290908,0.0,0.0,18.531796,436.0,0.0,0.0,21.116411
2020-08-14 04:00:00,407.576136,0.0,0.0,18.531796,436.0,0.0,0.0,20.846138
2020-08-14 05:00:00,436.0,0.0,0.0,19.983547,403.595631,0.0,0.0,19.430296
2020-08-14 06:00:00,436.0,0.0,0.0,19.983547,343.595631,0.0,0.0,17.633297
2020-08-14 07:00:00,376.0,0.0,0.0,18.463561,372.185965,0.0,0.0,15.309109
2020-08-14 08:00:00,436.0,0.0,0.0,19.983547,432.185965,0.0,0.0,21.754484
2020-08-14 09:00:00,436.0,0.0,0.0,21.288154,436.0,0.0,0.0,21.647258
2020-08-14 10:00:00,436.0,0.0,0.0,21.647258,436.0,0.0,0.0,26.895967
2020-08-14 11:00:00,436.0,0.0,0.0,22.96816,436.0,0.0,0.0,26.733131
2020-08-14 12:00:00,436.0,0.0,0.0,22.732362,436.0,0.0,0.0,28.044469
2020-08-14 13:00:00,436.0,0.0,0.0,23.437807,436.0,0.0,0.0,32.106216
2020-08-14 14:00:00,436.0,0.0,0.0,23.437807,436.0,0.0,0.0,35.950507
2020-08-14 15:00:00,436.0,0.0,0.0,25.9087,436.0,0.0,0.0,35.450437
2020-08-14 16:00:00,436.0,0.0,0.0,26.324557,436.0,0.0,0.0,37.431639
2020-08-14 17:00:00,436.0,0.0,0.0,26.267006,436.0,0.0,0.0,81.354705
2020-08-14 18:00:00,436.0,0.0,0.0,26.429316,436.0,0.0,0.0,78.575891
2020-08-14 19:00:00,436.0,0.0,0.0,26.429316,436.0,0.0,0.0,61.503599
2020-08-14 20:00:00,436.0,0.0,0.0,24.546852,436.0,0.0,0.0,34.84262
2020-08-14 21:00:00,436.0,0.0,0.0,22.497642,436.0,0.0,0.0,26.678041
2020-08-14 22:00:00,436.0,0.0,0.0,22.566788,436.0,0.0,0.0,28.782919
2020-08-14 23:00:00,436.0,0.0,0.0,21.62631,436.0,0.0,0.0,23.366674
2020-08-15 00:00:00,436.0,0.0,0.0,22.441135,344.0,30.0,0.0,23.111065
2020-08-15 01:00:00,436.0,0.0,0.0,21.99146,404.0,0.0,0.0,21.801606
2020-08-15 02:00:00,436.0,0.0,0.0,20.23509,436.0,0.0,0.0,21.096593
2020-08-15 03:00:00,436.0,0.0,0.0,19.91836,436.0,0.0,0.0,21.647258
2020-08-15 04:00:00,436.0,0.0,0.0,21.474047,436.0,0.0,0.0,21.843654
2020-08-15 05:00:00,436.0,0.0,0.0,21.474047,424.0,0.0,0.0,21.116411
2020-08-15 06:00:00,436.0,0.0,0.0,19.983547,364.0,0.0,0.0,16.970947
2020-08-15 07:00:00,376.0,0.0,0.0,-0.0,304.0,0.0,0.0,-0.0
2020-08-15 08:00:00,436.0,0.0,0.0,19.430296,364.0,0.0,0.0,19.430296
2020-08-15 09:00:00,436.0,0.0,0.0,18.573789,424.0,0.0,0.0,19.983547
2020-08-15 10:00:00,436.0,0.0,0.0,19.685338,436.0,0.0,0.0,21.288154
2020-08-15 11:00:00,436.0,0.0,0.0,21.116714,436.0,0.0,0.0,22.516066
2020-08-15 12:00:00,436.0,0.0,0.0,21.843654,436.0,0.0,0.0,23.437807
2020-08-15 13:00:00,436.0,0.0,0.0,22.96816,436.0,0.0,0.0,26.429316
2020-08-15 14:00:00,436.0,0.0,0.0,23.128644,436.0,0.0,0.0,28.173588
2020-08-15 15:00:00,436.0,0.0,0.0,23.128644,436.0,0.0,0.0,27.050889
2020-08-15 16:00:00,436.0,0.0,0.0,23.444698,436.0,0.0,0.0,27.369068
2020-08-15 17:00:00,436.0,0.0,0.0,24.62179,436.0,0.0,0.0,61.867904
2020-08-15 18:00:00,436.0,0.0,0.0,26.755559,436.0,0.0,0.0,77.313264
2020-08-15 19:00:00,436.0,0.0,0.0,26.790897,436.0,0.0,0.0,72.454221
2020-08-15 20:00:00,436.0,0.0,0.0,26.845129,436.0,0.0,0.0,30.296082
2020-08-15 21:00:00,436.0,0.0,0.0,26.429316,436.0,0.0,0.0,27.274616
2020-08-15 22:00:00,436.0,0.0,0.0,25.758899,436.0,0.0,0.0,28.167366
2020-08-15 23:00:00,436.0,0.0,0.0,26.790897,436.0,0.0,0.0,26.148367
2020-08-16 00:00:00,436.0,0.0,0.0,26.324557,410.0,30.0,0.0,23.437807
2020-08-16 01:00:00,436.0,0.0,0.0,23.437807,436.0,0.0,0.0,23.206766
2020-08-16 02:00:00,436.0,0.0,0.0,22.96816,436.0,0.0,0.0,23.128644
2020-08-16 03:00:00,436.0,0.0,0.0,22.576747,436.0,0.0,0.0,23.128644
2020-08-16 04:00:00,436.0,0.0,0.0,22.516066,436.0,0.0,0.0,22.732362
2020-08-16 05:00:00,436.0,0.0,0.0,21.647258,424.0,0.0,0.0,21.474047
2020-08-16 06:00:00,436.0,0.0,0.0,19.685338,364.0,0.0,0.0,18.573789
2020-08-16 07:00:00,377.97417,0.0,0.0,18.531796,304.0,0.0,0.0,-0.0
2020-08-16 08:00:00,386.870117,0.0,0.0,18.531796,316.0,0.0,0.0,16.970947
2020-08-16 09:00:00,436.0,0.0,0.0,19.430296,376.0,0.0,0.0,19.430296
2020-08-16 10:00:00,436.0,0.0,0.0,18.573789,436.0,0.0,0.0,20.846138
2020-08-16 11:00:00,436.0,0.0,0.0,20.400003,436.0,0.0,0.0,22.492854
2020-08-16 12:00:00,436.0,0.0,0.0,21.647258,436.0,0.0,0.0,23.128644
2020-08-16 13:00:00,436.0,0.0,0.0,23.128644,436.0,0.0,0.0,25.9087
2020-08-16 14:00:00,436.0,0.0,0.0,23.133217,436.0,0.0,0.0,27.520635
2020-08-16 15:00:00,436.0,0.0,0.0,23.128644,436.0,0.0,0.0,27.88401
2020-08-16 16:00:00,436.0,0.0,0.0,23.87513,436.0,0.0,0.0,27.211337
2020-08-16 17:00:00,436.0,0.0,0.0,25.9087,436.0,0.0,0.0,51.095489
2020-08-16 18:00:00,436.0,0.0,0.0,26.845129,436.0,0.0,0.0,76.029938
2020-08-16 19:00:00,436.0,0.0,0.0,27.128505,436.0,0.0,0.0,81.354705
2020-08-16 20:00:00,436.0,0.0,0.0,27.755129,436.0,0.0,0.0,32.795314
2020-08-16 21:00:00,436.0,0.0,0.0,26.845129,436.0,0.0,0.0,27.755129
2020-08-16 22:00:00,436.0,0.0,0.0,26.755559,436.0,0.0,0.0,28.17802
2020-08-16 23:00:00,436.0,0.0,0.0,25.9087,436.0,0.0,0.0,27.325222
2020-08-17 00:00:00,436.0,0.0,0.0,23.437807,410.0,30.0,0.0,23.437807
2020-08-17 01:00:00,436.0,0.0,0.0,23.444698,436.0,0.0,0.0,23.206766
2020-08-17 02:00:00,436.0,0.0,0.0,23.437807,436.0,0.0,0.0,23.128644
2020-08-17 03:00:00,436.0,0.0,0.0,23.206766,436.0,0.0,0.0,23.206766
2020-08-17 04:00:00,436.0,0.0,0.0,23.437807,436.0,0.0,0.0,24.62179
2020-08-17 05:00:00,436.0,0.0,0.0,23.87513,436.0,0.0,0.0,23.206766
2020-08-17 06:00:00,436.0,0.0,0.0,23.128644,436.0,0.0,0.0,21.843654
2020-08-17 07:00:00,436.0,0.0,0.0,22.576747,436.0,0.0,0.0,21.647258
2020-08-17 08:00:00,436.0,0.0,0.0,21.647258,436.0,0.0,0.0,21.116714
2020-08-17 09:00:00,436.0,0.0,0.0,22.576747,436.0,0.0,0.0,21.843654
2020-08-17 10:00:00,436.0,0.0,0.0,22.576747,436.0,0.0,0.0,23.128644
2020-08-17 11:00:00,436.0,0.0,0.0,23.128644,436.0,0.0,0.0,24.62179
2020-08-17 12:00:00,436.0,0.0,0.0,23.437807,436.0,0.0,0.0,26.711315
2020-08-17 13:00:00,436.0,0.0,0.0,23.437807,436.0,0.0,0.0,28.277127
2020-08-17 14:00:00,436.0,0.0,0.0,23.206766,436.0,0.0,0.0,28.015956
2020-08-17 15:00:00,436.0,0.0,0.0,25.9087,436.0,0.0,0.0,27.369148
2020-08-17 16:00:00,436.0,0.0,0.0,26.429316,436.0,0.0,0.0,28.185272
2020-08-17 17:00:00,436.0,0.0,0.0,26.429316,436.0,0.0,0.0,81.163241
2020-08-17 18:00:00,436.0,0.0,0.0,27.274563,436.0,0.0,0.0,78.575891
2020-08-17 19:00:00,436.0,0.0,0.0,27.276799,436.0,0.0,0.0,51.112902
2020-08-17 20:00:00,436.0,0.0,0.0,27.276799,436.0,0.0,0.0,30.070423
2020-08-17 21:00:00,436.0,0.0,0.0,27.276799,436.0,0.0,0.0,27.351371
2020-08-17 22:00:00,436.0,0.0,0.0,26.845129,436.0,0.0,0.0,27.514164
2020-08-17 23:00:00,436.0,0.0,0.0,26.324557,436.0,0.0,0.0,26.790897
2020-08-18 00:00:00,436.0,0.0,0.0,23.437807,410.0,30.0,0.0,23.87513
2020-08-18 01:00:00,436.0,0.0,0.0,22.732362,436.0,0.0,0.0,22.576747
2020-08-18 02:00:00,436.0,0.0,0.0,21.474047,430.88515,0.0,0.0,20.846138
2020-08-18 03:00:00,376.0,0.0,0.0,-0.0,370.88515,0.0,0.0,19.983547
2020-08-18 04:00:00,316.0,0.0,0.0,-0.0,310.88515,0.0,0.0,19.983547
2020-08-18 05:00:00,284.0,0.0,0.0,-0.0,284.0,0.0,0.0,-0.0
2020-08-18 06:00:00,284.0,0.0,0.0,-0.0,284.0,0.0,0.0,-0.0
2020-08-18 07:00:00,284.0,0.0,0.0,-0.0,284.0,0.0,0.0,-0.0
2020-08-18 08:00:00,284.0,0.0,0.0,-0.0,303.342034,0.0,0.0,18.072542
2020-08-18 09:00:00,284.0,0.0,0.0,-0.0,363.342034,0.0,0.0,18.991051
2020-08-18 10:00:00,344.0,0.0,0.0,18.573789,423.342034,0.0,0.0,21.287879
2020-08-18 11:00:00,404.0,0.0,0.0,19.430296,436.0,0.0,0.0,22.576747
2020-08-18 12:00:00,436.0,0.0,0.0,20.846138,436.0,0.0,0.0,23.206766
2020-08-18 13:00:00,436.0,0.0,0.0,21.474047,436.0,0.0,0.0,26.742585
2020-08-18 14:00:00,436.0,0.0,0.0,21.305827,436.0,0.0,0.0,26.344464
2020-08-18 15:00:00,436.0,0.0,0.0,22.576747,436.0,0.0,0.0,26.790897
2020-08-18 16:00:00,436.0,0.0,0.0,23.437807,436.0,11.430659,0.0,27.764407
2020-08-18 17:00:00,436.0,0.0,0.0,24.62179,436.0,0.0,0.0,78.617288
2020-08-18 18:00:00,436.0,0.0,0.0,26.755559,436.0,0.0,0.0,73.295013
2020-08-18 19:00:00,436.0,0.0,0.0,26.429316,436.0,0.0,0.0,63.193125
2020-08-18 20:00:00,436.0,0.0,0.0,23.61265,436.0,0.0,0.0,27.128505
2020-08-18 21:00:00,436.0,0.0,0.0,22.497642,436.0,0.0,0.0,26.790897
2020-08-18 22:00:00,436.0,0.0,0.0,22.566788,436.0,0.0,0.0,25.634724
2020-08-18 23:00:00,436.0,0.0,0.0,21.801606,436.0,0.0,0.0,24.1687
2020-08-19 00:00:00,436.0,0.0,0.0,21.168781,344.0,30.0,0.0,22.576747
2020-08-19 01:00:00,436.0,0.0,0.0,21.118653,404.0,0.0,0.0,21.647258
2020-08-19 02:00:00,436.0,0.0,0.0,21.118653,436.0,0.0,0.0,21.843654
2020-08-19 03:00:00,436.0,0.0,0.0,22.516066,436.0,0.0,0.0,21.647258
2020-08-19 04:00:00,436.0,0.0,0.0,22.576747,436.0,0.0,0.0,22.185841
2020-08-19 05:00:00,436.0,0.0,0.0,23.437807,436.0,0.0,0.0,21.288154
2020-08-19 06:00:00,436.0,0.0,0.0,23.128644,416.181454,0.0,0.0,19.430296
2020-08-19 07:00:00,436.0,0.0,0.0,21.647258,356.181454,0.0,0.0,16.181546
2020-08-19 08:00:00,436.0,0.0,0.0,21.647258,416.181454,0.0,0.0,19.983547
2020-08-19 09:00:00,436.0,0.0,0.0,22.516066,436.0,0.0,0.0,19.983547
2020-08-19 10:00:00,436.0,0.0,0.0,22.185841,436.0,0.0,0.0,22.516066
2020-08-19 11:00:00,436.0,0.0,0.0,22.492854,436.0,0.0,0.0,25.509612
2020-08-19 12:00:00,436.0,0.0,0.0,22.516066,436.0,0.0,0.0,27.953615
2020-08-19 13:00:00,436.0,0.0,0.0,23.206766,436.0,0.0,0.0,23.805598
2020-08-19 14:00:00,436.0,0.0,0.0,22.576747,436.0,0.0,0.0,28.143005
2020-08-19 15:00:00,436.0,0.0,0.0,23.206766,436.0,0.0,0.0,26.790897
2020-08-19 16:00:00,436.0,0.0,0.0,24.62179,436.0,0.0,0.0,27.274616
2020-08-19 17:00:00,436.0,0.0,0.0,26.324557,436.0,0.0,0.0,76.029938
2020-08-19 18:00:00,436.0,0.0,0.0,27.274563,436.0,0.0,0.0,81.163241
2020-08-19 19:00:00,436.0,0.0,0.0,27.276799,436.0,0.0,0.0,57.69233
2020-08-19 20:00:00,436.0,0.0,0.0,27.276799,436.0,0.0,0.0,27.128505
2020-08-19 21:00:00,436.0,0.0,0.0,26.845129,436.0,0.0,0.0,26.790915
2020-08-19 22:00:00,436.0,0.0,0.0,27.128505,436.0,0.0,0.0,28.218211
2020-08-19 23:00:00,436.0,0.0,0.0,127.128505,436.0,0.0,0.0,25.9087
2020-08-20 00:00:00,436.0,0.0,0.0,24.62179,410.0,30.0,0.0,22.687324
2020-08-20 01:00:00,436.0,0.0,0.0,23.657594,436.0,0.0,0.0,20.644062
2020-08-20 02:00:00,436.0,0.0,0.0,23.206766,436.0,0.0,0.0,21.287879
2020-08-20 03:00:00,436.0,0.0,0.0,22.96816,436.0,0.0,0.0,21.223623
2020-08-20 04:00:00,436.0,0.0,0.0,22.576747,424.0,0.0,0.0,21.647258
2020-08-20 05:00:00,436.0,0.0,0.0,23.128644,364.0,0.0,0.0,21.116714
2020-08-20 06:00:00,436.0,0.0,0.0,22.732362,304.0,0.0,0.0,-0.0
2020-08-20 07:00:00,436.0,0.0,0.0,21.647258,284.0,0.0,0.0,-0.0
2020-08-20 08:00:00,436.0,0.0,0.0,21.287879,284.0,0.0,0.0,-0.0
2020-08-20 09:00:00,436.0,0.0,0.0,20.400003,304.0,0.0,0.0,-0.0
2020-08-20 10:00:00,436.0,0.0,0.0,21.287879,364.0,0.0,0.0,20.846138
2020-08-20 11:00:00,436.0,0.0,0.0,22.492854,424.0,0.0,0.0,22.576747
2020-08-20 12:00:00,436.0,0.0,0.0,22.516066,436.0,0.0,0.0,26.056582
2020-08-20 13:00:00,436.0,0.0,0.0,22.576747,436.0,0.0,0.0,28.082878
2020-08-20 14:00:00,436.0,0.0,0.0,22.732362,436.0,0.0,0.0,27.604389
2020-08-20 15:00:00,436.0,0.0,0.0,23.128644,436.0,0.0,0.0,27.421495
2020-08-20 16:00:00,436.0,0.0,0.0,23.437807,436.0,0.0,0.0,27.128505
2020-08-20 17:00:00,436.0,0.0,0.0,24.62179,436.0,0.0,0.0,81.255006
2020-08-20 18:00:00,436.0,0.0,0.0,26.845129,436.0,0.0,0.0,76.029938
2020-08-20 19:00:00,436.0,0.0,0.0,26.790897,436.0,0.0,0.0,56.011312
2020-08-20 20:00:00,436.0,0.0,0.0,26.755559,436.0,0.0,0.0,27.755129
2020-08-20 21:00:00,436.0,0.0,0.0,25.9087,436.0,0.0,0.0,27.973136
2020-08-20 22:00:00,436.0,0.0,0.0,23.437807,436.0,0.0,0.0,28.027121
2020-08-20 23:00:00,436.0,0.0,0.0,25.9087,436.0,0.0,0.0,26.429316
2020-08-21 00:00:00,436.0,0.0,0.0,23.437807,373.226816,30.0,0.0,23.87513
2020-08-21 01:00:00,436.0,0.0,0.0,23.128644,433.226816,0.0,0.0,23.437807
2020-08-21 02:00:00,436.0,0.0,0.0,22.732362,436.0,0.0,0.0,23.128644
2020-08-21 03:00:00,436.0,0.0,0.0,22.492854,436.0,0.0,0.0,23.437807
2020-08-21 04:00:00,436.0,0.0,0.0,22.185841,436.0,0.0,0.0,23.444698
2020-08-21 05:00:00,436.0,0.0,0.0,22.576747,436.0,0.0,0.0,23.128644
2020-08-21 06:00:00,436.0,0.0,0.0,22.576747,436.0,0.0,0.0,21.647258
2020-08-21 07:00:00,436.0,0.0,0.0,21.287879,436.0,0.0,0.0,20.400003
2020-08-21 08:00:00,436.0,0.0,0.0,20.400003,436.0,0.0,0.0,19.430296
2020-08-21 09:00:00,436.0,0.0,0.0,19.430296,436.0,0.0,0.0,19.983547
2020-08-21 10:00:00,436.0,0.0,0.0,19.685338,436.0,0.0,0.0,21.116411
2020-08-21 11:00:00,436.0,0.0,0.0,20.400003,436.0,0.0,0.0,22.516066
2020-08-21 12:00:00,436.0,0.0,0.0,22.516066,436.0,0.0,0.0,23.444698
2020-08-21 13:00:00,436.0,0.0,0.0,21.474047,436.0,0.0,0.0,27.295666
2020-08-21 14:00:00,436.0,0.0,0.0,22.576747,436.0,0.0,0.0,27.735709
2020-08-21 15:00:00,436.0,0.0,0.0,23.128644,436.0,0.0,0.0,28.026605
2020-08-21 16:00:00,436.0,0.0,0.0,25.9087,436.0,0.0,0.0,31.281949
2020-08-21 17:00:00,436.0,0.0,0.0,26.324557,436.0,0.0,0.0,81.354705
2020-08-21 18:00:00,436.0,0.0,0.0,27.128505,436.0,0.0,0.0,78.575891
2020-08-21 19:00:00,436.0,0.0,0.0,27.050889,436.0,0.0,0.0,48.952504
2020-08-21 20:00:00,436.0,0.0,0.0,27.050889,436.0,0.0,0.0,27.755129
2020-08-21 21:00:00,436.0,0.0,0.0,25.9087,436.0,0.0,0.0,28.012442
2020-08-21 22:00:00,436.0,0.0,0.0,23.206766,436.0,0.0,0.0,28.09921
2020-08-21 23:00:00,436.0,0.0,0.0,26.429316,436.0,0.0,0.0,27.682196
2020-08-22 00:00:00,436.0,0.0,0.0,23.437807,410.0,30.0,0.0,23.657594
2020-08-22 01:00:00,436.0,0.0,0.0,23.128644,436.0,0.0,0.0,23.206766
2020-08-22 02:00:00,436.0,0.0,0.0,22.732362,436.0,0.0,0.0,23.206766
2020-08-22 03:00:00,436.0,0.0,0.0,22.576747,436.0,0.0,0.0,23.128644
2020-08-22 04:00:00,436.0,0.0,0.0,22.576747,436.0,0.0,0.0,23.128644
2020-08-22 05:00:00,436.0,0.0,0.0,22.492854,404.0,0.0,0.0,21.647258
2020-08-22 06:00:00,436.0,0.0,0.0,21.116714,344.0,0.0,0.0,18.072542
2020-08-22 07:00:00,376.0,0.0,0.0,16.970947,284.0,0.0,0.0,-0.0
2020-08-22 08:00:00,316.0,0.0,0.0,15.731586,284.0,0.0,0.0,-0.0
2020-08-22 09:00:00,289.354866,0.0,0.0,18.531796,332.963195,0.0,0.0,17.080045
2020-08-22 10:00:00,349.354866,0.0,0.0,18.573789,392.963195,0.0,0.0,19.983547
2020-08-22 11:00:00,409.354866,0.0,0.0,19.983547,436.0,0.0,0.0,21.647258
2020-08-22 12:00:00,436.0,0.0,0.0,21.287879,436.0,0.0,0.0,22.96816
2020-08-22 13:00:00,436.0,0.0,0.0,22.576747,436.0,0.0,0.0,25.758899
2020-08-22 14:00:00,436.0,0.0,0.0,22.576747,436.0,0.0,0.0,26.429316
2020-08-22 15:00:00,436.0,0.0,0.0,23.206766,436.0,0.0,0.0,28.31671
2020-08-22 16:00:00,436.0,0.0,0.0,25.758899,436.0,0.0,0.0,27.864933
2020-08-22 17:00:00,436.0,0.0,0.0,25.9087,436.0,0.0,0.0,81.163241
2020-08-22 18:00:00,436.0,0.0,0.0,26.892495,436.0,0.113228,0.0,76.029938
2020-08-22 19:00:00,436.0,0.0,0.0,26.845129,436.0,0.0,0.0,55.828323
2020-08-22 20:00:00,436.0,0.0,0.0,27.276799,436.0,0.0,0.0,27.276799
2020-08-22 21:00:00,436.0,0.0,0.0,26.324557,436.0,0.0,0.0,27.755129
2020-08-22 22:00:00,436.0,0.0,0.0,26.324557,436.0,0.0,0.0,27.32417
2020-08-22 23:00:00,436.0,0.0,0.0,23.657594,436.0,0.0,0.0,28.941684
2020-08-23 00:00:00,436.0,0.0,0.0,23.128644,344.0,30.0,0.0,26.755559
2020-08-23 01:00:00,436.0,0.0,0.0,23.206766,404.0,0.0,0.0,26.324557
2020-08-23 02:00:00,436.0,0.0,0.0,23.128644,436.0,0.0,0.0,23.87513
2020-08-23 03:00:00,436.0,0.0,0.0,22.576747,436.0,0.0,0.0,23.437807
2020-08-23 04:00:00,436.0,0.0,0.0,22.576747,436.0,0.0,0.0,23.206766
2020-08-23 05:00:00,436.0,0.0,0.0,22.185841,391.793332,0.0,0.0,21.647258
2020-08-23 06:00:00,436.0,0.0,0.0,19.983547,331.793332,0.0,0.0,18.463561
2020-08-23 07:00:00,376.0,0.0,0.0,-0.0,284.0,0.0,0.0,6.426242
2020-08-23 08:00:00,316.0,0.0,0.0,-0.0,284.0,0.0,0.0,-0.0
2020-08-23 09:00:00,284.0,0.0,0.0,14.191367,284.0,0.0,0.0,-0.0
2020-08-23 10:00:00,284.0,0.0,0.0,-0.0,316.0,0.0,0.0,18.072542
2020-08-23 11:00:00,284.0,0.0,0.0,15.731586,376.0,0.0,0.0,21.116411
2020-08-23 12:00:00,344.0,0.0,0.0,19.983547,436.0,0.0,0.0,22.576747
2020-08-23 13:00:00,404.0,0.0,0.0,21.647258,436.0,0.0,0.0,23.87513
2020-08-23 14:00:00,436.0,0.0,0.0,23.43222,436.0,0.0,0.0,27.284246
2020-08-23 15:00:00,436.0,0.0,0.0,23.128644,436.0,0.0,0.0,26.845129
2020-08-23 16:00:00,436.0,0.0,0.0,23.437807,436.0,0.0,0.0,27.274616
2020-08-23 17:00:00,436.0,0.0,0.0,25.9087,436.0,0.0,0.0,78.958819
2020-08-23 18:00:00,436.0,0.0,0.0,27.128505,436.0,0.0,0.0,81.163241
2020-08-23 19:00:00,436.0,0.0,0.0,27.128505,436.0,0.0,0.0,54.801385
2020-08-23 20:00:00,436.0,0.0,0.0,27.128505,436.0,0.0,0.0,27.276799
2020-08-23 21:00:00,436.0,0.0,0.0,27.276799,436.0,0.0,0.0,27.274563
2020-08-23 22:00:00,436.0,0.0,0.0,26.324557,436.0,0.0,0.0,27.324451
2020-08-23 23:00:00,436.0,0.0,0.0,26.755559,436.0,0.0,0.0,26.790897
2020-08-24 00:00:00,436.0,0.0,0.0,23.87513,410.0,30.0,0.0,23.437807
2020-08-24 01:00:00,436.0,0.0,0.0,23.206766,436.0,0.0,0.0,23.128644
2020-08-24 02:00:00,436.0,0.0,0.0,22.732362,436.0,0.0,0.0,23.128644
2020-08-24 03:00:00,436.0,0.0,0.0,22.516066,436.0,0.0,0.0,22.732362
2020-08-24 04:00:00,436.0,0.0,0.0,22.576747,436.0,0.0,0.0,22.576747
2020-08-24 05:00:00,436.0,0.0,0.0,23.206766,436.0,0.0,0.0,22.576747
2020-08-24 06:00:00,436.0,0.0,0.0,23.206766,436.0,0.0,0.0,21.647258
2020-08-24 07:00:00,436.0,0.0,0.0,22.576747,436.0,0.0,0.0,21.288154
2020-08-24 08:00:00,436.0,0.0,0.0,21.474047,436.0,0.0,0.0,21.287879
2020-08-24 09:00:00,436.0,0.0,0.0,21.474047,436.0,0.0,0.0,22.516066
2020-08-24 10:00:00,436.0,0.0,0.0,22.492854,436.0,0.0,0.0,23.437807
2020-08-24 11:00:00,436.0,0.0,0.0,22.492854,436.0,0.0,0.0,27.698926
2020-08-24 12:00:00,436.0,0.0,0.0,23.128644,436.0,0.0,0.0,28.232545
2020-08-24 13:00:00,436.0,0.0,0.0,23.437807,436.0,0.0,0.0,26.845129
2020-08-24 14:00:00,436.0,0.0,0.0,23.87513,436.0,0.0,0.0,26.845129
2020-08-24 15:00:00,436.0,0.0,0.0,25.9087,436.0,0.0,0.0,57.1292
2020-08-24 16:00:00,436.0,0.0,0.0,26.429316,436.0,0.0,0.0,77.062525
2020-08-24 17:00:00,436.0,0.0,0.0,26.429316,436.0,0.0,0.0,80.857849
2020-08-24 18:00:00,436.0,0.0,0.0,27.276799,436.0,0.0,0.0,36.946719
2020-08-24 19:00:00,436.0,0.0,0.0,27.128505,436.0,0.0,0.0,29.167791
2020-08-24 20:00:00,436.0,0.0,0.0,26.324557,436.0,0.0,0.0,26.324557
2020-08-24 21:00:00,436.0,0.0,0.0,26.790897,436.0,0.0,0.0,26.593848
2020-08-24 22:00:00,436.0,0.0,0.0,23.206766,436.0,0.0,0.0,25.371668
2020-08-24 23:00:00,436.0,0.0,0.0,22.566788,436.0,0.0,0.0,25.582946
2020-08-25 00:00:00,436.0,0.0,0.0,22.732362,344.0,30.0,0.0,23.437807
2020-08-25 01:00:00,436.0,0.0,0.0,127.274563,404.0,0.0,0.0,23.206766
2020-08-25 02:00:00,436.0,0.0,0.0,130.530112,424.0,0.0,0.0,21.116714
2020-08-25 03:00:00,436.0,0.0,0.0,127.755129,364.0,0.0,0.0,19.983547
2020-08-25 04:00:00,436.0,0.0,0.0,127.755129,304.0,0.0,0.0,19.17799
2020-08-25 05:00:00,436.0,0.0,0.0,126.790897,284.0,0.0,0.0,-0.0
2020-08-25 06:00:00,436.0,0.0,0.0,23.444698,295.4,0.0,0.0,-0.0
2020-08-25 07:00:00,436.0,0.0,0.0,21.287879,296.4,0.0,0.0,-0.0
2020-08-25 08:00:00,376.0,0.0,0.0,16.970947,298.4,0.0,0.0,-0.0
2020-08-25 09:00:00,380.023774,0.0,0.0,18.531796,320.664193,0.0,0.0,22.487163
2020-08-25 10:00:00,329.632938,0.0,0.0,18.531796,380.664193,0.0,0.0,21.288181
2020-08-25 11:00:00,379.895962,0.0,0.0,18.531796,436.0,0.0,0.0,24.835681
2020-08-25 12:00:00,436.0,0.0,0.0,21.514375,436.0,0.0,0.0,27.632617
2020-08-25 13:00:00,436.0,0.0,0.0,21.514375,436.0,0.0,0.0,25.978931
2020-08-25 14:00:00,436.0,0.0,0.0,23.543074,436.0,0.0,0.0,26.664387
2020-08-25 15:00:00,436.0,0.0,0.0,25.168127,436.0,0.0,0.0,26.684728
2020-08-25 16:00:00,436.0,0.0,0.0,23.437807,436.0,0.0,0.0,23.696812
2020-08-25 17:00:00,436.0,0.0,0.0,23.61265,436.0,0.0,0.0,73.212549
2020-08-25 18:00:00,436.0,0.0,0.0,25.685064,436.0,0.0,0.0,76.815615
2020-08-25 19:00:00,436.0,0.0,0.0,23.192161,436.0,0.0,0.0,63.316716
2020-08-25 20:00:00,436.0,0.0,0.0,21.513966,436.0,11.54871,0.0,26.790897
2020-08-25 21:00:00,436.0,0.0,0.0,21.787916,436.0,0.0,0.0,27.503521
2020-08-25 22:00:00,436.0,0.0,0.0,23.206766,436.0,0.0,0.0,24.768868
2020-08-25 23:00:00,436.0,0.0,0.0,22.516066,436.0,0.0,0.0,25.725108
2020-08-26 00:00:00,436.0,0.0,0.0,22.516066,344.0,30.0,0.0,23.87513
2020-08-26 01:00:00,436.0,0.0,0.0,21.647258,404.0,0.0,0.0,26.324557
2020-08-26 02:00:00,436.0,0.0,0.0,21.116714,436.0,0.0,0.0,23.657594
2020-08-26 03:00:00,436.0,0.0,0.0,21.843654,436.0,0.0,0.0,23.437807
2020-08-26 04:00:00,436.0,0.0,0.0,22.732362,436.0,0.0,0.0,23.437807
2020-08-26 05:00:00,436.0,0.0,0.0,22.96816,436.0,0.0,0.0,22.576747
2020-08-26 06:00:00,436.0,0.0,0.0,21.647258,436.0,0.0,0.0,19.983547
2020-08-26 07:00:00,436.0,0.0,0.0,20.846138,418.165878,0.0,0.0,18.531796
2020-08-26 08:00:00,436.0,0.0,0.0,19.430296,436.0,0.0,0.0,22.732362
2020-08-26 09:00:00,436.0,0.0,0.0,21.116714,436.0,0.0,0.0,23.444698
2020-08-26 10:00:00,430.369688,0.0,0.0,18.531796,436.0,0.0,0.0,26.605495
2020-08-26 11:00:00,436.0,0.0,0.0,21.116714,436.0,0.0,0.0,30.645767
2020-08-26 12:00:00,436.0,0.0,0.0,21.647258,436.0,0.0,0.0,34.953803
2020-08-26 13:00:00,436.0,0.0,0.0,22.732362,436.0,0.0,0.0,36.593752
2020-08-26 14:00:00,436.0,0.0,0.0,23.437807,436.0,0.0,0.0,73.239865
2020-08-26 15:00:00,436.0,0.0,0.0,25.9087,436.0,0.0,0.0,27.050889
2020-08-26 16:00:00,436.0,0.0,0.0,26.429316,436.0,0.0,0.0,27.274616
2020-08-26 17:00:00,436.0,0.0,0.0,26.404825,436.0,0.0,0.0,70.940855
2020-08-26 18:00:00,436.0,0.0,0.0,26.790897,436.0,0.0,0.0,80.857849
2020-08-26 19:00:00,436.0,0.0,0.0,26.51466,436.0,0.0,0.0,52.443221
2020-08-26 20:00:00,436.0,0.0,0.0,25.917542,436.0,0.0,0.0,27.274616
2020-08-26 21:00:00,376.0,0.0,0.0,122.657648,436.0,0.0,0.0,27.807419
2020-08-26 22:00:00,436.0,0.0,0.0,23.366674,436.0,0.0,0.0,22.45025
2020-08-26 23:00:00,436.0,0.0,0.0,122.826773,436.0,0.0,0.0,22.957588
2020-08-27 00:00:00,436.0,0.0,0.0,21.99146,344.0,30.0,0.0,20.726727
2020-08-27 01:00:00,436.0,0.0,0.0,20.23509,404.0,0.0,0.0,19.153665
2020-08-27 02:00:00,436.0,0.0,0.0,18.549582,436.0,0.0,0.0,18.549582
2020-08-27 03:00:00,376.0,0.0,0.0,12.446703,389.825237,0.0,0.0,18.531796
2020-08-27 04:00:00,316.0,0.0,0.0,15.731586,416.6,0.0,0.0,19.983547
2020-08-27 05:00:00,376.0,0.0,0.0,19.983547,356.6,0.0,0.0,18.463561
2020-08-27 06:00:00,436.0,0.0,0.0,20.400003,296.6,0.0,0.0,-0.0
2020-08-27 07:00:00,436.0,0.0,0.0,19.983547,342.646763,0.0,0.0,14.145722
2020-08-27 08:00:00,436.0,0.0,0.0,19.430296,402.646763,0.0,0.0,22.91787
2020-08-27 09:00:00,436.0,0.0,0.0,21.288154,436.0,0.0,0.0,21.647258
2020-08-27 10:00:00,436.0,0.0,0.0,21.843654,436.0,0.0,0.0,24.319697
2020-08-27 11:00:00,436.0,0.0,0.0,22.516066,436.0,0.0,0.0,26.224262
2020-08-27 12:00:00,436.0,0.0,0.0,22.516066,436.0,0.0,0.0,28.017435
2020-08-27 13:00:00,436.0,0.0,0.0,23.128644,436.0,0.0,0.0,27.866969
2020-08-27 14:00:00,436.0,0.0,0.0,23.437807,436.0,0.0,0.0,28.774609
2020-08-27 15:00:00,436.0,0.0,0.0,26.429316,436.0,0.0,0.0,27.275307
2020-08-27 16:00:00,436.0,0.0,0.0,26.755559,436.0,0.0,0.0,36.946719
2020-08-27 17:00:00,436.0,0.0,0.0,26.755559,436.0,0.0,0.0,80.857849
2020-08-27 18:00:00,436.0,0.0,0.0,27.276799,436.0,0.0,0.0,76.029938
2020-08-27 19:00:00,436.0,0.0,0.0,27.274616,436.0,0.0,0.0,58.770869
2020-08-27 20:00:00,436.0,0.0,0.0,27.276799,436.0,0.0,0.0,30.277405
2020-08-27 21:00:00,436.0,0.0,0.0,26.790897,436.0,0.0,0.0,27.755129
2020-08-27 22:00:00,436.0,0.0,0.0,26.429316,436.0,0.0,0.0,28.538782
2020-08-27 23:00:00,436.0,0.0,0.0,26.755559,436.0,0.0,0.0,26.10744
2020-08-28 00:00:00,436.0,0.0,0.0,25.9087,410.0,30.0,0.0,23.128644
2020-08-28 01:00:00,436.0,0.0,0.0,23.437807,436.0,0.0,0.0,22.732362
2020-08-28 02:00:00,436.0,0.0,0.0,22.732362,436.0,0.0,0.0,22.732362
2020-08-28 03:00:00,436.0,0.0,0.0,21.843654,436.0,0.0,0.0,22.576747
2020-08-28 04:00:00,436.0,0.0,0.0,22.492854,436.0,0.0,0.0,23.206766
2020-08-28 05:00:00,436.0,0.0,0.0,22.732362,424.0,0.0,0.0,22.492854
2020-08-28 06:00:00,436.0,0.0,0.0,21.474047,364.0,0.0,0.0,20.400003
2020-08-28 07:00:00,436.0,0.0,0.0,18.573789,304.0,0.0,0.0,-0.0
2020-08-28 08:00:00,376.0,0.0,0.0,15.731586,284.0,0.0,0.0,-0.0
2020-08-28 09:00:00,316.0,0.0,0.0,15.731586,344.0,0.0,0.0,18.072542
2020-08-28 10:00:00,376.0,0.0,0.0,19.430296,404.0,0.0,0.0,19.983547
2020-08-28 11:00:00,316.0,0.0,0.0,18.072542,436.0,0.0,0.0,21.288154
2020-08-28 12:00:00,376.0,0.0,0.0,20.400003,436.0,0.0,0.0,22.576747
2020-08-28 13:00:00,436.0,0.0,0.0,21.843654,436.0,0.0,0.0,23.444698
2020-08-28 14:00:00,436.0,0.0,0.0,22.185841,436.0,0.0,0.0,27.642658
2020-08-28 15:00:00,436.0,0.0,0.0,23.437807,436.0,0.0,0.0,26.984663
2020-08-28 16:00:00,436.0,0.0,0.0,25.9087,436.0,0.0,0.0,32.290859
2020-08-28 17:00:00,436.0,0.0,0.0,26.404825,436.0,0.0,0.0,73.212549
2020-08-28 18:00:00,436.0,0.0,0.0,27.276799,436.0,10.623467,0.0,77.313264
2020-08-28 19:00:00,436.0,0.0,0.0,27.128505,436.0,0.0,0.0,57.491104
2020-08-28 20:00:00,436.0,0.0,0.0,27.274616,436.0,0.0,0.0,28.615068
2020-08-28 21:00:00,436.0,0.0,0.0,26.755559,436.0,0.0,0.0,27.274563
2020-08-28 22:00:00,436.0,0.0,0.0,23.87513,436.0,0.0,0.0,27.804152
2020-08-28 23:00:00,436.0,0.0,0.0,23.657594,436.0,0.0,0.0,26.790897
2020-08-29 00:00:00,436.0,0.0,0.0,23.206766,344.0,30.0,0.0,25.9087
2020-08-29 01:00:00,436.0,0.0,0.0,22.732362,404.0,0.0,0.0,23.128644
2020-08-29 02:00:00,436.0,0.0,0.0,22.516066,436.0,0.0,0.0,22.732362
2020-08-29 03:00:00,436.0,0.0,0.0,21.647258,436.0,0.0,0.0,22.576747
2020-08-29 04:00:00,436.0,0.0,0.0,21.647258,424.0,0.0,0.0,22.576747
2020-08-29 05:00:00,436.0,0.0,0.0,21.287879,364.0,0.0,0.0,21.287879
2020-08-29 06:00:00,436.0,0.0,0.0,19.685338,304.0,0.0,0.0,-0.0
2020-08-29 07:00:00,376.0,0.0,0.0,-0.0,284.0,0.0,0.0,-0.0
2020-08-29 08:00:00,316.0,0.0,0.0,-0.0,284.0,0.0,0.0,-0.0
2020-08-29 09:00:00,284.0,0.0,0.0,-0.0,284.0,0.0,0.0,18.072542
2020-08-29 10:00:00,284.0,0.0,0.0,-0.0,344.0,0.0,0.0,18.573789
2020-08-29 11:00:00,284.0,0.0,0.0,18.072542,404.0,0.0,0.0,20.267785
2020-08-29 12:00:00,344.0,0.0,0.0,19.685338,436.0,0.0,0.0,21.647258
2020-08-29 13:00:00,404.0,0.0,0.0,21.287879,436.0,0.0,0.0,22.96816
2020-08-29 14:00:00,436.0,0.0,0.0,21.843654,436.0,0.0,0.0,25.9087
2020-08-29 15:00:00,436.0,0.0,0.0,22.492854,436.0,0.0,0.0,26.755559
2020-08-29 16:00:00,436.0,0.0,0.0,23.128644,436.0,0.0,0.0,27.290421
2020-08-29 17:00:00,436.0,0.0,0.0,24.62179,436.0,0.0,0.0,81.163241
2020-08-29 18:00:00,436.0,0.0,0.0,27.128505,436.0,0.0,0.0,78.575891
2020-08-29 19:00:00,436.0,0.0,0.0,27.128505,436.0,0.0,0.0,44.554069
2020-08-29 20:00:00,436.0,0.0,0.0,27.050889,436.0,0.0,0.0,27.291388
2020-08-29 21:00:00,436.0,0.0,0.0,26.845129,436.0,0.0,0.0,27.799398
2020-08-29 22:00:00,436.0,0.0,0.0,26.324557,436.0,0.0,0.0,27.224637
2020-08-29 23:00:00,436.0,0.0,0.0,26.324557,436.0,0.0,0.0,26.790897
2020-08-30 00:00:00,436.0,0.0,0.0,23.437807,410.0,30.0,0.0,25.9087
2020-08-30 01:00:00,436.0,0.0,0.0,23.437807,436.0,0.0,0.0,23.87513
2020-08-30 02:00:00,436.0,0.0,0.0,23.206766,436.0,0.0,0.0,23.437807
2020-08-30 03:00:00,436.0,0.0,0.0,23.128644,436.0,0.0,0.0,23.206766
2020-08-30 04:00:00,436.0,0.0,0.0,22.732362,436.0,0.0,0.0,23.206766
2020-08-30 05:00:00,436.0,0.0,0.0,22.576747,404.0,0.0,0.0,21.843654
2020-08-30 06:00:00,436.0,0.0,0.0,21.116714,344.0,0.0,0.0,15.731586
2020-08-30 07:00:00,376.0,0.0,0.0,-0.0,284.0,0.0,0.0,-0.0
2020-08-30 08:00:00,316.0,0.0,0.0,-0.0,284.0,0.0,0.0,-0.0
2020-08-30 09:00:00,284.0,0.0,0.0,-0.0,284.0,0.0,0.0,-0.0
2020-08-30 10:00:00,284.0,0.0,0.0,-0.0,344.0,0.0,0.0,18.072542
2020-08-30 11:00:00,340.537906,0.0,0.0,18.531796,404.0,0.0,0.0,19.983547
2020-08-30 12:00:00,400.537906,0.0,0.0,20.400003,436.0,0.0,0.0,22.185841
2020-08-30 13:00:00,436.0,0.0,0.0,22.492854,436.0,0.0,0.0,23.437807
2020-08-30 14:00:00,436.0,0.0,0.0,22.516066,436.0,0.0,0.0,26.709884
2020-08-30 15:00:00,436.0,0.0,0.0,23.128644,436.0,0.0,0.0,26.755559
2020-08-30 16:00:00,436.0,0.0,0.0,26.324557,436.0,0.0,0.0,30.994951
2020-08-30 17:00:00,436.0,0.0,0.0,26.429316,436.0,6.031063,0.0,81.354705
2020-08-30 18:00:00,436.0,0.0,0.0,27.755129,436.0,5.52014,0.0,76.029938
2020-08-30 19:00:00,436.0,0.0,0.0,27.274563,436.0,0.0,0.0,54.127464
2020-08-30 20:00:00,436.0,0.0,0.0,27.274563,436.0,0.0,0.0,27.755129
2020-08-30 21:00:00,436.0,0.0,0.0,27.128505,436.0,0.0,0.0,26.790897
2020-08-30 22:00:00,436.0,0.0,0.0,26.429316,436.0,0.0,0.0,26.790897
2020-08-30 23:00:00,436.0,0.0,0.0,127.755129,436.0,0.0,0.0,26.828889
2020-08-31 00:00:00,436.0,0.0,0.0,26.324557,410.0,30.0,0.0,23.87513
2020-08-31 01:00:00,436.0,0.0,0.0,23.657594,436.0,0.0,0.0,23.437807
2020-08-31 02:00:00,436.0,0.0,0.0,23.437807,436.0,0.0,0.0,23.128644
2020-08-31 03:00:00,436.0,0.0,0.0,23.437807,436.0,0.0,0.0,23.437807
2020-08-31 04:00:00,436.0,0.0,0.0,23.657594,436.0,0.0,0.0,25.9087
2020-08-31 05:00:00,436.0,0.0,0.0,25.9087,436.0,0.0,0.0,23.206766
2020-08-31 06:00:00,436.0,0.0,0.0,23.206766,436.0,0.0,0.0,21.288154
2020-08-31 07:00:00,436.0,0.0,0.0,21.474047,436.0,0.0,0.0,19.983547
2020-08-31 08:00:00,436.0,0.0,0.0,21.116411,436.0,0.0,0.0,19.685338
2020-08-31 09:00:00,436.0,0.0,0.0,21.288154,436.0,0.0,0.0,21.843654
2020-08-31 10:00:00,436.0,0.0,0.0,22.576747,436.0,0.0,0.0,23.206766
2020-08-31 11:00:00,436.0,0.0,0.0,22.516066,436.0,0.0,0.0,27.653114
2020-08-31 12:00:00,436.0,0.0,0.0,23.206766,436.0,0.0,0.0,27.735138
2020-08-31 13:00:00,436.0,0.0,0.0,23.437807,436.0,0.0,0.0,28.309554
2020-08-31 14:00:00,436.0,0.0,0.0,26.324557,436.0,0.0,0.0,33.98786
2020-08-31 15:00:00,436.0,0.0,0.0,26.429316,436.0,0.0,0.0,36.42726
2020-08-31 16:00:00,436.0,0.0,0.0,26.790897,436.0,0.0,0.0,101.080212
2020-08-31 17:00:00,436.0,0.0,0.0,26.845129,436.0,0.0,0.0,78.481417
2020-08-31 18:00:00,436.0,0.0,0.0,29.768419,436.0,0.0,0.0,37.927656
2020-08-31 19:00:00,436.0,0.0,0.0,27.050889,436.0,0.0,0.0,37.055
2020-08-31 20:00:00,436.0,0.0,0.0,26.324557,436.0,0.0,0.0,29.538473
2020-08-31 21:00:00,436.0,0.0,0.0,26.429316,436.0,0.0,0.0,25.758899
2020-08-31 22:00:00,436.0,0.0,0.0,26.324557,436.0,0.0,0.0,28.633813
2020-08-31 23:00:00,436.0,0.0,0.0,127.050889,436.0,0.0,0.0,23.521659
2020-09-01 00:00:00,436.0,0.0,0.0,21.413908,394.737,30.0,0.0,21.288154
2020-09-01 01:00:00,436.0,0.0,0.0,19.91836,364.0,0.0,0.0,21.647258
2020-09-01 02:00:00,376.0,0.0,0.0,-0.0,304.0,0.0,0.0,-0.0
2020-09-01 03:00:00,316.0,0.0,0.0,-0.0,284.0,0.0,0.0,-0.0
2020-09-01 04:00:00,284.0,0.0,0.0,-0.0,291.4,0.0,0.0,19.983547
2020-09-01 05:00:00,284.0,0.0,0.0,-0.0,295.4,0.0,0.0,19.983547
2020-09-01 06:00:00,284.0,0.0,0.0,-0.0,295.4,0.0,0.0,-0.0
2020-09-01 07:00:00,284.0,0.0,0.0,-0.0,298.4,0.0,0.0,-0.0
2020-09-01 08:00:00,284.0,0.0,0.0,-0.0,298.4,0.0,0.0,-0.0
2020-09-01 09:00:00,284.0,0.0,0.0,-0.0,304.0,0.0,0.0,22.971095
2020-09-01 10:00:00,308.14022,0.0,0.0,18.531796,364.0,0.0,0.0,23.976476
2020-09-01 11:00:00,368.14022,0.0,0.0,23.362367,424.0,0.0,0.0,29.715047
2020-09-01 12:00:00,428.14022,0.0,0.0,23.567056,436.0,0.0,0.0,28.80667
2020-09-01 13:00:00,436.0,0.0,0.0,21.116714,436.0,0.0,0.0,26.61844
2020-09-01 14:00:00,436.0,0.0,0.0,21.474047,436.0,0.0,0.0,25.578975
2020-09-01 15:00:00,436.0,0.0,0.0,23.128644,436.0,0.0,0.0,25.25332
2020-09-01 16:00:00,436.0,0.0,0.0,23.437807,436.0,0.0,0.0,26.730084
2020-09-01 17:00:00,436.0,0.0,0.0,25.9087,436.0,0.0,0.0,26.554305
2020-09-01 18:00:00,436.0,0.0,0.0,127.755129,436.0,0.0,0.0,67.74384
2020-09-01 19:00:00,436.0,0.0,0.0,26.10744,436.0,0.0,0.0,75.511559
2020-09-01 20:00:00,436.0,0.0,0.0,22.45025,436.0,0.0,0.0,23.87513
2020-09-01 21:00:00,436.0,0.0,0.0,22.155921,436.0,0.0,0.0,27.860918
2020-09-01 22:00:00,436.0,0.0,0.0,22.492854,436.0,0.0,0.0,23.87513
2020-09-01 23:00:00,436.0,0.0,0.0,21.287879,436.0,0.0,0.0,27.07807
2020-09-02 00:00:00,376.0,0.0,0.0,-0.0,344.0,30.0,0.0,21.647258
2020-09-02 01:00:00,316.0,0.0,0.0,-0.0,404.0,0.0,0.0,19.983547
2020-09-02 02:00:00,284.0,0.0,0.0,-0.0,436.0,0.0,0.0,19.430296
2020-09-02 03:00:00,284.0,0.0,0.0,-0.0,436.0,0.0,0.0,19.983547
2020-09-02 04:00:00,284.0,0.0,0.0,-0.0,424.0,0.0,0.0,21.288154
2020-09-02 05:00:00,284.0,0.0,0.0,18.463561,364.0,0.0,0.0,19.685338
2020-09-02 06:00:00,284.0,0.0,0.0,-0.0,304.0,0.0,0.0,-0.0
2020-09-02 07:00:00,284.0,0.0,0.0,-0.0,304.0,0.0,0.0,-0.0
2020-09-02 08:00:00,284.0,0.0,0.0,-0.0,364.0,0.0,0.0,18.573789
2020-09-02 09:00:00,284.0,0.0,0.0,-0.0,424.0,0.0,0.0,21.647258
2020-09-02 10:00:00,344.0,0.0,0.0,20.932527,436.0,0.0,0.0,24.061608
2020-09-02 11:00:00,330.845754,0.0,0.0,18.531796,436.0,0.0,0.0,26.421012
2020-09-02 12:00:00,390.845754,0.0,0.0,21.924629,436.0,0.0,0.0,26.953525
2020-09-02 13:00:00,338.298308,0.0,0.0,18.531796,436.0,0.0,0.0,27.324994
2020-09-02 14:00:00,398.298308,0.0,0.0,20.944367,436.0,0.0,0.0,26.849727
2020-09-02 15:00:00,436.0,0.0,0.0,21.647258,436.0,0.0,0.0,26.560049
2020-09-02 16:00:00,436.0,0.0,0.0,23.206766,436.0,0.0,0.0,67.784263
2020-09-02 17:00:00,436.0,0.0,0.0,23.87513,436.0,0.0,0.0,26.790897
2020-09-02 18:00:00,436.0,0.0,0.0,26.429316,436.0,0.0,0.0,75.512901
2020-09-02 19:00:00,436.0,0.0,0.0,23.657594,436.0,0.0,0.0,70.940855
2020-09-02 20:00:00,436.0,0.0,0.0,22.516066,436.0,0.0,0.0,28.191222
2020-09-02 21:00:00,436.0,0.0,0.0,21.671251,436.0,0.0,0.0,26.357248
2020-09-02 22:00:00,436.0,0.0,0.0,22.732362,436.0,0.0,0.0,26.773989
2020-09-02 23:00:00,436.0,0.0,0.0,23.206766,436.0,0.0,0.0,24.807378
2020-09-03 00:00:00,436.0,0.0,0.0,21.474047,344.0,30.0,0.0,23.128644
2020-09-03 01:00:00,436.0,0.0,0.0,21.116714,404.0,0.0,0.0,22.576747
2020-09-03 02:00:00,436.0,0.0,0.0,21.116411,436.0,0.0,0.0,22.732362
2020-09-03 03:00:00,436.0,0.0,0.0,21.647258,436.0,0.0,0.0,23.206766
2020-09-03 04:00:00,436.0,0.0,0.0,22.576747,436.0,0.0,0.0,23.87513
2020-09-03 05:00:00,436.0,0.0,0.0,22.96816,436.0,0.0,0.0,23.657594
2020-09-03 06:00:00,436.0,0.0,0.0,23.206766,436.0,0.0,0.0,22.732362
2020-09-03 07:00:00,436.0,0.0,0.0,22.732362,436.0,0.0,0.0,23.128644
2020-09-03 08:00:00,436.0,0.0,0.0,22.576747,436.0,0.0,0.0,24.532869
2020-09-03 09:00:00,436.0,0.0,0.0,22.516066,436.0,0.0,0.0,26.421012
2020-09-03 10:00:00,436.0,0.0,0.0,22.516066,436.0,0.0,0.0,27.327567
2020-09-03 11:00:00,436.0,0.0,0.0,21.647258,436.0,0.0,0.0,27.260446
2020-09-03 12:00:00,436.0,0.0,0.0,22.492854,436.0,0.0,0.0,28.755535
2020-09-03 13:00:00,436.0,0.0,0.0,22.732362,436.0,0.0,0.0,28.3321
2020-09-03 14:00:00,436.0,0.0,0.0,23.437807,436.0,0.0,0.0,29.326902
2020-09-03 15:00:00,436.0,0.0,0.0,26.324557,436.0,0.0,0.0,32.808685
2020-09-03 16:00:00,436.0,0.0,0.0,26.755559,436.0,0.0,0.0,37.431639
2020-09-03 17:00:00,436.0,0.0,0.0,26.755559,436.0,0.0,0.0,81.354705
2020-09-03 18:00:00,436.0,0.0,0.0,27.89257,436.0,0.0,0.0,75.744001
2020-09-03 19:00:00,436.0,0.0,0.0,27.276799,436.0,0.0,0.0,60.695971
2020-09-03 20:00:00,436.0,0.0,0.0,27.755129,436.0,0.0,0.0,31.033723
2020-09-03 21:00:00,436.0,0.0,0.0,26.790897,436.0,0.0,0.0,27.755129
2020-09-03 22:00:00,436.0,0.0,0.0,27.050889,436.0,0.0,0.0,28.795879
2020-09-03 23:00:00,436.0,0.0,0.0,26.755559,436.0,0.0,0.0,26.790897
2020-09-04 00:00:00,436.0,0.0,0.0,23.437807,410.0,30.0,0.0,23.128644
2020-09-04 01:00:00,436.0,0.0,0.0,22.732362,436.0,0.0,0.0,21.474047
2020-09-04 02:00:00,436.0,0.0,0.0,21.843654,436.0,0.0,0.0,19.983547
2020-09-04 03:00:00,436.0,0.0,0.0,21.116714,414.488577,0.0,0.0,18.531796
2020-09-04 04:00:00,436.0,0.0,0.0,20.400003,424.0,0.0,0.0,21.116714
2020-09-04 05:00:00,436.0,0.0,0.0,20.846138,364.0,0.0,0.0,21.116714
2020-09-04 06:00:00,436.0,0.0,0.0,19.430296,304.0,0.0,0.0,-0.0
2020-09-04 07:00:00,376.0,0.0,0.0,-0.0,304.0,0.0,0.0,-0.0
2020-09-04 08:00:00,316.0,0.0,0.0,-0.0,364.0,0.0,0.0,19.983547
2020-09-04 09:00:00,284.0,0.0,0.0,-0.0,424.0,0.0,0.0,21.647258
2020-09-04 10:00:00,284.0,0.0,0.0,16.437155,436.0,0.0,0.0,22.732362
2020-09-04 11:00:00,344.0,0.0,0.0,21.323763,436.0,0.0,0.0,23.657594
2020-09-04 12:00:00,393.14779,0.0,0.0,18.531796,436.0,0.0,0.0,26.889228
2020-09-04 13:00:00,436.0,0.0,0.0,20.846138,436.0,0.0,0.0,28.720845
2020-09-04 14:00:00,436.0,0.0,0.0,22.96816,436.0,0.0,0.0,27.200509
2020-09-04 15:00:00,436.0,0.0,0.0,23.128644,436.0,0.0,0.0,26.755559
2020-09-04 16:00:00,436.0,0.0,0.0,23.657594,436.0,0.0,0.0,30.994951
2020-09-04 17:00:00,436.0,0.0,0.0,23.206766,436.0,0.0,0.0,104.40138
2020-09-04 18:00:00,436.0,0.0,0.0,22.316181,436.0,0.0,0.0,78.767355
2020-09-04 19:00:00,436.0,0.0,0.0,26.500239,436.0,0.0,0.0,32.489922
2020-09-04 20:00:00,436.0,0.0,0.0,26.429316,436.0,0.0,0.0,27.755129
2020-09-04 21:00:00,436.0,0.0,0.0,23.206766,436.0,0.0,0.0,28.027121
2020-09-04 22:00:00,436.0,0.0,0.0,21.116714,436.0,0.0,0.0,27.297501
2020-09-04 23:00:00,436.0,0.0,0.0,20.400003,436.0,0.0,0.0,26.622913
2020-09-05 00:00:00,436.0,0.0,0.0,19.430296,344.0,30.0,0.0,22.732362
2020-09-05 01:00:00,376.0,0.0,0.0,15.731586,404.0,0.0,0.0,22.732362
2020-09-05 02:00:00,316.0,0.0,0.0,-0.0,436.0,0.0,0.0,22.516066
2020-09-05 03:00:00,284.0,0.0,0.0,-0.0,436.0,0.0,0.0,21.647258
2020-09-05 04:00:00,336.833064,0.0,0.0,18.531796,436.0,0.0,0.0,21.647258
2020-09-05 05:00:00,396.833064,0.0,0.0,19.685338,376.0,0.0,0.0,20.400003
2020-09-05 06:00:00,424.035293,0.0,0.0,18.531796,316.0,0.0,0.0,15.731586
2020-09-05 07:00:00,364.035293,0.0,0.0,-0.0,284.0,0.0,0.0,-0.0
2020-09-05 08:00:00,346.160008,0.0,0.0,18.531796,304.0,0.0,0.0,-0.0
2020-09-05 09:00:00,406.160008,0.0,0.0,19.983547,364.0,0.0,0.0,21.288154
2020-09-05 10:00:00,436.0,0.0,0.0,21.474047,424.0,0.0,0.0,22.516066
2020-09-05 11:00:00,436.0,0.0,0.0,22.576747,436.0,0.0,0.0,23.206766
2020-09-05 12:00:00,436.0,0.0,0.0,23.206766,436.0,0.0,0.0,26.324557
2020-09-05 13:00:00,436.0,0.0,0.0,23.657594,436.0,0.0,0.0,26.564701
2020-09-05 14:00:00,436.0,0.0,0.0,25.9087,436.0,0.0,0.0,28.484049
2020-09-05 15:00:00,436.0,0.0,0.0,26.755559,436.0,0.0,0.0,27.274616
2020-09-05 16:00:00,436.0,0.0,0.0,27.050889,436.0,0.0,0.0,28.771122
2020-09-05 17:00:00,436.0,0.0,0.0,26.892495,436.0,0.0,0.0,105.836285
2020-09-05 18:00:00,436.0,0.0,0.0,27.276799,436.0,0.0,0.0,76.029938
2020-09-05 19:00:00,436.0,0.0,0.0,27.128505,436.0,0.0,0.0,30.277405
2020-09-05 20:00:00,436.0,0.0,0.0,26.755559,436.0,0.0,0.0,27.294941
2020-09-05 21:00:00,436.0,0.0,0.0,26.324557,436.0,0.0,0.0,28.053118
2020-09-05 22:00:00,436.0,0.0,0.0,23.657594,436.0,0.0,0.0,27.998507
2020-09-05 23:00:00,436.0,0.0,0.0,23.206766,436.0,0.0,0.0,26.790897
2020-09-06 00:00:00,436.0,0.0,0.0,23.657594,344.0,30.0,0.0,25.758899
2020-09-06 01:00:00,436.0,0.0,0.0,23.128644,404.0,0.0,0.0,23.206766
2020-09-06 02:00:00,436.0,0.0,0.0,22.732362,436.0,0.0,0.0,22.96816
2020-09-06 03:00:00,436.0,0.0,0.0,21.843654,436.0,0.0,0.0,22.576747
2020-09-06 04:00:00,436.0,0.0,0.0,21.287879,424.0,0.0,0.0,22.732362
2020-09-06 05:00:00,436.0,0.0,0.0,21.287879,364.0,0.0,0.0,21.288154
2020-09-06 06:00:00,436.0,0.0,0.0,19.983547,304.0,0.0,0.0,-0.0
2020-09-06 07:00:00,376.0,0.0,0.0,-0.0,284.0,0.0,0.0,-0.0
2020-09-06 08:00:00,316.0,0.0,0.0,-0.0,284.0,0.0,0.0,-0.0
2020-09-06 09:00:00,284.0,0.0,0.0,-0.0,344.0,0.0,0.0,18.463561
2020-09-06 10:00:00,284.0,0.0,0.0,16.970947,404.0,0.0,0.0,19.983547
2020-09-06 11:00:00,305.799231,0.0,0.0,18.531796,436.0,0.0,0.0,21.474047
2020-09-06 12:00:00,365.799231,0.0,0.0,21.287879,436.0,0.0,0.0,22.732362
2020-09-06 13:00:00,425.799231,0.0,0.0,22.516066,436.0,0.0,0.0,25.9087
2020-09-06 14:00:00,436.0,0.0,0.0,22.732362,436.0,0.0,0.0,27.280547
2020-09-06 15:00:00,436.0,0.0,0.0,25.9087,436.0,0.0,0.0,26.755559
2020-09-06 16:00:00,436.0,0.0,0.0,26.429316,436.0,0.0,0.0,27.274563
2020-09-06 17:00:00,436.0,0.0,0.0,26.790897,436.0,3.93892,0.0,78.617288
2020-09-06 18:00:00,436.0,0.0,0.0,27.276799,436.0,0.0,0.0,74.725914
2020-09-06 19:00:00,436.0,0.0,0.0,27.128505,436.0,0.0,0.0,60.346887
2020-09-06 20:00:00,436.0,0.0,0.0,27.274616,436.0,0.0,0.0,28.749284
2020-09-06 21:00:00,436.0,0.0,0.0,26.755559,436.0,0.0,0.0,27.128505
2020-09-06 22:00:00,436.0,0.0,0.0,26.429316,436.0,0.0,0.0,27.301836
2020-09-06 23:00:00,436.0,0.0,0.0,26.429316,436.0,0.0,0.0,26.594799
2020-09-07 00:00:00,436.0,0.0,0.0,25.9087,410.0,30.0,0.0,23.206766
2020-09-07 01:00:00,436.0,0.0,0.0,23.437807,436.0,0.0,0.0,22.732362
2020-09-07 02:00:00,436.0,0.0,0.0,23.128644,436.0,0.0,0.0,21.474047
2020-09-07 03:00:00,436.0,0.0,0.0,20.846138,436.0,0.0,0.0,21.474047
2020-09-07 04:00:00,376.0,0.0,0.0,-0.0,424.0,0.0,0.0,21.287879
2020-09-07 05:00:00,316.0,0.0,0.0,-0.0,364.0,0.0,0.0,18.072542
2020-09-07 06:00:00,284.0,0.0,0.0,15.731586,304.0,0.0,0.0,-0.0
2020-09-07 07:00:00,284.0,0.0,0.0,16.970947,284.0,0.0,0.0,-0.0
2020-09-07 08:00:00,331.150138,0.0,0.0,18.531796,304.0,0.0,0.0,-0.0
2020-09-07 09:00:00,391.150138,0.0,0.0,18.573789,364.0,0.0,0.0,19.983547
2020-09-07 10:00:00,436.0,0.0,0.0,19.983547,424.0,0.0,0.0,21.647258
2020-09-07 11:00:00,436.0,0.0,0.0,21.647258,436.0,0.0,0.0,23.657594
2020-09-07 12:00:00,436.0,0.0,0.0,19.983547,436.0,0.0,0.0,29.010566
2020-09-07 13:00:00,436.0,0.0,0.0,22.732362,436.0,0.0,0.0,27.333976
2020-09-07 14:00:00,436.0,0.0,0.0,22.576747,436.0,0.0,0.0,28.235431
2020-09-07 15:00:00,436.0,0.0,0.0,23.128644,436.0,0.0,0.0,29.386471
2020-09-07 16:00:00,436.0,0.0,0.0,26.324557,436.0,0.0,0.0,27.468131
2020-09-07 17:00:00,436.0,0.0,0.0,26.429316,436.0,0.0,0.0,105.858992
2020-09-07 18:00:00,436.0,0.0,0.0,27.755129,436.0,0.0,0.0,76.029938
2020-09-07 19:00:00,436.0,0.0,0.0,27.128505,436.0,0.0,0.0,27.755129
2020-09-07 20:00:00,436.0,0.0,0.0,27.050889,436.0,0.0,0.0,29.299079
2020-09-07 21:00:00,436.0,0.0,0.0,26.429316,436.0,0.0,0.0,27.650016
2020-09-07 22:00:00,436.0,0.0,0.0,23.444698,436.0,0.0,0.0,27.991116
2020-09-07 23:00:00,436.0,0.0,0.0,127.274563,436.0,0.0,0.0,26.612602
2020-09-08 00:00:00,436.0,0.0,0.0,26.324557,410.0,30.0,0.0,22.732362
2020-09-08 01:00:00,436.0,0.0,0.0,23.206766,436.0,0.0,0.0,21.647258
2020-09-08 02:00:00,436.0,0.0,0.0,22.492854,436.0,0.0,0.0,21.474047
2020-09-08 03:00:00,436.0,0.0,0.0,22.576747,436.0,0.0,0.0,21.288154
2020-09-08 04:00:00,436.0,0.0,0.0,23.128644,436.0,0.0,0.0,22.732362
2020-09-08 05:00:00,436.0,0.0,0.0,23.87513,436.0,0.0,0.0,23.437807
2020-09-08 06:00:00,436.0,0.0,0.0,23.437807,436.0,0.0,0.0,22.492854
2020-09-08 07:00:00,436.0,0.0,0.0,22.576747,436.0,0.0,0.0,21.474047
2020-09-08 08:00:00,436.0,0.0,0.0,21.843654,436.0,0.0,0.0,22.492854
2020-09-08 09:00:00,436.0,0.0,0.0,22.576747,436.0,0.0,0.0,23.128644
2020-09-08 10:00:00,436.0,0.0,0.0,21.843654,436.0,0.0,0.0,26.198733
2020-09-08 11:00:00,436.0,0.0,0.0,22.576747,436.0,0.0,0.0,28.046607
2020-09-08 12:00:00,436.0,0.0,0.0,22.732362,436.0,0.0,0.0,29.229203
2020-09-08 13:00:00,436.0,0.0,0.0,23.128644,436.0,0.0,0.0,33.960921
2020-09-08 14:00:00,436.0,0.0,0.0,23.437807,436.0,0.0,0.0,34.180502
2020-09-08 15:00:00,436.0,0.0,0.0,26.324557,436.0,0.0,0.0,36.140262
2020-09-08 16:00:00,436.0,0.0,0.0,26.429316,436.0,0.0,0.0,37.431639
2020-09-08 17:00:00,436.0,0.0,0.0,26.755559,436.0,0.0,0.0,104.12302
2020-09-08 18:00:00,436.0,0.0,0.0,27.755129,436.0,0.0,0.0,76.029938
2020-09-08 19:00:00,436.0,0.0,0.0,27.274563,436.0,0.0,0.0,37.737031
2020-09-08 20:00:00,436.0,0.0,0.0,26.429316,436.0,0.0,0.0,37.888655
2020-09-08 21:00:00,436.0,0.0,0.0,23.206766,436.0,0.0,0.0,27.755129
2020-09-08 22:00:00,436.0,0.0,0.0,22.96816,436.0,0.0,0.0,28.795879
2020-09-08 23:00:00,436.0,0.0,0.0,22.576747,436.0,0.0,0.0,27.274563
2020-09-09 00:00:00,436.0,0.0,0.0,20.846138,344.0,30.0,0.0,25.9087
2020-09-09 01:00:00,436.0,0.0,0.0,19.983547,404.0,0.0,0.0,23.206766
2020-09-09 02:00:00,436.0,0.0,0.0,18.573789,436.0,0.0,0.0,22.96816
2020-09-09 03:00:00,376.0,0.0,0.0,18.072542,436.0,0.0,0.0,22.96816
2020-09-09 04:00:00,436.0,0.0,0.0,19.685338,436.0,0.0,0.0,23.206766
2020-09-09 05:00:00,436.0,0.0,0.0,21.288154,436.0,0.0,0.0,23.206766
2020-09-09 06:00:00,436.0,0.0,0.0,22.492854,436.0,0.0,0.0,21.647258
2020-09-09 07:00:00,436.0,0.0,0.0,20.846138,436.0,0.0,0.0,19.983547
2020-09-09 08:00:00,376.0,0.0,0.0,18.072542,423.70587,0.0,0.0,18.531796
2020-09-09 09:00:00,436.0,0.0,0.0,19.430296,436.0,0.0,0.0,21.116411
2020-09-09 10:00:00,436.0,0.0,0.0,21.116411,436.0,0.0,0.0,22.576747
2020-09-09 11:00:00,436.0,0.0,0.0,21.647258,436.0,0.0,0.0,23.206766
2020-09-09 12:00:00,436.0,0.0,0.0,22.96816,436.0,0.0,0.0,26.429316
2020-09-09 13:00:00,436.0,0.0,0.0,22.516066,436.0,0.0,0.0,26.755559
2020-09-09 14:00:00,436.0,0.0,0.0,23.206766,436.0,0.0,0.0,27.128505
2020-09-09 15:00:00,436.0,0.0,0.0,26.324557,436.0,0.0,0.0,30.993609
2020-09-09 16:00:00,436.0,0.0,0.0,26.892495,436.0,0.0,0.0,37.055
2020-09-09 17:00:00,436.0,0.0,0.0,26.790897,436.0,0.0,0.0,102.259098
2020-09-09 18:00:00,436.0,0.0,0.0,27.755129,436.0,0.0,0.0,78.575891
2020-09-09 19:00:00,436.0,0.0,0.0,27.276799,436.0,0.0,0.0,37.055
2020-09-09 20:00:00,436.0,0.0,0.0,27.755129,436.0,0.0,0.0,25.398215
2020-09-09 21:00:00,436.0,0.0,0.0,130.277405,436.0,0.0,0.0,26.666584
2020-09-09 22:00:00,436.0,0.0,0.0,127.274616,436.0,0.0,0.0,26.094754
2020-09-09 23:00:00,436.0,0.0,0.0,26.755559,436.0,0.0,0.0,23.861459
2020-09-10 00:00:00,436.0,0.0,0.0,26.324557,410.0,30.0,0.0,21.168781
2020-09-10 01:00:00,436.0,0.0,0.0,23.128644,436.0,0.0,0.0,19.133765
2020-09-10 02:00:00,436.0,0.0,0.0,22.576747,436.0,0.0,0.0,19.430296
2020-09-10 03:00:00,436.0,0.0,0.0,22.576747,436.0,0.0,0.0,21.116714
2020-09-10 04:00:00,436.0,0.0,0.0,23.657594,436.0,0.0,0.0,22.185841
2020-09-10 05:00:00,436.0,0.0,0.0,26.755559,424.0,0.0,0.0,22.96816
2020-09-10 06:00:00,436.0,0.0,0.0,26.755559,364.0,0.0,0.0,20.400003
2020-09-10 07:00:00,436.0,0.0,0.0,22.576747,304.0,0.0,0.0,-0.0
2020-09-10 08:00:00,436.0,0.0,0.0,21.116411,364.0,0.0,0.0,19.983547
2020-09-10 09:00:00,436.0,0.0,0.0,21.116714,424.0,0.0,0.0,20.400003
2020-09-10 10:00:00,436.0,0.0,0.0,20.846138,436.0,0.0,0.0,21.474047
2020-09-10 11:00:00,436.0,0.0,0.0,21.288154,436.0,0.0,0.0,22.576747
2020-09-10 12:00:00,436.0,0.0,0.0,22.516066,436.0,0.0,0.0,23.444698
2020-09-10 13:00:00,436.0,0.0,0.0,22.516066,436.0,0.0,0.0,26.324557
2020-09-10 14:00:00,436.0,0.0,0.0,22.516066,436.0,0.0,0.0,26.647981
2020-09-10 15:00:00,436.0,0.0,0.0,22.516066,436.0,0.0,0.0,26.429316
2020-09-10 16:00:00,436.0,0.0,0.0,22.576747,436.0,0.0,0.0,27.050889
2020-09-10 17:00:00,436.0,0.0,0.0,23.128644,436.0,0.0,0.0,75.799899
2020-09-10 18:00:00,436.0,0.0,0.0,26.404825,436.0,0.0,0.0,74.725914
2020-09-10 19:00:00,436.0,0.0,0.0,24.555017,436.0,0.0,0.0,52.254022
2020-09-10 20:00:00,436.0,0.0,0.0,23.111065,436.0,0.0,0.0,28.749284
2020-09-10 21:00:00,436.0,0.0,0.0,22.45025,436.0,0.0,0.0,27.128505
2020-09-10 22:00:00,436.0,0.0,0.0,22.96816,436.0,0.0,0.0,26.598383
2020-09-10 23:00:00,436.0,0.0,0.0,23.206766,436.0,0.0,0.0,23.437807
2020-09-11 00:00:00,436.0,0.0,0.0,22.732362,344.0,30.0,0.0,23.206766
2020-09-11 01:00:00,436.0,0.0,0.0,22.492854,404.0,0.0,0.0,22.732362
2020-09-11 02:00:00,436.0,0.0,0.0,22.576747,436.0,0.0,0.0,22.576747
2020-09-11 03:00:00,436.0,0.0,0.0,22.492854,436.0,0.0,0.0,23.128644
2020-09-11 04:00:00,436.0,0.0,0.0,22.732362,436.0,0.0,0.0,23.87513
2020-09-11 05:00:00,436.0,0.0,0.0,23.437807,436.0,0.0,0.0,26.324557
2020-09-11 06:00:00,436.0,0.0,0.0,23.437807,436.0,0.0,0.0,22.576747
2020-09-11 07:00:00,436.0,0.0,0.0,22.516066,436.0,0.0,0.0,21.647258
2020-09-11 08:00:00,436.0,0.0,0.0,21.474047,436.0,0.0,0.0,20.846138
2020-09-11 09:00:00,436.0,0.0,0.0,20.400003,436.0,0.0,0.0,19.983547
2020-09-11 10:00:00,436.0,0.0,0.0,19.983547,436.0,0.0,0.0,19.983547
2020-09-11 11:00:00,436.0,0.0,0.0,19.983547,436.0,0.0,0.0,21.116411
2020-09-11 12:00:00,436.0,0.0,0.0,19.983547,436.0,0.0,0.0,21.647258
2020-09-11 13:00:00,436.0,0.0,0.0,21.474047,436.0,0.0,0.0,23.128644
2020-09-11 14:00:00,436.0,0.0,0.0,21.647258,436.0,0.0,0.0,24.521482
2020-09-11 15:00:00,436.0,0.0,0.0,21.647258,436.0,0.0,0.0,26.324557
2020-09-11 16:00:00,436.0,0.0,0.0,23.128644,436.0,0.0,0.0,27.050889
2020-09-11 17:00:00,436.0,0.0,0.0,23.437807,436.0,0.0,0.0,79.649875
2020-09-11 18:00:00,436.0,0.0,0.0,22.103181,436.0,0.0,0.0,70.256595
2020-09-11 19:00:00,436.0,0.0,0.0,26.790897,436.0,0.0,0.0,26.429316
2020-09-11 20:00:00,436.0,0.0,0.0,26.429316,436.0,0.0,0.0,27.16195
2020-09-11 21:00:00,436.0,0.0,0.0,24.62179,436.0,0.0,0.0,26.545397
2020-09-11 22:00:00,436.0,0.0,0.0,127.274616,436.0,0.0,0.0,24.401958
2020-09-11 23:00:00,436.0,0.0,0.0,23.437807,436.0,0.0,0.0,24.231034
2020-09-12 00:00:00,436.0,0.0,0.0,123.437807,344.0,30.0,0.0,24.836269
2020-09-12 01:00:00,436.0,0.0,0.0,122.96816,404.0,0.0,0.0,21.116714
2020-09-12 02:00:00,436.0,0.0,0.0,21.647258,436.0,0.0,0.0,21.116714
2020-09-12 03:00:00,436.0,0.0,0.0,21.474047,436.0,0.0,0.0,20.846138
2020-09-12 04:00:00,436.0,0.0,0.0,21.647258,424.0,0.0,0.0,21.288154
2020-09-12 05:00:00,436.0,0.0,0.0,22.185841,364.0,0.0,0.0,21.647258
2020-09-12 06:00:00,436.0,0.0,0.0,21.647258,304.0,0.0,0.0,-0.0
2020-09-12 07:00:00,376.0,0.0,0.0,-0.0,296.4,0.0,0.0,-0.0
2020-09-12 08:00:00,353.061475,0.0,0.0,18.531796,297.4,0.0,0.0,-0.0
2020-09-12 09:00:00,323.612589,0.0,0.0,18.531796,292.4,0.0,0.0,-0.0
2020-09-12 10:00:00,284.0,0.0,0.0,-0.0,304.0,0.0,0.0,-0.0
2020-09-12 11:00:00,297.383562,0.0,0.0,18.531796,364.0,0.0,0.0,22.222752
2020-09-12 12:00:00,284.0,0.0,0.0,-0.0,424.0,0.0,0.0,26.281083
2020-09-12 13:00:00,284.0,0.0,0.0,-0.0,436.0,0.0,0.0,22.964576
2020-09-12 14:00:00,284.0,0.0,0.0,-0.0,436.0,0.0,0.0,22.976474
2020-09-12 15:00:00,284.0,0.0,0.0,-0.0,436.0,0.0,0.0,21.647258
2020-09-12 16:00:00,284.0,0.0,0.0,-0.0,436.0,0.0,0.0,22.732362
2020-09-12 17:00:00,344.0,0.0,0.0,20.846138,436.0,0.0,0.0,26.738126
2020-09-12 18:00:00,404.0,0.0,0.0,23.206766,436.0,0.0,0.0,74.692041
2020-09-12 19:00:00,436.0,0.0,0.0,23.437807,436.0,0.0,0.0,70.863685
2020-09-12 20:00:00,436.0,0.0,0.0,22.576747,436.0,0.0,0.0,26.474894
2020-09-12 21:00:00,436.0,0.0,0.0,23.437807,436.0,0.0,0.0,23.184017
2020-09-12 22:00:00,436.0,0.0,0.0,22.576747,436.0,0.0,0.0,22.516066
2020-09-12 23:00:00,436.0,0.0,0.0,20.400003,436.0,0.0,0.0,21.72576
2020-09-13 00:00:00,436.0,0.0,0.0,19.685338,344.0,30.0,0.0,21.287879
2020-09-13 01:00:00,436.0,0.0,0.0,18.573789,404.0,0.0,0.0,21.647258
2020-09-13 02:00:00,436.0,0.0,0.0,19.983547,436.0,0.0,0.0,21.647258
2020-09-13 03:00:00,436.0,0.0,0.0,20.400003,436.0,0.0,0.0,21.647258
2020-09-13 04:00:00,436.0,0.0,0.0,21.116411,424.0,0.0,0.0,22.576747
2020-09-13 05:00:00,436.0,0.0,0.0,21.116714,364.0,0.0,0.0,21.647258
2020-09-13 06:00:00,436.0,0.0,0.0,18.573789,304.0,0.0,0.0,-0.0
2020-09-13 07:00:00,376.0,0.0,0.0,-0.0,284.0,0.0,0.0,-0.0
2020-09-13 08:00:00,316.0,0.0,0.0,-0.0,284.0,0.0,0.0,-0.0
2020-09-13 09:00:00,284.0,0.0,0.0,16.970947,284.0,0.0,0.0,18.463561
2020-09-13 10:00:00,284.0,0.0,0.0,15.731586,344.0,0.0,0.0,19.685338
2020-09-13 11:00:00,284.0,0.0,0.0,18.463561,404.0,0.0,0.0,21.287879
2020-09-13 12:00:00,344.0,0.0,0.0,19.983547,436.0,0.0,0.0,21.647258
2020-09-13 13:00:00,404.0,0.0,0.0,21.288154,436.0,0.0,0.0,24.101915
2020-09-13 14:00:00,436.0,0.0,0.0,21.288154,436.0,0.0,0.0,25.718505
2020-09-13 15:00:00,436.0,0.0,0.0,21.116411,436.0,0.0,0.0,26.659571
2020-09-13 16:00:00,436.0,0.0,0.0,21.647258,436.0,0.0,0.0,26.265159
2020-09-13 17:00:00,436.0,0.0,0.0,23.437807,436.0,8.565381,0.0,27.755129
2020-09-13 18:00:00,436.0,0.0,0.0,26.790897,436.0,0.0,0.0,78.617288
2020-09-13 19:00:00,436.0,0.0,0.0,27.050889,436.0,0.0,0.0,70.214881
2020-09-13 20:00:00,436.0,0.0,0.0,26.755559,436.0,0.0,0.0,27.050889
2020-09-13 21:00:00,436.0,0.0,0.0,26.429316,436.0,0.0,0.0,26.709064
2020-09-13 22:00:00,436.0,0.0,0.0,26.324557,436.0,0.0,0.0,26.552967
2020-09-13 23:00:00,436.0,0.0,0.0,26.324557,436.0,0.0,0.0,26.636699
2020-09-14 00:00:00,436.0,0.0,0.0,23.437807,410.0,30.0,0.0,23.128644
2020-09-14 01:00:00,436.0,0.0,0.0,22.96816,436.0,0.0,0.0,22.96816
2020-09-14 02:00:00,436.0,0.0,0.0,22.576747,436.0,0.0,0.0,22.732362
2020-09-14 03:00:00,436.0,0.0,0.0,22.576747,436.0,0.0,0.0,22.96816
2020-09-14 04:00:00,436.0,0.0,0.0,22.96816,436.0,0.0,0.0,23.657594
2020-09-14 05:00:00,436.0,0.0,0.0,23.657594,436.0,0.0,0.0,25.9087
2020-09-14 06:00:00,436.0,0.0,0.0,23.444698,436.0,0.0,0.0,21.647258
2020-09-14 07:00:00,436.0,0.0,0.0,21.288154,436.0,0.0,0.0,21.116411
2020-09-14 08:00:00,436.0,0.0,0.0,20.846138,436.0,0.0,0.0,21.116714
2020-09-14 09:00:00,436.0,0.0,0.0,21.287879,436.0,0.0,0.0,21.843654
2020-09-14 10:00:00,436.0,0.0,0.0,21.647258,436.0,0.0,0.0,21.647258
2020-09-14 11:00:00,436.0,0.0,0.0,21.647258,436.0,0.0,0.0,22.576747
2020-09-14 12:00:00,436.0,0.0,0.0,22.516066,436.0,0.0,0.0,23.444698
2020-09-14 13:00:00,436.0,0.0,0.0,22.185841,436.0,0.0,0.0,26.388813
2020-09-14 14:00:00,436.0,0.0,0.0,22.185841,436.0,0.0,0.0,26.845422
2020-09-14 15:00:00,436.0,0.0,0.0,22.576747,436.0,0.0,0.0,26.755559
2020-09-14 16:00:00,436.0,0.0,0.0,23.437807,436.0,0.0,0.0,27.404216
2020-09-14 17:00:00,436.0,0.0,0.0,26.429316,436.0,0.0,0.0,76.029938
2020-09-14 18:00:00,436.0,0.0,0.0,27.128505,436.0,0.0,0.0,81.163241
2020-09-14 19:00:00,436.0,0.0,0.0,27.050889,436.0,0.0,0.0,55.658206
2020-09-14 20:00:00,436.0,0.0,0.0,26.845129,436.0,0.0,0.0,29.956899
2020-09-14 21:00:00,436.0,0.0,0.0,27.274563,436.0,0.0,0.0,27.274563
2020-09-14 22:00:00,436.0,0.0,0.0,23.657594,436.0,0.0,0.0,26.790897
2020-09-14 23:00:00,436.0,0.0,0.0,23.444698,436.0,0.0,0.0,27.050889
2020-09-15 00:00:00,436.0,0.0,0.0,22.732362,344.0,30.0,0.0,23.206766
2020-09-15 01:00:00,436.0,0.0,0.0,22.492854,404.0,0.0,0.0,22.576747
2020-09-15 02:00:00,436.0,0.0,0.0,21.474047,436.0,0.0,0.0,21.843654
2020-09-15 03:00:00,436.0,0.0,0.0,21.288154,436.0,0.0,0.0,21.843654
2020-09-15 04:00:00,436.0,0.0,0.0,21.647258,436.0,0.0,0.0,22.732362
2020-09-15 05:00:00,436.0,0.0,0.0,22.732362,436.0,0.0,0.0,23.437807
2020-09-15 06:00:00,436.0,0.0,0.0,22.96816,436.0,0.0,0.0,20.846138
2020-09-15 07:00:00,436.0,0.0,0.0,20.846138,421.771576,0.0,0.0,18.531796
2020-09-15 08:00:00,436.0,0.0,0.0,18.573789,400.830182,0.0,0.0,18.531796
2020-09-15 09:00:00,436.0,0.0,0.0,19.685338,436.0,0.0,0.0,18.573789
2020-09-15 10:00:00,436.0,0.0,0.0,19.983547,436.0,0.0,0.0,19.983547
2020-09-15 11:00:00,436.0,0.0,0.0,21.116411,436.0,0.0,0.0,21.843654
2020-09-15 12:00:00,436.0,0.0,0.0,21.843654,436.0,0.0,0.0,23.128644
2020-09-15 13:00:00,436.0,0.0,0.0,22.732362,436.0,0.0,0.0,25.9087
2020-09-15 14:00:00,436.0,0.0,0.0,22.576747,436.0,0.0,0.0,26.429316
2020-09-15 15:00:00,436.0,0.0,0.0,24.62179,436.0,0.0,0.0,32.193851
2020-09-15 16:00:00,436.0,0.0,0.0,26.790897,436.0,0.0,0.0,73.241207
2020-09-15 17:00:00,436.0,0.0,0.0,26.892495,436.0,0.0,0.0,53.609938
2020-09-15 18:00:00,436.0,0.0,0.0,130.277405,436.0,0.0,0.0,75.041571
2020-09-15 19:00:00,436.0,0.0,0.0,130.277405,436.0,0.0,0.0,28.388445
2020-09-15 20:00:00,436.0,0.0,0.0,27.276799,436.0,0.0,0.0,29.28643
2020-09-15 21:00:00,436.0,16.061169,0.0,141.716991,436.0,0.0,0.0,23.192161
2020-09-15 22:00:00,436.0,76.061169,0.0,283.035526,436.0,0.0,0.0,23.523324
2020-09-15 23:00:00,436.0,29.065573,0.0,141.716991,436.0,0.0,0.0,25.156418
2020-09-16 00:00:00,436.0,0.0,0.0,127.755129,410.0,30.0,0.0,20.846138
2020-09-16 01:00:00,436.0,0.0,0.0,127.755129,436.0,0.0,0.0,20.400003
2020-09-16 02:00:00,436.0,0.0,0.0,126.755559,436.0,0.0,0.0,21.116411
2020-09-16 03:00:00,436.0,0.0,0.0,23.437807,436.0,0.0,0.0,19.983547
2020-09-16 04:00:00,436.0,0.0,0.0,23.437807,424.0,0.0,0.0,21.116714
2020-09-16 05:00:00,436.0,0.0,0.0,23.437807,364.0,0.0,0.0,21.647258
2020-09-16 06:00:00,436.0,0.0,0.0,22.492854,304.0,0.0,0.0,-0.0
2020-09-16 07:00:00,376.0,0.0,0.0,18.072542,284.0,0.0,0.0,-0.0
2020-09-16 08:00:00,316.0,0.0,0.0,18.463561,284.0,0.0,0.0,-0.0
2020-09-16 09:00:00,284.0,0.0,0.0,18.072542,317.248639,0.0,0.0,4.419867
2020-09-16 10:00:00,284.0,0.0,0.0,-0.0,377.248639,0.0,0.0,21.287879
2020-09-16 11:00:00,284.0,0.0,0.0,-0.0,426.0,0.0,0.0,22.516066
2020-09-16 12:00:00,284.0,0.0,0.0,-0.0,436.0,0.0,0.0,26.602219
2020-09-16 13:00:00,284.0,0.0,0.0,-0.0,436.0,0.0,0.0,25.258593
2020-09-16 14:00:00,284.0,0.0,0.0,14.439048,436.0,0.0,0.0,29.270386
2020-09-16 15:00:00,284.0,0.0,0.0,17.509947,436.0,0.0,0.0,23.87513
2020-09-16 16:00:00,344.0,0.0,0.0,20.315067,436.0,0.0,0.0,26.429316
2020-09-16 17:00:00,404.0,0.0,0.0,22.492854,436.0,0.0,0.0,28.875064
2020-09-16 18:00:00,436.0,0.0,0.0,23.931443,436.0,0.0,0.0,24.546852
2020-09-16 19:00:00,436.0,0.0,0.0,23.417568,436.0,0.0,0.0,75.079911
2020-09-16 20:00:00,381.094362,0.0,0.0,18.531796,436.0,0.0,0.0,60.326006
2020-09-16 21:00:00,321.094362,0.0,0.0,15.203383,436.0,0.0,0.0,23.905466
2020-09-16 22:00:00,284.0,0.0,0.0,-0.0,436.0,0.0,0.0,30.332753
2020-09-16 23:00:00,284.0,0.0,0.0,-0.0,436.0,0.0,0.0,22.185841
2020-09-17 00:00:00,284.0,0.0,0.0,-0.0,344.0,2.0,0.0,25.953694
2020-09-17 01:00:00,284.0,0.0,0.0,-0.0,397.139018,0.0,0.0,19.91836
2020-09-17 02:00:00,284.0,0.0,0.0,-0.0,337.139018,0.0,0.0,18.549582
2020-09-17 03:00:00,284.0,0.0,0.0,-0.0,284.0,0.0,0.0,-0.0
2020-09-17 04:00:00,284.0,0.0,0.0,-0.0,284.0,0.0,0.0,-0.0
2020-09-17 05:00:00,284.0,0.0,0.0,15.731586,324.554992,0.0,0.0,18.080345
2020-09-17 06:00:00,285.189638,0.0,0.0,18.531796,302.4,0.0,0.0,-0.0
2020-09-17 07:00:00,284.0,0.0,0.0,-0.0,303.4,0.0,0.0,-0.0
2020-09-17 08:00:00,326.853771,0.0,0.0,18.531796,339.777019,0.0,0.0,-0.0
2020-09-17 09:00:00,386.853771,0.0,0.0,20.08484,399.777019,0.0,0.0,21.116411
2020-09-17 10:00:00,326.853771,0.0,0.0,-0.0,436.0,0.0,0.0,25.717731
2020-09-17 11:00:00,386.853771,0.0,0.0,21.961292,436.0,0.0,0.0,22.598417
2020-09-17 12:00:00,436.0,0.0,0.0,21.915058,436.0,0.0,0.0,30.194012
2020-09-17 13:00:00,436.0,0.0,0.0,20.846138,436.0,0.0,0.0,21.647258
2020-09-17 14:00:00,436.0,0.0,0.0,21.116714,436.0,0.0,0.0,21.411967
2020-09-17 15:00:00,436.0,0.0,0.0,22.185841,436.0,0.0,0.0,22.492854
2020-09-17 16:00:00,436.0,0.0,0.0,21.116714,436.0,0.0,0.0,23.128644
2020-09-17 17:00:00,436.0,0.0,0.0,25.9087,436.0,0.0,0.0,31.125565
2020-09-17 18:00:00,436.0,0.0,0.0,26.755559,436.0,0.0,0.0,76.727948
2020-09-17 19:00:00,436.0,0.0,0.0,26.755559,436.0,0.0,0.0,71.35213
2020-09-17 20:00:00,436.0,0.0,0.0,23.206766,436.0,0.0,0.0,25.9087
2020-09-17 21:00:00,436.0,0.0,0.0,23.206766,436.0,0.0,0.0,25.9087
2020-09-17 22:00:00,436.0,0.0,0.0,23.206766,436.0,0.0,0.0,22.492854
2020-09-17 23:00:00,436.0,0.0,0.0,21.287879,436.0,0.0,0.0,22.516066
2020-09-18 00:00:00,436.0,0.0,0.0,19.983547,344.0,30.0,0.0,22.516066
2020-09-18 01:00:00,436.0,0.0,0.0,18.573789,404.0,0.0,0.0,21.843654
2020-09-18 02:00:00,436.0,0.0,0.0,21.288154,436.0,0.0,0.0,22.492854
2020-09-18 03:00:00,436.0,0.0,0.0,21.288154,436.0,0.0,0.0,21.647258
2020-09-18 04:00:00,436.0,0.0,0.0,21.288154,436.0,0.0,0.0,22.516066
2020-09-18 05:00:00,436.0,0.0,0.0,22.732362,436.0,0.0,0.0,22.732362
2020-09-18 06:00:00,436.0,0.0,0.0,22.516066,436.0,0.0,0.0,19.983547
2020-09-18 07:00:00,436.0,0.0,0.0,19.983547,436.0,0.0,0.0,19.685338
2020-09-18 08:00:00,436.0,0.0,0.0,19.983547,436.0,0.0,0.0,20.400003
2020-09-18 09:00:00,436.0,0.0,0.0,19.430296,436.0,0.0,0.0,21.474047
2020-09-18 10:00:00,376.0,0.0,0.0,-0.0,436.0,0.0,0.0,19.983547
2020-09-18 11:00:00,316.0,0.0,0.0,-0.0,436.0,0.0,0.0,20.400003
2020-09-18 12:00:00,284.0,0.0,0.0,-0.0,436.0,0.0,0.0,19.430296
2020-09-18 13:00:00,284.0,0.0,0.0,-0.0,436.0,0.0,0.0,19.983547
2020-09-18 14:00:00,284.0,0.0,0.0,-0.0,436.0,0.0,0.0,21.474047
2020-09-18 15:00:00,284.0,0.0,0.0,-0.0,436.0,0.0,0.0,21.843654
2020-09-18 16:00:00,344.0,0.0,0.0,19.983547,436.0,0.0,0.0,23.437807
2020-09-18 17:00:00,404.0,0.0,0.0,21.647258,436.0,0.0,0.0,28.443921
2020-09-18 18:00:00,436.0,0.0,0.0,23.206766,436.0,0.0,0.0,110.805144
2020-09-18 19:00:00,436.0,0.0,0.0,23.87513,436.0,0.0,0.0,29.203985
2020-09-18 20:00:00,436.0,0.0,0.0,23.437807,436.0,0.0,0.0,25.9087
2020-09-18 21:00:00,436.0,0.0,0.0,22.576747,436.0,0.0,0.0,28.146581
2020-09-18 22:00:00,436.0,0.0,0.0,21.843654,436.0,0.0,0.0,23.128644
2020-09-18 23:00:00,436.0,0.0,0.0,21.287879,436.0,0.0,0.0,21.287879
2020-09-19 00:00:00,436.0,0.0,0.0,18.573789,344.0,30.0,0.0,20.400003
2020-09-19 01:00:00,376.0,0.0,0.0,17.641822,375.328399,0.0,0.0,18.531796
2020-09-19 02:00:00,316.0,0.0,0.0,-0.0,424.0,0.0,0.0,26.688698
2020-09-19 03:00:00,284.0,0.0,0.0,-0.0,364.0,0.0,0.0,19.983547
2020-09-19 04:00:00,284.0,0.0,0.0,-0.0,304.0,0.0,0.0,17.080045
2020-09-19 05:00:00,284.0,0.0,0.0,-0.0,296.4,0.0,0.0,-0.0
2020-09-19 06:00:00,284.0,0.0,0.0,-0.0,290.4,0.0,0.0,-0.0
2020-09-19 07:00:00,284.0,0.0,0.0,-0.0,295.4,0.0,0.0,-0.0
2020-09-19 08:00:00,284.0,0.0,0.0,-0.0,298.4,0.0,0.0,-0.0
2020-09-19 09:00:00,284.0,0.0,0.0,-0.0,298.4,0.0,0.0,-0.0
2020-09-19 10:00:00,284.0,0.0,0.0,-0.0,298.4,0.0,0.0,-0.0
2020-09-19 11:00:00,284.0,0.0,0.0,-0.0,291.4,0.0,0.0,-0.0
2020-09-19 12:00:00,284.0,0.0,0.0,-0.0,285.4,0.0,0.0,-0.0
2020-09-19 13:00:00,284.0,0.0,0.0,-0.0,284.0,0.0,0.0,-0.0
2020-09-19 14:00:00,284.0,0.0,0.0,-0.0,318.11755,0.0,0.0,19.430296
2020-09-19 15:00:00,284.0,0.0,0.0,-0.0,378.11755,0.0,0.0,20.846138
2020-09-19 16:00:00,284.0,0.0,0.0,-0.0,436.0,0.0,0.0,22.732362
2020-09-19 17:00:00,284.0,0.0,0.0,-0.0,436.0,0.0,0.0,73.077521
2020-09-19 18:00:00,284.0,0.0,0.0,-0.0,436.0,0.0,0.0,79.050133
2020-09-19 19:00:00,284.0,0.0,0.0,18.072542,436.0,0.0,0.0,25.9087
2020-09-19 20:00:00,284.0,0.0,0.0,-0.0,436.0,0.0,0.0,22.576747
2020-09-19 21:00:00,284.0,0.0,0.0,-0.0,436.0,0.0,0.0,21.843654
2020-09-19 22:00:00,284.0,0.0,0.0,-0.0,406.586446,0.0,0.0,19.430296
2020-09-19 23:00:00,284.0,0.0,0.0,-0.0,436.0,0.0,0.0,20.846138
2020-09-20 00:00:00,284.0,0.0,0.0,18.072542,344.0,2.0,0.0,21.647258
2020-09-20 01:00:00,284.0,0.0,0.0,-0.0,404.0,0.0,0.0,25.122938
2020-09-20 02:00:00,284.0,0.0,0.0,-0.0,436.0,0.0,0.0,21.288154
2020-09-20 03:00:00,284.0,0.0,0.0,-0.0,436.0,0.0,0.0,28.668236
2020-09-20 04:00:00,284.0,0.0,0.0,18.072542,424.0,0.0,0.0,21.647258
2020-09-20 05:00:00,284.0,0.0,0.0,18.072542,364.0,0.0,0.0,15.416335
2020-09-20 06:00:00,284.0,0.0,0.0,-0.0,304.0,0.0,0.0,-0.0
2020-09-20 07:00:00,284.0,0.0,0.0,-0.0,294.4,0.0,0.0,-0.0
2020-09-20 08:00:00,284.0,0.0,0.0,-0.0,294.4,0.0,0.0,-0.0
2020-09-20 09:00:00,284.0,0.0,0.0,-0.0,284.0,0.0,0.0,-0.0
2020-09-20 10:00:00,284.0,0.0,0.0,-0.0,284.0,0.0,0.0,-0.0
2020-09-20 11:00:00,284.0,0.0,0.0,-0.0,299.4,0.0,0.0,-0.0
2020-09-20 12:00:00,284.0,0.0,0.0,-0.0,359.4,0.0,0.0,18.573789
2020-09-20 13:00:00,284.0,0.0,0.0,16.970947,419.4,0.0,0.0,21.985283
2020-09-20 14:00:00,292.463255,0.0,0.0,18.531796,436.0,0.0,0.0,24.655267
2020-09-20 15:00:00,284.0,0.0,0.0,18.072542,436.0,0.0,0.0,24.914819
2020-09-20 16:00:00,344.0,0.0,0.0,20.846138,436.0,0.0,0.0,26.429316
2020-09-20 17:00:00,404.0,0.0,0.0,22.576747,436.0,0.0,0.0,27.050889
2020-09-20 18:00:00,436.0,0.0,0.0,26.429316,436.0,0.0,0.0,81.163241
2020-09-20 19:00:00,436.0,0.0,0.0,26.790897,436.0,0.0,0.0,60.979899
2020-09-20 20:00:00,436.0,0.0,0.0,26.324557,436.0,0.0,0.0,27.050889
2020-09-20 21:00:00,436.0,0.0,0.0,26.324557,436.0,0.0,0.0,25.9087
2020-09-20 22:00:00,436.0,0.0,0.0,23.87513,436.0,0.0,0.0,26.098353
2020-09-20 23:00:00,436.0,0.0,0.0,23.87513,436.0,0.0,0.0,25.394635
2020-09-21 00:00:00,436.0,0.0,0.0,22.96816,384.563229,30.0,0.0,23.87513
2020-09-21 01:00:00,436.0,0.0,0.0,22.516066,436.0,0.0,0.0,23.128644
2020-09-21 02:00:00,436.0,0.0,0.0,21.647258,436.0,0.0,0.0,22.732362
2020-09-21 03:00:00,436.0,0.0,0.0,21.474047,436.0,0.0,0.0,22.732362
2020-09-21 04:00:00,436.0,0.0,0.0,23.128644,436.0,0.0,0.0,25.9087
2020-09-21 05:00:00,436.0,0.0,0.0,23.437807,424.0,0.0,0.0,29.743338
2020-09-21 06:00:00,436.0,0.0,0.0,23.128644,364.0,0.0,0.0,21.116411
2020-09-21 07:00:00,436.0,0.0,0.0,19.430296,304.0,0.0,0.0,-0.0
2020-09-21 08:00:00,376.0,0.0,0.0,-0.0,284.0,0.0,0.0,-0.0
2020-09-21 09:00:00,316.0,0.0,0.0,-0.0,284.0,0.0,0.0,-0.0
2020-09-21 10:00:00,284.0,0.0,0.0,-0.0,284.0,0.0,0.0,-0.0
2020-09-21 11:00:00,284.0,0.0,0.0,-0.0,316.0,0.0,0.0,18.463561
2020-09-21 12:00:00,284.0,0.0,0.0,-0.0,376.0,0.0,0.0,20.400003
2020-09-21 13:00:00,344.0,0.0,0.0,18.573789,436.0,0.0,0.0,21.288154
2020-09-21 14:00:00,404.0,0.0,0.0,21.116714,436.0,0.0,0.0,22.96816
2020-09-21 15:00:00,436.0,0.0,0.0,21.116411,436.0,0.0,0.0,24.500769
2020-09-21 16:00:00,436.0,0.0,0.0,22.516066,436.0,0.0,0.0,28.167355
2020-09-21 17:00:00,436.0,0.0,0.0,25.9087,436.0,0.0,0.0,75.511591
2020-09-21 18:00:00,436.0,0.0,0.0,27.274563,436.0,0.0,0.0,65.626268
2020-09-21 19:00:00,436.0,0.0,0.0,27.050889,436.0,0.0,0.0,28.739262
2020-09-21 20:00:00,436.0,0.0,0.0,26.429316,436.0,0.0,0.0,26.790897
2020-09-21 21:00:00,436.0,0.0,0.0,127.274563,436.0,0.0,0.0,23.206766
2020-09-21 22:00:00,436.0,0.0,0.0,25.9087,436.0,0.0,0.0,23.437807
2020-09-21 23:00:00,436.0,0.0,0.0,126.790897,436.0,0.0,0.0,23.657594
2020-09-22 00:00:00,436.0,0.0,0.0,23.206766,410.0,30.0,0.0,20.989617
2020-09-22 01:00:00,436.0,57.57993,0.0,141.716991,436.0,0.0,0.0,21.009124
2020-09-22 02:00:00,436.0,0.0,0.0,123.657594,436.0,0.0,0.0,20.23509
2020-09-22 03:00:00,436.0,0.0,0.0,125.9087,402.323394,0.0,0.0,19.133765
2020-09-22 04:00:00,436.0,58.703179,0.0,141.716991,424.0,0.0,0.0,19.153665
2020-09-22 05:00:00,436.0,90.0,0.0,1000.0,364.0,0.0,0.0,20.726727
2020-09-22 06:00:00,436.0,90.0,0.0,1000.0,304.0,0.0,0.0,-0.0
2020-09-22 07:00:00,436.0,30.0,0.0,122.732362,295.4,0.0,0.0,-0.0
2020-09-22 08:00:00,436.0,0.0,0.0,21.116411,298.4,0.0,0.0,-0.0
2020-09-22 09:00:00,436.0,0.0,0.0,19.685338,294.4,0.0,0.0,-0.0
2020-09-22 10:00:00,436.0,0.0,0.0,19.685338,294.4,0.0,0.0,-0.0
2020-09-22 11:00:00,436.0,0.0,0.0,20.400003,304.0,0.0,0.0,-0.0
2020-09-22 12:00:00,436.0,0.0,0.0,21.288154,364.0,0.0,0.0,21.735407
2020-09-22 13:00:00,436.0,0.0,0.0,21.287879,424.0,0.0,0.0,25.504597
2020-09-22 14:00:00,436.0,0.0,0.0,21.116411,436.0,0.0,0.0,25.326778
2020-09-22 15:00:00,436.0,0.0,0.0,23.128644,436.0,0.0,0.0,23.206766
2020-09-22 16:00:00,436.0,0.0,0.0,23.128644,436.0,0.0,0.0,26.429316
2020-09-22 17:00:00,436.0,0.0,0.0,26.324557,436.0,0.0,0.0,67.501223
2020-09-22 18:00:00,436.0,0.0,0.0,26.429316,436.0,0.0,0.0,79.649875
2020-09-22 19:00:00,436.0,0.0,0.0,26.324557,436.0,0.0,0.0,26.790897
2020-09-22 20:00:00,436.0,0.0,0.0,21.168781,436.0,0.0,0.0,26.640051
2020-09-22 21:00:00,436.0,0.0,0.0,21.118653,436.0,0.0,0.0,26.40967
2020-09-22 22:00:00,436.0,0.0,0.0,21.99146,436.0,0.0,0.0,25.339142
2020-09-22 23:00:00,436.0,0.0,0.0,21.118653,436.0,0.0,0.0,21.413908
2020-09-23 00:00:00,436.0,0.0,0.0,21.118653,344.0,30.0,0.0,22.607929
2020-09-23 01:00:00,436.0,0.0,0.0,21.843654,404.0,0.0,0.0,21.513966
2020-09-23 02:00:00,376.0,0.0,0.0,12.446703,436.0,0.0,0.0,20.985348
2020-09-23 03:00:00,316.0,0.0,0.0,-0.0,376.0,0.0,0.0,18.531796
2020-09-23 04:00:00,284.0,0.0,0.0,-0.0,411.539752,0.0,0.0,18.573789
2020-09-23 05:00:00,284.0,0.0,0.0,17.265035,364.0,0.0,0.0,29.949578
2020-09-23 06:00:00,288.359226,0.0,0.0,18.531796,304.0,0.0,0.0,-0.0
2020-09-23 07:00:00,284.0,0.0,0.0,-0.0,296.4,0.0,0.0,-0.0
2020-09-23 08:00:00,284.0,0.0,0.0,-0.0,297.4,0.0,0.0,-0.0
2020-09-23 09:00:00,284.0,0.0,0.0,-0.0,294.4,0.0,0.0,-0.0
2020-09-23 10:00:00,284.0,0.0,0.0,-0.0,292.4,0.0,0.0,-0.0
2020-09-23 11:00:00,284.0,0.0,0.0,-0.0,286.4,0.0,0.0,-0.0
2020-09-23 12:00:00,284.0,0.0,0.0,-0.0,289.4,0.0,0.0,-0.0
2020-09-23 13:00:00,284.0,0.0,0.0,-0.0,321.545379,0.0,0.0,18.531796
2020-09-23 14:00:00,284.0,0.0,0.0,-0.0,290.4,0.0,0.0,0.232625
2020-09-23 15:00:00,284.0,0.0,0.0,-0.0,333.588257,0.0,0.0,-0.0
2020-09-23 16:00:00,284.0,0.0,0.0,-0.0,317.835465,0.0,0.0,11.520416
2020-09-23 17:00:00,344.0,0.0,0.0,18.573789,377.835465,0.0,0.0,23.437807
2020-09-23 18:00:00,404.0,0.0,0.0,19.983547,436.0,0.0,0.0,25.717654
2020-09-23 19:00:00,436.0,0.0,0.0,18.573789,436.0,0.0,0.0,126.790897
2020-09-23 20:00:00,376.0,0.0,0.0,-0.0,424.0,0.0,0.0,45.584983
2020-09-23 21:00:00,316.0,0.0,0.0,-0.0,364.0,0.0,0.0,23.192161
2020-09-23 22:00:00,284.0,0.0,0.0,-0.0,304.0,0.0,0.0,-0.0
2020-09-23 23:00:00,284.0,0.0,0.0,-0.0,284.0,0.0,0.0,-0.0
2020-09-24 00:00:00,284.0,0.0,0.0,13.557277,284.0,2.0,0.0,-0.0
2020-09-24 01:00:00,284.0,0.0,0.0,-0.0,284.0,0.0,0.0,-0.0
2020-09-24 02:00:00,284.0,0.0,0.0,-0.0,284.0,0.0,0.0,-0.0
2020-09-24 03:00:00,284.0,0.0,0.0,-0.0,284.0,0.0,0.0,-0.0
2020-09-24 04:00:00,284.0,0.0,0.0,-0.0,284.0,0.0,0.0,-0.0
2020-09-24 05:00:00,284.0,0.0,0.0,-0.0,284.0,0.0,0.0,-0.0
2020-09-24 06:00:00,284.0,0.0,0.0,-0.0,284.0,0.0,0.0,-0.0
2020-09-24 07:00:00,284.0,0.0,0.0,-0.0,284.0,0.0,0.0,-0.0
2020-09-24 08:00:00,284.0,0.0,0.0,-0.0,329.839647,0.0,0.0,-0.0
2020-09-24 09:00:00,284.0,0.0,0.0,-0.0,304.0,0.181203,0.0,-0.0
2020-09-24 10:00:00,284.0,0.0,0.0,-0.0,330.590471,0.0,0.0,-0.0
2020-09-24 11:00:00,284.0,0.0,0.0,-0.0,342.016409,0.0,0.0,-0.0
2020-09-24 12:00:00,284.0,0.0,0.0,-0.0,332.57253,0.0,0.0,-0.0
2020-09-24 13:00:00,284.0,0.0,0.0,-0.0,293.4,0.0,0.0,-0.0
2020-09-24 14:00:00,284.0,0.0,0.0,-0.0,292.4,0.0,0.0,-0.0
2020-09-24 15:00:00,284.0,0.0,0.0,-0.0,304.0,0.0,0.0,1.836179
2020-09-24 16:00:00,284.0,0.0,0.0,-0.0,364.0,0.0,0.0,40.890608
2020-09-24 17:00:00,323.735332,0.0,0.0,18.531796,424.0,0.0,0.0,21.262935
2020-09-24 18:00:00,383.735332,0.0,0.0,23.366674,436.0,0.0,0.0,68.384368
2020-09-24 19:00:00,323.735332,0.0,0.0,118.531796,381.178162,0.0,0.0,58.899476
2020-09-24 20:00:00,383.735332,0.0,0.0,78.402459,436.0,0.0,0.0,23.192161
2020-09-24 21:00:00,436.0,0.0,0.0,23.192161,436.0,0.0,0.0,22.223434
2020-09-24 22:00:00,436.0,0.0,0.0,21.801606,436.0,0.0,0.0,21.096593
2020-09-24 23:00:00,376.0,0.0,0.0,119.379379,436.0,0.0,0.0,18.60404
2020-09-25 00:00:00,436.0,0.0,0.0,22.576747,344.0,2.0,0.0,20.989617
2020-09-25 01:00:00,436.0,0.0,0.0,21.116714,298.913685,0.0,0.0,18.531796
2020-09-25 02:00:00,436.0,0.0,0.0,19.685338,297.598848,0.0,0.0,-0.0
2020-09-25 03:00:00,436.0,0.0,0.0,21.116714,357.598848,0.0,0.0,18.072542
2020-09-25 04:00:00,436.0,0.0,0.0,21.474047,417.598848,0.0,0.0,20.846138
2020-09-25 05:00:00,376.0,0.0,0.0,119.288714,364.0,0.0,0.0,51.157933
2020-09-25 06:00:00,316.673824,0.0,0.0,119.417922,304.0,0.0,0.0,5.246904
2020-09-25 07:00:00,376.673824,0.0,0.0,19.430296,284.0,0.0,0.0,-0.0
2020-09-25 08:00:00,349.282717,0.0,0.0,18.531796,284.0,0.0,0.0,-0.0
2020-09-25 09:00:00,321.180151,0.0,0.0,18.531796,284.0,0.0,0.0,-0.0
2020-09-25 10:00:00,292.809208,0.0,0.0,18.531796,284.0,0.0,0.0,-0.0
2020-09-25 11:00:00,325.625026,0.0,0.0,18.531796,284.0,0.0,0.0,18.531796
2020-09-25 12:00:00,340.289615,0.0,0.0,18.531796,284.0,0.0,0.0,17.633297
2020-09-25 13:00:00,309.120891,0.0,0.0,18.531796,325.605578,-0.0,0.0,19.430296
2020-09-25 14:00:00,369.120891,0.0,0.0,19.685338,385.605578,0.0,0.0,23.877576
2020-09-25 15:00:00,361.580776,0.0,0.0,18.531796,436.0,0.0,0.0,25.12507
2020-09-25 16:00:00,301.580776,0.0,0.0,15.731586,436.0,0.0,0.0,26.429316
2020-09-25 17:00:00,361.580776,0.0,0.0,22.96816,436.0,0.0,0.0,27.321996
2020-09-25 18:00:00,421.580776,0.0,0.0,25.9087,436.0,0.0,0.0,81.163241
2020-09-25 19:00:00,436.0,0.0,0.0,26.429316,436.0,0.0,0.0,65.490407
2020-09-25 20:00:00,436.0,0.0,0.0,23.206766,436.0,0.0,0.0,26.429316
2020-09-25 21:00:00,436.0,0.0,0.0,22.732362,436.0,0.0,0.0,26.476634
2020-09-25 22:00:00,436.0,0.0,0.0,22.732362,436.0,0.0,0.0,26.324557
2020-09-25 23:00:00,436.0,0.0,0.0,23.128644,436.0,0.0,0.0,25.535375
2020-09-26 00:00:00,436.0,0.0,0.0,26.324557,344.0,30.0,0.0,27.693341
2020-09-26 01:00:00,436.0,0.0,0.0,23.657594,404.0,0.0,0.0,26.324557
2020-09-26 02:00:00,436.0,0.0,0.0,22.732362,436.0,0.0,0.0,25.9087
2020-09-26 03:00:00,436.0,0.0,0.0,22.732362,436.0,0.0,0.0,23.87513
2020-09-26 04:00:00,436.0,0.0,0.0,22.732362,436.0,0.0,0.0,26.27687
2020-09-26 05:00:00,436.0,0.0,0.0,22.732362,436.0,0.0,0.0,31.398627
2020-09-26 06:00:00,436.0,0.0,0.0,127.274616,404.0,0.0,0.0,21.116714
2020-09-26 07:00:00,436.0,0.0,0.0,19.685338,344.0,0.0,0.0,17.507728
2020-09-26 08:00:00,376.0,0.0,0.0,-0.0,284.0,0.0,0.0,-0.0
2020-09-26 09:00:00,316.0,0.0,0.0,-0.0,284.0,0.0,0.0,-0.0
2020-09-26 10:00:00,284.0,0.0,0.0,-0.0,284.0,0.0,0.0,-0.0
2020-09-26 11:00:00,284.0,0.0,0.0,-0.0,284.0,0.0,0.0,-0.0
2020-09-26 12:00:00,284.0,0.0,0.0,-0.0,289.4,0.0,0.0,-0.0
2020-09-26 13:00:00,284.0,0.0,0.0,-0.0,349.4,0.0,0.0,19.430296
2020-09-26 14:00:00,344.0,0.0,0.0,19.685338,409.4,0.0,0.0,21.287879
2020-09-26 15:00:00,376.12611,0.0,0.0,18.531796,436.0,0.0,0.0,23.741177
2020-09-26 16:00:00,436.0,0.0,0.0,21.116714,436.0,0.0,0.0,23.437807
2020-09-26 17:00:00,436.0,0.0,0.0,22.732362,436.0,0.0,0.0,29.770271
2020-09-26 18:00:00,436.0,0.0,0.0,23.657594,436.0,0.0,0.0,79.361567
2020-09-26 19:00:00,436.0,0.0,0.0,26.429316,436.0,0.0,0.0,60.927025
2020-09-26 20:00:00,436.0,0.0,0.0,23.437807,436.0,0.0,0.0,26.790897
2020-09-26 21:00:00,436.0,0.0,0.0,23.437807,436.0,0.0,0.0,26.772674
2020-09-26 22:00:00,436.0,0.0,0.0,23.657594,436.0,0.0,0.0,25.728579
2020-09-26 23:00:00,436.0,0.0,0.0,23.437807,436.0,0.0,0.0,23.128644
2020-09-27 00:00:00,436.0,0.0,0.0,23.437807,344.0,30.0,0.0,26.324557
2020-09-27 01:00:00,436.0,0.0,0.0,26.324557,404.0,0.0,0.0,26.746553
2020-09-27 02:00:00,436.0,0.0,0.0,23.437807,436.0,0.0,0.0,23.437807
2020-09-27 03:00:00,436.0,0.0,0.0,23.128644,436.0,0.0,0.0,23.657594
2020-09-27 04:00:00,436.0,0.0,0.0,23.128644,436.0,0.0,0.0,23.657594
2020-09-27 05:00:00,436.0,0.0,0.0,23.128644,424.0,0.0,0.0,32.028084
2020-09-27 06:00:00,436.0,0.0,0.0,23.437807,364.0,0.0,0.0,18.072542
2020-09-27 07:00:00,376.0,0.0,0.0,-0.0,304.0,0.0,0.0,-0.0
2020-09-27 08:00:00,316.0,0.0,0.0,-0.0,284.0,0.0,0.0,-0.0
2020-09-27 09:00:00,284.0,0.0,0.0,-0.0,284.0,0.0,0.0,-0.0
2020-09-27 10:00:00,284.0,0.0,0.0,-0.0,284.0,0.0,0.0,-0.0
2020-09-27 11:00:00,284.0,0.0,0.0,-0.0,284.0,0.0,0.0,-0.0
2020-09-27 12:00:00,284.0,0.0,0.0,-0.0,339.126036,0.0,0.0,16.663589
2020-09-27 13:00:00,284.0,0.0,0.0,18.072542,399.126036,0.0,0.0,20.400003
2020-09-27 14:00:00,344.0,0.0,0.0,19.430296,436.0,0.0,0.0,21.647258
2020-09-27 15:00:00,404.0,0.0,0.0,19.685338,436.0,0.0,0.0,23.512601
2020-09-27 16:00:00,436.0,0.0,0.0,19.983547,436.0,0.0,0.0,26.324557
2020-09-27 17:00:00,436.0,0.0,0.0,23.437807,436.0,0.0,0.0,26.790897
2020-09-27 18:00:00,436.0,0.0,0.0,26.429316,436.0,0.0,0.0,77.103923
2020-09-27 19:00:00,436.0,0.0,0.0,26.790897,436.0,0.0,0.0,66.169367
2020-09-27 20:00:00,436.0,0.0,0.0,26.324557,436.0,0.0,0.0,26.755559
2020-09-27 21:00:00,436.0,0.0,0.0,26.324557,436.0,0.0,0.0,25.9087
2020-09-27 22:00:00,436.0,0.0,0.0,23.128644,436.0,0.0,0.0,23.128644
2020-09-27 23:00:00,436.0,0.0,0.0,22.576747,436.0,0.0,0.0,24.886862
2020-09-28 00:00:00,436.0,0.0,0.0,21.843654,344.0,30.0,0.0,22.576747
2020-09-28 01:00:00,436.0,0.0,0.0,21.647258,404.0,0.0,0.0,21.843654
2020-09-28 02:00:00,436.0,0.0,0.0,21.287879,436.0,0.0,0.0,21.647258
2020-09-28 03:00:00,436.0,0.0,0.0,21.288154,436.0,0.0,0.0,21.843654
2020-09-28 04:00:00,436.0,0.0,0.0,21.843654,436.0,0.0,0.0,23.128644
2020-09-28 05:00:00,436.0,0.0,0.0,23.437807,436.0,0.0,0.0,67.860965
2020-09-28 06:00:00,436.0,0.0,0.0,23.87513,424.0,0.0,0.0,20.846138
2020-09-28 07:00:00,436.0,0.0,0.0,19.685338,364.0,0.0,0.0,19.430296
2020-09-28 08:00:00,382.922317,0.0,0.0,18.531796,304.0,0.0,0.0,-0.0
2020-09-28 09:00:00,322.922317,0.0,0.0,15.731586,284.0,0.0,0.0,-0.0
2020-09-28 10:00:00,284.0,0.0,0.0,16.970947,344.0,0.0,0.0,18.072542
2020-09-28 11:00:00,284.0,0.0,0.0,18.463561,404.0,0.0,0.0,19.983547
2020-09-28 12:00:00,344.0,0.0,0.0,19.983547,436.0,0.0,0.0,21.287879
2020-09-28 13:00:00,404.0,0.0,0.0,21.288154,436.0,0.0,0.0,22.732362
2020-09-28 14:00:00,436.0,0.0,0.0,21.116714,436.0,0.0,0.0,25.800183
2020-09-28 15:00:00,436.0,0.0,0.0,21.647258,436.0,0.0,0.0,26.324557
2020-09-28 16:00:00,436.0,0.0,0.0,23.128644,436.0,4.238145,0.0,27.128505
2020-09-28 17:00:00,436.0,0.0,0.0,26.429316,436.0,9.063548,0.0,71.914441
2020-09-28 18:00:00,436.0,0.0,0.0,26.790897,436.0,0.0,0.0,77.313264
2020-09-28 19:00:00,436.0,0.0,0.0,26.790897,436.0,0.0,0.0,27.128505
2020-09-28 20:00:00,436.0,0.0,0.0,25.9087,436.0,0.0,0.0,27.128505
2020-09-28 21:00:00,436.0,0.0,0.0,23.657594,436.0,0.0,0.0,26.569654
2020-09-28 22:00:00,436.0,0.0,0.0,23.206766,436.0,0.0,0.0,26.324557
2020-09-28 23:00:00,436.0,0.0,0.0,23.437807,436.0,0.0,0.0,23.437807
2020-09-29 00:00:00,436.0,0.0,0.0,22.492854,344.0,30.0,0.0,22.96816
2020-09-29 01:00:00,436.0,0.0,0.0,21.843654,404.0,0.0,0.0,21.647258
2020-09-29 02:00:00,436.0,0.0,0.0,21.474047,436.0,0.0,0.0,21.474047
2020-09-29 03:00:00,436.0,0.0,0.0,21.287879,436.0,0.0,0.0,21.647258
2020-09-29 04:00:00,436.0,0.0,0.0,21.474047,436.0,0.0,0.0,23.128644
2020-09-29 05:00:00,436.0,0.0,0.0,23.128644,436.0,0.0,0.0,23.87513
2020-09-29 06:00:00,436.0,0.0,0.0,23.437807,432.746505,0.0,0.0,21.116714
2020-09-29 07:00:00,436.0,0.0,0.0,21.116411,372.746505,0.0,0.0,18.573789
2020-09-29 08:00:00,436.0,0.0,0.0,18.573789,312.746505,0.0,0.0,15.904886
2020-09-29 09:00:00,436.0,0.0,0.0,18.573789,284.0,0.0,0.0,18.072542
2020-09-29 10:00:00,436.0,0.0,0.0,18.573789,316.0,0.0,0.0,15.731586
2020-09-29 11:00:00,376.0,0.0,0.0,18.072542,376.0,0.0,0.0,19.430296
2020-09-29 12:00:00,436.0,0.0,0.0,18.573789,436.0,0.0,0.0,21.116714
2020-09-29 13:00:00,436.0,0.0,0.0,21.288154,436.0,0.0,0.0,22.96816
2020-09-29 14:00:00,436.0,0.0,0.0,22.516066,436.0,0.0,0.0,25.9087
2020-09-29 15:00:00,436.0,0.0,0.0,21.647258,436.0,0.0,0.0,26.429316
2020-09-29 16:00:00,436.0,0.0,0.0,23.206766,436.0,0.0,0.0,27.343709
2020-09-29 17:00:00,436.0,0.0,0.0,26.845129,436.0,0.0,0.0,77.064781
2020-09-29 18:00:00,436.0,0.0,0.0,27.128505,436.0,0.0,0.0,72.454221
2020-09-29 19:00:00,436.0,0.0,0.0,27.128505,436.0,0.0,0.0,27.291388
2020-09-29 20:00:00,436.0,0.0,0.0,26.845129,436.0,0.0,0.0,27.274616
2020-09-29 21:00:00,436.0,0.0,0.0,26.324557,436.0,0.0,0.0,26.46368
2020-09-29 22:00:00,436.0,0.0,0.0,23.437807,436.0,0.0,0.0,25.9087
2020-09-29 23:00:00,436.0,0.0,0.0,23.128644,436.0,0.0,0.0,25.9087
2020-09-30 00:00:00,436.0,0.0,0.0,21.647258,344.0,30.0,0.0,22.576747
2020-09-30 01:00:00,436.0,0.0,0.0,21.287879,404.0,0.0,0.0,21.843654
2020-09-30 02:00:00,436.0,0.0,0.0,21.116411,436.0,0.0,0.0,21.288154
2020-09-30 03:00:00,436.0,0.0,0.0,20.400003,436.0,0.0,0.0,21.288154
2020-09-30 04:00:00,436.0,0.0,0.0,21.287879,436.0,0.0,0.0,22.576747
2020-09-30 05:00:00,436.0,0.0,0.0,22.576747,436.0,0.0,0.0,23.437807
2020-09-30 06:00:00,436.0,0.0,0.0,23.128644,376.0,0.0,0.0,20.400003
2020-09-30 07:00:00,419.120614,0.0,0.0,18.531796,316.0,0.0,0.0,15.731586
2020-09-30 08:00:00,359.120614,0.0,0.0,-0.0,284.0,0.0,0.0,-0.0
2020-09-30 09:00:00,299.120614,0.0,0.0,14.191367,284.0,0.0,0.0,-0.0
2020-09-30 10:00:00,284.0,0.0,0.0,16.970947,344.0,0.0,0.0,18.072542
2020-09-30 11:00:00,291.036025,0.0,0.0,18.531796,404.0,0.0,0.0,19.685338
2020-09-30 12:00:00,351.036025,0.0,0.0,19.983547,436.0,0.0,0.0,21.116714
2020-09-30 13:00:00,411.036025,0.0,0.0,21.116411,436.0,0.0,0.0,22.492854
2020-09-30 14:00:00,436.0,0.0,0.0,22.492854,436.0,0.0,0.0,23.437807
2020-09-30 15:00:00,436.0,0.0,0.0,21.647258,436.0,0.0,0.0,23.87513
2020-09-30 16:00:00,436.0,0.0,0.0,22.96816,436.0,0.0,0.0,27.128505
2020-09-30 17:00:00,436.0,0.0,0.0,26.755559,436.0,0.0,0.0,72.454221
2020-09-30 18:00:00,436.0,0.0,0.0,26.845129,436.0,0.0,0.0,77.572423
2020-09-30 19:00:00,436.0,0.0,0.0,27.050889,436.0,0.0,0.0,27.276799
2020-09-30 20:00:00,436.0,0.0,0.0,26.845129,436.0,0.0,0.0,28.260831
2020-09-30 21:00:00,436.0,0.0,0.0,26.755559,436.0,0.0,0.0,26.755559
2020-09-30 22:00:00,436.0,0.0,0.0,23.87513,436.0,0.0,0.0,25.600561
2020-09-30 23:00:00,436.0,0.0,0.0,23.87513,436.0,0.0,0.0,23.977979
2020-10-01 00:00:00,436.0,0.0,0.0,23.128644,344.0,30.0,0.0,23.437807
2020-10-01 01:00:00,436.0,0.0,0.0,22.732362,404.0,0.0,0.0,23.128644
2020-10-01 02:00:00,436.0,0.0,0.0,22.576747,436.0,0.0,0.0,22.732362
2020-10-01 03:00:00,436.0,0.0,0.0,22.516066,436.0,0.0,0.0,22.732362
2020-10-01 04:00:00,436.0,0.0,0.0,22.576747,436.0,0.0,0.0,23.206766
2020-10-01 05:00:00,436.0,0.0,0.0,23.437807,436.0,0.0,0.0,26.324557
2020-10-01 06:00:00,436.0,0.0,0.0,23.437807,436.0,0.0,0.0,21.287879
2020-10-01 07:00:00,436.0,0.0,0.0,21.116714,391.017238,0.0,0.0,18.531796
2020-10-01 08:00:00,404.842305,0.0,0.0,18.531796,395.910593,0.0,0.0,18.531796
2020-10-01 09:00:00,436.0,0.0,0.0,19.430296,436.0,0.0,0.0,19.685338
2020-10-01 10:00:00,436.0,0.0,0.0,20.846138,436.0,0.0,0.0,19.983547
2020-10-01 11:00:00,436.0,0.0,0.0,21.116714,436.0,0.0,0.0,21.474047
2020-10-01 12:00:00,436.0,0.0,0.0,21.647258,436.0,0.0,0.0,22.576747
2020-10-01 13:00:00,436.0,0.0,0.0,22.732362,436.0,0.0,0.0,23.128644
2020-10-01 14:00:00,436.0,0.0,0.0,22.96816,436.0,0.0,0.0,23.921666
2020-10-01 15:00:00,436.0,0.0,0.0,22.732362,436.0,0.0,0.0,25.9087
2020-10-01 16:00:00,436.0,0.0,0.0,23.128644,436.0,0.0,0.0,27.784598
2020-10-01 17:00:00,436.0,0.0,0.0,26.324557,436.0,0.0,0.0,72.593784
2020-10-01 18:00:00,436.0,0.0,0.0,26.429316,436.0,0.0,0.0,77.313264
2020-10-01 19:00:00,436.0,0.0,0.0,27.274563,436.0,0.0,0.0,27.274563
2020-10-01 20:00:00,436.0,0.0,0.0,26.755559,436.0,0.0,0.0,27.128505
2020-10-01 21:00:00,436.0,0.0,0.0,26.324557,436.0,0.0,0.0,26.557535
2020-10-01 22:00:00,436.0,0.0,0.0,23.87513,436.0,0.0,0.0,23.87513
2020-10-01 23:00:00,436.0,0.0,0.0,25.9087,436.0,0.0,0.0,23.657594
2020-10-02 00:00:00,436.0,0.0,0.0,23.128644,385.394005,30.0,0.0,23.128644
2020-10-02 01:00:00,436.0,0.0,0.0,22.732362,436.0,0.0,0.0,22.732362
2020-10-02 02:00:00,436.0,0.0,0.0,22.516066,436.0,0.0,0.0,22.732362
2020-10-02 03:00:00,436.0,0.0,0.0,22.576747,436.0,0.0,0.0,22.96816
2020-10-02 04:00:00,436.0,0.0,0.0,22.492854,436.0,0.0,0.0,23.437807
2020-10-02 05:00:00,436.0,0.0,0.0,23.128644,436.0,0.0,0.0,57.101844
2020-10-02 06:00:00,436.0,0.0,0.0,23.437807,409.401639,0.0,0.0,21.116714
2020-10-02 07:00:00,436.0,0.0,0.0,19.983547,349.401639,0.0,0.0,18.531796
2020-10-02 08:00:00,376.0,0.0,0.0,16.970947,289.401639,0.0,0.0,18.463561
2020-10-02 09:00:00,410.59622,0.0,0.0,18.531796,349.401639,0.0,0.0,19.685338
2020-10-02 10:00:00,436.0,0.0,0.0,19.430296,409.401639,0.0,0.0,19.983547
2020-10-02 11:00:00,436.0,0.0,0.0,19.685338,436.0,0.0,0.0,21.287879
2020-10-02 12:00:00,436.0,0.0,0.0,21.116411,436.0,0.0,0.0,21.647258
2020-10-02 13:00:00,436.0,0.0,0.0,21.647258,436.0,0.0,0.0,22.732362
2020-10-02 14:00:00,436.0,0.0,0.0,22.576747,436.0,0.0,0.0,25.424807
2020-10-02 15:00:00,436.0,0.0,0.0,21.647258,436.0,0.0,0.0,25.601906
2020-10-02 16:00:00,436.0,0.0,0.0,23.437807,436.0,0.0,0.0,27.387711
2020-10-02 17:00:00,436.0,0.0,0.0,27.128505,436.0,6.997763,0.0,66.909141
2020-10-02 18:00:00,436.0,0.0,0.0,26.790897,436.0,0.0,0.0,78.617288
2020-10-02 19:00:00,436.0,0.0,0.0,27.050889,436.0,0.0,0.0,27.274616
2020-10-02 20:00:00,436.0,0.0,0.0,26.324557,436.0,0.0,0.0,26.790897
2020-10-02 21:00:00,436.0,0.0,0.0,26.324557,436.0,0.0,0.0,26.429316
2020-10-02 22:00:00,436.0,0.0,0.0,24.62179,436.0,0.0,0.0,25.9087
2020-10-02 23:00:00,436.0,0.0,0.0,26.324557,436.0,0.0,0.0,25.9087
2020-10-03 00:00:00,436.0,0.0,0.0,23.206766,410.0,30.0,0.0,27.730994
2020-10-03 01:00:00,436.0,0.0,0.0,23.657594,436.0,0.0,0.0,25.110536
2020-10-03 02:00:00,436.0,0.0,0.0,125.9087,436.0,0.0,0.0,24.824606
2020-10-03 03:00:00,436.0,0.0,0.0,23.657594,436.0,0.0,0.0,22.96816
2020-10-03 04:00:00,436.0,0.0,0.0,23.437807,424.0,0.0,0.0,23.128644
2020-10-03 05:00:00,436.0,0.0,0.0,123.87513,364.0,0.0,0.0,21.843654
2020-10-03 06:00:00,436.0,0.0,0.0,23.437807,304.0,0.0,0.0,-0.0
2020-10-03 07:00:00,376.0,0.0,0.0,18.072542,284.0,0.0,0.0,-0.0
2020-10-03 08:00:00,316.0,0.0,0.0,-0.0,284.0,0.0,0.0,-0.0
2020-10-03 09:00:00,284.0,0.0,0.0,-0.0,284.0,0.0,0.0,-0.0
2020-10-03 10:00:00,284.0,0.0,0.0,18.072542,304.0,0.0,0.0,5.283473
2020-10-03 11:00:00,344.0,0.0,0.0,18.573789,364.0,0.0,0.0,19.983547
2020-10-03 12:00:00,342.061188,0.0,0.0,18.531796,424.0,0.0,0.0,21.116411
2020-10-03 13:00:00,402.061188,0.0,0.0,21.287879,436.0,0.0,0.0,22.96619
2020-10-03 14:00:00,436.0,0.0,0.0,19.983547,436.0,0.0,0.0,22.68652
2020-10-03 15:00:00,436.0,0.0,0.0,21.474047,436.0,0.0,0.0,22.96816
2020-10-03 16:00:00,436.0,0.0,0.0,21.288154,436.0,0.0,0.0,27.762331
2020-10-03 17:00:00,436.0,0.0,0.0,22.732362,436.0,0.0,0.0,26.755559
2020-10-03 18:00:00,436.0,0.0,0.0,21.647258,436.0,0.0,0.0,118.06068
2020-10-03 19:00:00,436.0,0.0,0.0,22.516066,436.0,0.0,0.0,26.790897
2020-10-03 20:00:00,436.0,0.0,0.0,19.983547,436.0,0.0,0.0,25.273122
2020-10-03 21:00:00,436.0,0.0,0.0,19.983547,436.0,0.0,0.0,23.437807
2020-10-03 22:00:00,410.108304,0.0,0.0,18.531796,436.0,0.0,0.0,22.516066
2020-10-03 23:00:00,436.0,0.0,0.0,19.983547,436.0,0.0,0.0,24.341131
2020-10-04 00:00:00,436.0,0.0,0.0,19.430296,344.0,30.0,0.0,22.492854
2020-10-04 01:00:00,376.0,0.0,0.0,18.072542,404.0,0.0,0.0,22.492854
2020-10-04 02:00:00,436.0,0.0,0.0,21.116714,436.0,0.0,0.0,21.116714
2020-10-04 03:00:00,436.0,0.0,0.0,21.647258,436.0,0.0,0.0,21.647258
2020-10-04 04:00:00,436.0,0.0,0.0,21.116714,424.0,0.0,0.0,22.492854
2020-10-04 05:00:00,436.0,0.0,0.0,20.400003,364.0,0.0,0.0,19.983547
2020-10-04 06:00:00,376.0,0.0,0.0,-0.0,304.0,0.0,0.0,-0.0
2020-10-04 07:00:00,316.0,0.0,0.0,-0.0,304.0,0.0,0.0,-0.0
2020-10-04 08:00:00,284.0,0.0,0.0,-0.0,347.537159,0.0,0.0,15.589546
2020-10-04 09:00:00,344.0,0.0,0.0,18.573789,407.537159,0.0,0.0,21.474047
2020-10-04 10:00:00,354.652708,0.0,0.0,18.531796,436.0,0.0,0.0,21.647258
2020-10-04 11:00:00,410.304875,0.0,0.0,18.531796,436.0,0.0,0.0,22.553221
2020-10-04 12:00:00,436.0,0.0,0.0,21.474047,436.0,0.0,0.0,26.819275
2020-10-04 13:00:00,436.0,0.0,0.0,19.983547,436.0,0.0,0.0,24.987684
2020-10-04 14:00:00,376.0,0.0,0.0,16.970947,436.0,0.0,0.0,26.658409
2020-10-04 15:00:00,436.0,0.0,0.0,18.573789,436.0,0.0,0.0,26.337628
2020-10-04 16:00:00,436.0,0.0,0.0,19.983547,436.0,0.0,0.0,26.409038
2020-10-04 17:00:00,436.0,0.0,0.0,21.843654,436.0,8.366534,0.0,43.063083
2020-10-04 18:00:00,436.0,0.0,0.0,22.492854,436.0,0.0,0.0,81.163241
2020-10-04 19:00:00,436.0,0.0,0.0,23.128644,436.0,0.0,0.0,42.724385
2020-10-04 20:00:00,436.0,0.0,0.0,21.096593,436.0,0.0,0.0,28.615068
2020-10-04 21:00:00,436.0,0.0,0.0,20.23509,436.0,0.0,0.0,27.274563
2020-10-04 22:00:00,436.0,0.0,0.0,21.287879,436.0,0.0,0.0,26.504525
2020-10-04 23:00:00,436.0,0.0,0.0,18.573789,436.0,0.0,0.0,26.324557
2020-10-05 00:00:00,376.0,0.0,0.0,-0.0,344.0,30.0,0.0,23.128644
2020-10-05 01:00:00,316.0,0.0,0.0,-0.0,404.0,0.0,0.0,22.576747
2020-10-05 02:00:00,284.0,0.0,0.0,-0.0,436.0,0.0,0.0,22.492854
2020-10-05 03:00:00,284.0,0.0,0.0,18.072542,436.0,0.0,0.0,22.576747
2020-10-05 04:00:00,344.0,0.0,0.0,19.685338,436.0,0.0,0.0,22.576747
2020-10-05 05:00:00,404.0,0.0,0.0,19.983547,436.0,0.0,0.0,22.96816
2020-10-05 06:00:00,436.0,0.0,0.0,20.846138,381.053153,0.0,0.0,19.983547
2020-10-05 07:00:00,376.0,0.0,0.0,-0.0,321.053153,0.0,0.0,17.080045
2020-10-05 08:00:00,316.0,0.0,0.0,-0.0,284.0,0.0,0.0,-0.0
2020-10-05 09:00:00,284.0,0.0,0.0,-0.0,300.28541,0.0,0.0,18.531796
2020-10-05 10:00:00,284.0,0.0,0.0,-0.0,316.0,0.0,0.0,15.731586
2020-10-05 11:00:00,284.0,0.0,0.0,-0.0,376.0,0.0,0.0,19.430296
2020-10-05 12:00:00,284.0,0.0,0.0,15.731586,436.0,0.0,0.0,21.116714
2020-10-05 13:00:00,344.0,0.0,0.0,20.400003,436.0,0.0,0.0,22.492854
2020-10-05 14:00:00,404.0,0.0,0.0,20.400003,436.0,0.0,0.0,22.732362
2020-10-05 15:00:00,436.0,0.0,0.0,20.846138,436.0,0.0,0.0,30.79961
2020-10-05 16:00:00,436.0,0.0,0.0,22.732362,436.0,0.0,0.0,27.128505
2020-10-05 17:00:00,436.0,0.0,0.0,26.755559,436.0,0.0,0.0,27.274563
2020-10-05 18:00:00,436.0,0.0,0.0,26.790897,436.0,0.0,0.0,73.563469
2020-10-05 19:00:00,436.0,0.0,0.0,27.128505,436.0,0.0,0.0,72.454221
2020-10-05 20:00:00,436.0,0.0,0.0,26.755559,436.0,0.0,0.0,27.274616
2020-10-05 21:00:00,436.0,0.0,0.0,26.755559,436.0,0.0,0.0,27.050889
2020-10-05 22:00:00,436.0,0.0,0.0,25.9087,436.0,0.0,0.0,26.755559
2020-10-05 23:00:00,436.0,0.0,0.0,23.87513,436.0,0.0,0.0,26.324557
2020-10-06 00:00:00,436.0,0.0,0.0,23.128644,344.0,30.0,0.0,23.206766
2020-10-06 01:00:00,436.0,0.0,0.0,22.576747,404.0,0.0,0.0,22.732362
2020-10-06 02:00:00,436.0,0.0,0.0,22.492854,436.0,0.0,0.0,22.185841
2020-10-06 03:00:00,436.0,0.0,0.0,21.647258,436.0,0.0,0.0,22.576747
2020-10-06 04:00:00,436.0,0.0,0.0,22.576747,436.0,0.0,0.0,23.128644
2020-10-06 05:00:00,436.0,0.0,0.0,23.206766,436.0,0.0,0.0,23.87513
2020-10-06 06:00:00,436.0,0.0,0.0,23.206766,405.129833,0.0,0.0,21.474047
2020-10-06 07:00:00,436.0,0.0,0.0,20.400003,345.129833,0.0,0.0,17.150395
2020-10-06 08:00:00,376.0,0.0,0.0,-0.0,285.129833,0.0,0.0,16.970947
2020-10-06 09:00:00,316.0,0.0,0.0,14.191367,284.0,0.0,0.0,-0.0
2020-10-06 10:00:00,284.0,0.0,0.0,-0.0,316.0,0.0,0.0,16.970947
2020-10-06 11:00:00,284.0,0.0,0.0,15.731586,376.0,0.0,0.0,18.573789
2020-10-06 12:00:00,344.0,0.0,0.0,19.685338,436.0,0.0,0.0,20.400003
2020-10-06 13:00:00,404.0,0.0,0.0,21.116411,436.0,0.0,0.0,21.288154
2020-10-06 14:00:00,436.0,0.0,0.0,20.846138,436.0,0.0,0.0,22.732362
2020-10-06 15:00:00,436.0,0.0,0.0,21.647258,436.0,0.0,0.0,23.444698
2020-10-06 16:00:00,436.0,0.0,0.0,22.732362,436.0,0.0,0.0,123.379643
2020-10-06 17:00:00,436.0,0.0,0.0,130.277405,436.0,0.0,0.0,26.790897
2020-10-06 18:00:00,436.0,0.0,0.0,26.790897,436.0,0.0,0.0,27.32851
2020-10-06 19:00:00,436.0,0.0,0.0,26.755559,436.0,0.0,0.0,26.215263
2020-10-06 20:00:00,436.0,0.0,0.0,127.755129,436.0,0.0,0.0,26.57803
2020-10-06 21:00:00,436.0,0.0,0.0,127.274616,436.0,0.0,0.0,23.87513
2020-10-06 22:00:00,436.0,0.0,0.0,26.429316,436.0,0.0,0.0,22.32245
2020-10-06 23:00:00,436.0,0.0,0.0,125.9087,436.0,0.0,0.0,26.181595
2020-10-07 00:00:00,436.0,0.0,0.0,23.128644,410.0,30.0,0.0,26.12772
2020-10-07 01:00:00,436.0,0.0,0.0,123.87513,436.0,0.0,0.0,21.168781
2020-10-07 02:00:00,436.0,0.0,0.0,23.437807,436.0,0.0,0.0,21.118653
2020-10-07 03:00:00,436.0,0.0,0.0,22.96816,436.0,0.0,0.0,21.168781
2020-10-07 04:00:00,436.0,0.0,0.0,23.128644,436.0,0.0,0.0,21.513966
2020-10-07 05:00:00,436.0,0.0,0.0,126.324557,424.0,0.0,0.0,21.801606
2020-10-07 06:00:00,436.0,0.0,0.0,126.755559,364.0,0.0,0.0,18.60404
2020-10-07 07:00:00,436.0,0.0,0.0,22.492854,304.0,0.0,0.0,-0.0
2020-10-07 08:00:00,436.0,0.0,0.0,21.288154,284.0,0.0,0.0,-0.0
2020-10-07 09:00:00,376.0,0.0,0.0,18.072542,284.0,0.0,0.0,-0.0
2020-10-07 10:00:00,316.0,0.0,0.0,18.072542,304.0,0.0,0.0,-0.0
2020-10-07 11:00:00,376.0,0.0,0.0,19.685338,364.0,0.0,0.0,19.430296
2020-10-07 12:00:00,436.0,0.0,0.0,20.846138,424.0,0.0,0.0,22.185841
2020-10-07 13:00:00,436.0,0.0,0.0,19.983547,436.0,0.0,0.0,25.519961
2020-10-07 14:00:00,436.0,0.0,0.0,19.983547,436.0,0.0,0.0,23.657594
2020-10-07 15:00:00,392.750907,0.0,0.0,18.531796,436.0,0.0,0.0,26.111692
2020-10-07 16:00:00,436.0,0.0,0.0,19.685338,436.0,0.0,0.0,27.050889
2020-10-07 17:00:00,436.0,0.0,0.0,22.732362,436.0,0.0,0.0,75.799899
2020-10-07 18:00:00,436.0,0.0,0.0,21.168781,436.0,0.0,0.0,70.855932
2020-10-07 19:00:00,436.0,0.0,0.0,20.726727,436.0,0.0,0.0,26.790897
2020-10-07 20:00:00,436.0,0.0,0.0,20.726727,436.0,0.0,0.0,26.814519
2020-10-07 21:00:00,376.0,0.0,0.0,17.265035,436.0,0.0,0.0,26.111692
2020-10-07 22:00:00,436.0,0.0,0.0,19.133765,436.0,0.0,0.0,23.657594
2020-10-07 23:00:00,436.0,0.0,0.0,22.96816,436.0,0.0,0.0,26.156354
2020-10-08 00:00:00,436.0,0.0,0.0,22.732362,344.0,30.0,0.0,23.437807
2020-10-08 01:00:00,436.0,0.0,0.0,22.576747,404.0,0.0,0.0,23.444698
2020-10-08 02:00:00,436.0,0.0,0.0,21.843654,436.0,0.0,0.0,23.128644
2020-10-08 03:00:00,436.0,0.0,0.0,21.287879,436.0,0.0,0.0,22.96816
2020-10-08 04:00:00,376.0,0.0,0.0,16.970947,436.0,0.0,0.0,23.437807
2020-10-08 05:00:00,361.065238,0.0,0.0,18.531796,436.0,0.0,0.0,40.461735
2020-10-08 06:00:00,421.065238,0.0,0.0,20.400003,386.809513,0.0,0.0,21.647258
2020-10-08 07:00:00,361.065238,0.0,0.0,-0.0,326.809513,0.0,0.0,15.416335
2020-10-08 08:00:00,301.065238,0.0,0.0,-0.0,284.0,0.0,0.0,-0.0
2020-10-08 09:00:00,284.0,0.0,0.0,-0.0,284.0,0.0,0.0,-0.0
2020-10-08 10:00:00,284.0,0.0,0.0,-0.0,284.0,0.0,0.0,-0.0
2020-10-08 11:00:00,284.0,0.0,0.0,-0.0,284.0,0.0,0.0,-0.0
2020-10-08 12:00:00,284.0,0.0,0.0,-0.0,306.117481,0.0,0.0,15.516837
2020-10-08 13:00:00,284.0,0.0,0.0,-0.0,366.117481,0.0,0.0,19.430296
2020-10-08 14:00:00,284.0,0.0,0.0,-0.0,426.117481,0.0,0.0,20.846138
2020-10-08 15:00:00,284.0,0.0,0.0,-0.0,436.0,0.0,0.0,21.647258
2020-10-08 16:00:00,284.0,0.0,0.0,18.072542,436.0,0.0,0.0,26.324557
2020-10-08 17:00:00,344.0,0.0,0.0,23.206766,436.0,0.0,0.0,27.36399
2020-10-08 18:00:00,404.0,0.0,0.0,23.206766,436.0,0.0,0.0,112.19137
2020-10-08 19:00:00,436.0,0.0,0.0,22.576747,436.0,0.0,0.0,28.237256
2020-10-08 20:00:00,436.0,0.0,0.0,21.647258,436.0,0.0,0.0,27.092801
2020-10-08 21:00:00,436.0,0.0,0.0,21.647258,436.0,0.0,0.0,26.325632
2020-10-08 22:00:00,436.0,0.0,0.0,21.116411,436.0,0.0,0.0,23.87513
2020-10-08 23:00:00,376.0,0.0,0.0,18.072542,436.0,0.0,0.0,22.492854
2020-10-09 00:00:00,316.0,0.0,0.0,16.970947,344.0,30.0,0.0,21.647258
2020-10-09 01:00:00,376.0,0.0,0.0,19.685338,404.0,0.0,0.0,21.474047
2020-10-09 02:00:00,436.0,0.0,0.0,19.983547,436.0,0.0,0.0,21.116411
2020-10-09 03:00:00,436.0,0.0,0.0,19.983547,436.0,0.0,0.0,21.116714
2020-10-09 04:00:00,436.0,0.0,0.0,20.846138,436.0,0.0,0.0,21.647258
2020-10-09 05:00:00,436.0,0.0,0.0,22.516066,424.0,0.0,0.0,41.691564
2020-10-09 06:00:00,436.0,0.0,0.0,23.128644,364.0,0.0,0.0,21.116411
2020-10-09 07:00:00,376.0,0.0,0.0,-0.0,304.0,0.0,0.0,-0.0
2020-10-09 08:00:00,316.0,0.0,0.0,-0.0,304.0,0.0,0.0,-0.0
2020-10-09 09:00:00,284.0,0.0,0.0,-0.0,304.0,0.0,0.0,-0.0
2020-10-09 10:00:00,284.0,0.0,0.0,-0.0,284.0,0.0,0.0,-0.0
2020-10-09 11:00:00,284.0,0.0,0.0,16.970947,284.0,0.0,0.0,-0.0
2020-10-09 12:00:00,284.0,0.0,0.0,18.072542,304.0,0.0,0.0,3.014927
2020-10-09 13:00:00,284.0,0.0,0.0,18.463561,364.0,0.0,0.0,21.288154
2020-10-09 14:00:00,344.0,0.0,0.0,19.685338,424.0,0.0,0.0,22.910214
2020-10-09 15:00:00,395.933298,0.0,0.0,18.531796,436.0,0.0,0.0,21.288154
2020-10-09 16:00:00,434.687368,0.0,0.0,18.531796,436.0,0.0,0.0,23.437807
2020-10-09 17:00:00,436.0,0.0,0.0,22.732362,436.0,0.0,0.0,29.882036
2020-10-09 18:00:00,436.0,0.0,0.0,21.843654,436.0,0.0,0.0,79.361567
2020-10-09 19:00:00,436.0,0.0,0.0,21.474047,436.0,0.0,0.0,62.446884
2020-10-09 20:00:00,436.0,0.0,0.0,18.549582,436.0,0.0,0.0,22.715755
2020-10-09 21:00:00,376.0,0.0,0.0,17.641822,436.0,0.0,0.0,22.497642
2020-10-09 22:00:00,364.051765,0.0,0.0,18.531796,436.0,0.0,0.0,21.168781
2020-10-09 23:00:00,304.051765,0.0,0.0,16.212661,434.135051,0.0,0.0,18.60404
2020-10-10 00:00:00,284.0,0.0,0.0,-0.0,304.0,2.0,0.0,18.60404
2020-10-10 01:00:00,284.0,0.0,0.0,-0.0,364.0,0.0,0.0,18.60404
2020-10-10 02:00:00,284.0,0.0,0.0,-0.0,424.0,0.0,0.0,18.549582
2020-10-10 03:00:00,284.0,0.0,0.0,-0.0,436.0,0.0,0.0,18.60404
2020-10-10 04:00:00,284.0,0.0,0.0,-0.0,424.0,0.0,0.0,20.726727
2020-10-10 05:00:00,284.0,0.0,0.0,-0.0,364.0,0.0,0.0,20.726727
2020-10-10 06:00:00,284.0,0.0,0.0,-0.0,304.0,0.0,0.0,-0.0
2020-10-10 07:00:00,284.0,0.0,0.0,-0.0,293.4,0.0,0.0,-0.0
2020-10-10 08:00:00,284.0,0.0,0.0,-0.0,295.4,0.0,0.0,-0.0
2020-10-10 09:00:00,284.0,0.0,0.0,-0.0,284.0,0.0,0.0,-0.0
2020-10-10 10:00:00,284.0,0.0,0.0,-0.0,284.0,0.0,0.0,-0.0
2020-10-10 11:00:00,284.0,0.0,0.0,-0.0,284.0,0.0,0.0,-0.0
2020-10-10 12:00:00,284.0,0.0,0.0,-0.0,284.0,0.0,0.0,-0.0
2020-10-10 13:00:00,284.0,0.0,0.0,-0.0,344.0,0.0,0.0,16.970947
2020-10-10 14:00:00,284.0,0.0,0.0,-0.0,404.0,0.0,0.0,20.687916
2020-10-10 15:00:00,284.0,0.0,0.0,-0.0,436.0,0.0,0.0,24.526508
2020-10-10 16:00:00,284.0,0.0,0.0,-0.0,436.0,0.0,0.0,26.150192
2020-10-10 17:00:00,344.0,0.0,0.0,19.430296,436.0,0.0,0.0,26.84331
2020-10-10 18:00:00,376.785188,0.0,0.0,18.531796,436.0,0.0,0.0,79.361535
2020-10-10 19:00:00,436.0,0.0,0.0,20.726727,436.0,0.0,0.0,61.714151
2020-10-10 20:00:00,436.0,0.0,0.0,19.153665,436.0,0.0,0.0,26.790897
2020-10-10 21:00:00,436.0,0.0,0.0,19.153665,436.0,0.0,0.0,23.657594
2020-10-10 22:00:00,376.0,0.0,0.0,17.265035,436.0,0.0,0.0,23.657594
2020-10-10 23:00:00,436.0,0.0,0.0,20.726727,436.0,0.0,0.0,25.9087
2020-10-11 00:00:00,436.0,0.0,0.0,19.133765,344.0,30.0,0.0,27.649554
2020-10-11 01:00:00,436.0,0.0,0.0,19.153665,404.0,0.0,0.0,23.87513
2020-10-11 02:00:00,436.0,0.0,0.0,18.60404,436.0,0.0,0.0,23.657594
2020-10-11 03:00:00,436.0,0.0,0.0,19.685338,436.0,0.0,0.0,23.437807
2020-10-11 04:00:00,436.0,0.0,0.0,21.116411,436.0,0.0,0.0,28.351947
2020-10-11 05:00:00,436.0,0.0,0.0,21.116411,424.0,0.0,0.0,30.226955
2020-10-11 06:00:00,436.0,0.0,0.0,21.287879,364.0,0.0,0.0,19.430296
2020-10-11 07:00:00,376.0,0.0,0.0,-0.0,304.0,0.0,0.0,-0.0
2020-10-11 08:00:00,316.0,0.0,0.0,-0.0,284.0,0.0,0.0,-0.0
2020-10-11 09:00:00,284.0,0.0,0.0,-0.0,284.0,0.0,0.0,-0.0
2020-10-11 10:00:00,284.0,0.0,0.0,-0.0,284.0,0.0,0.0,-0.0
2020-10-11 11:00:00,284.0,0.0,0.0,-0.0,284.0,0.0,0.0,-0.0
2020-10-11 12:00:00,284.0,0.0,0.0,-0.0,288.4,0.0,0.0,-0.0
2020-10-11 13:00:00,284.0,0.0,0.0,-0.0,348.4,0.0,0.0,18.573789
2020-10-11 14:00:00,284.0,0.0,0.0,14.191367,408.4,0.0,0.0,21.116714
2020-10-11 15:00:00,284.0,0.0,0.0,-0.0,436.0,0.0,0.0,21.133775
2020-10-11 16:00:00,284.0,0.0,0.0,18.072542,436.0,0.0,0.0,25.084551
2020-10-11 17:00:00,344.0,0.0,0.0,23.206766,436.0,1.090554,0.0,43.683329
2020-10-11 18:00:00,404.0,0.0,0.0,23.128644,436.0,0.0,0.0,76.815583
2020-10-11 19:00:00,436.0,0.0,0.0,22.732362,436.0,0.0,0.0,54.217947
2020-10-11 20:00:00,436.0,0.0,0.0,22.732362,436.0,0.0,0.0,26.324557
2020-10-11 21:00:00,436.0,0.0,0.0,21.843654,436.0,0.0,0.0,22.576747
2020-10-11 22:00:00,436.0,0.0,0.0,20.726727,436.0,0.0,0.0,21.116714
2020-10-11 23:00:00,436.0,0.0,0.0,22.441135,436.0,0.0,0.0,21.843654
2020-10-12 00:00:00,436.0,0.0,0.0,20.989617,344.0,30.0,0.0,20.989617
2020-10-12 01:00:00,436.0,0.0,0.0,19.153665,404.0,0.0,0.0,21.118653
2020-10-12 02:00:00,436.0,0.0,0.0,19.153665,436.0,0.0,0.0,21.118653
2020-10-12 03:00:00,436.0,0.0,0.0,19.133765,436.0,0.0,0.0,21.118653
2020-10-12 04:00:00,436.0,0.0,0.0,19.133765,424.0,0.0,0.0,22.441135
2020-10-12 05:00:00,436.0,0.0,0.0,19.153665,364.0,0.0,0.0,83.98933
2020-10-12 06:00:00,436.0,0.0,0.0,20.726727,304.0,0.0,0.0,12.830158
2020-10-12 07:00:00,376.0,0.0,0.0,17.265035,296.4,0.0,0.0,-0.0
2020-10-12 08:00:00,316.0,0.0,0.0,-0.0,298.4,0.0,0.0,-0.0
2020-10-12 09:00:00,284.0,0.0,0.0,-0.0,297.4,0.0,0.0,-0.0
2020-10-12 10:00:00,284.0,0.0,0.0,-0.0,298.4,0.0,0.0,-0.0
2020-10-12 11:00:00,284.0,0.0,0.0,-0.0,291.4,0.0,0.0,-0.0
2020-10-12 12:00:00,284.0,0.0,0.0,-0.0,290.4,0.0,0.0,-0.0
2020-10-12 13:00:00,284.0,0.0,0.0,-0.0,291.4,0.0,0.0,-0.0
2020-10-12 14:00:00,284.0,0.0,0.0,-0.0,291.4,0.0,0.0,-0.0
2020-10-12 15:00:00,284.0,0.0,0.0,-0.0,304.0,0.0,0.0,-0.0
2020-10-12 16:00:00,284.0,0.0,0.0,-0.0,364.0,13.421834,0.0,6.224412
2020-10-12 17:00:00,284.0,0.0,0.0,-0.0,424.0,0.0,0.0,72.56956
2020-10-12 18:00:00,344.0,0.0,0.0,18.549582,436.0,0.0,0.0,91.859432
2020-10-12 19:00:00,404.0,0.0,0.0,19.153665,436.0,0.0,0.0,23.192161
2020-10-12 20:00:00,436.0,0.0,0.0,18.549582,412.6,0.0,0.0,20.86626
2020-10-12 21:00:00,376.0,0.0,0.0,12.446703,352.6,0.0,0.0,19.91836
2020-10-12 22:00:00,316.0,0.0,0.0,18.208373,292.6,0.0,0.0,12.183502
2020-10-12 23:00:00,284.0,0.0,0.0,-0.0,284.0,0.0,0.0,-0.0
2020-10-13 00:00:00,298.664847,0.0,0.0,18.531796,284.0,2.0,0.0,-0.0
2020-10-13 01:00:00,335.297372,0.0,0.0,18.531796,310.878192,0.0,0.0,-0.0
2020-10-13 02:00:00,395.297372,0.0,0.0,18.549582,370.878192,0.0,0.0,16.663589
2020-10-13 03:00:00,392.855897,0.0,0.0,18.531796,430.878192,0.0,0.0,20.400003
2020-10-13 04:00:00,436.0,0.0,0.0,19.153665,436.0,0.0,0.0,21.474047
2020-10-13 05:00:00,436.0,0.0,0.0,21.513966,424.0,0.0,0.0,62.341991
2020-10-13 06:00:00,436.0,0.0,0.0,26.429316,364.0,0.0,0.0,19.91836
2020-10-13 07:00:00,436.0,0.0,0.0,22.516066,304.0,0.0,0.0,7.242457
2020-10-13 08:00:00,436.0,0.0,0.0,19.430296,284.0,0.0,0.0,-0.0
2020-10-13 09:00:00,376.0,0.0,0.0,-0.0,284.0,0.0,0.0,-0.0
2020-10-13 10:00:00,316.0,0.0,0.0,-0.0,284.0,0.0,0.0,-0.0
2020-10-13 11:00:00,284.0,0.0,0.0,-0.0,284.0,0.0,0.0,-0.0
2020-10-13 12:00:00,284.0,0.0,0.0,-0.0,288.4,0.0,0.0,15.731586
2020-10-13 13:00:00,284.0,0.0,0.0,-0.0,348.4,0.0,0.0,20.846138
2020-10-13 14:00:00,284.0,0.0,0.0,18.072542,408.4,0.0,0.0,22.516066
2020-10-13 15:00:00,284.0,0.0,0.0,18.072542,436.0,0.0,0.0,25.949424
2020-10-13 16:00:00,344.0,0.0,0.0,19.430296,436.0,0.0,0.0,27.747176
2020-10-13 17:00:00,404.0,0.0,0.0,26.429316,436.0,8.697747,0.0,27.614463
2020-10-13 18:00:00,436.0,0.0,0.0,26.429316,436.0,0.0,0.0,77.313264
2020-10-13 19:00:00,436.0,0.0,0.0,26.790897,436.0,0.0,0.0,64.984815
2020-10-13 20:00:00,436.0,0.0,0.0,26.429316,436.0,0.0,0.0,27.050889
2020-10-13 21:00:00,436.0,0.0,0.0,26.324557,436.0,0.0,0.0,26.625948
2020-10-13 22:00:00,436.0,0.0,0.0,22.732362,436.0,0.0,0.0,23.87513
2020-10-13 23:00:00,436.0,0.0,0.0,22.732362,436.0,0.0,0.0,23.206766
2020-10-14 00:00:00,436.0,0.0,0.0,22.576747,344.0,30.0,0.0,23.206766
2020-10-14 01:00:00,436.0,0.0,0.0,21.843654,404.0,0.0,0.0,22.96816
2020-10-14 02:00:00,436.0,0.0,0.0,21.288154,436.0,0.0,0.0,22.516066
2020-10-14 03:00:00,436.0,0.0,0.0,20.846138,436.0,0.0,0.0,22.576747
2020-10-14 04:00:00,436.0,0.0,0.0,21.287879,436.0,0.0,0.0,23.206766
2020-10-14 05:00:00,436.0,0.0,0.0,22.732362,436.0,0.0,0.0,43.536743
2020-10-14 06:00:00,436.0,0.0,0.0,23.206766,424.0,0.0,0.0,22.576747
2020-10-14 07:00:00,436.0,0.0,0.0,21.116714,364.0,0.0,0.0,20.846138
2020-10-14 08:00:00,376.0,0.0,0.0,-0.0,304.0,0.0,0.0,0.172727
2020-10-14 09:00:00,316.0,0.0,0.0,-0.0,284.0,0.0,0.0,-0.0
2020-10-14 10:00:00,284.0,0.0,0.0,-0.0,284.0,0.0,0.0,-0.0
2020-10-14 11:00:00,284.0,0.0,0.0,-0.0,284.0,0.0,0.0,-0.0
2020-10-14 12:00:00,284.0,0.0,0.0,-0.0,288.4,0.0,0.0,-0.0
2020-10-14 13:00:00,284.0,0.0,0.0,-0.0,348.4,0.0,0.0,20.400003
2020-10-14 14:00:00,284.0,0.0,0.0,-0.0,408.4,0.0,0.0,21.843654
2020-10-14 15:00:00,284.0,0.0,0.0,16.970947,436.0,0.0,0.0,23.206766
2020-10-14 16:00:00,344.0,0.0,0.0,21.288154,436.0,0.0,0.0,28.056651
2020-10-14 17:00:00,404.0,0.0,0.0,26.429316,436.0,0.0,0.0,27.722728
2020-10-14 18:00:00,436.0,0.0,0.0,26.429316,436.0,0.0,0.0,75.799899
2020-10-14 19:00:00,436.0,0.0,0.0,26.755559,436.0,0.0,0.0,65.046043
2020-10-14 20:00:00,436.0,0.0,0.0,26.429316,436.0,0.0,0.0,27.274616
2020-10-14 21:00:00,436.0,0.0,0.0,25.9087,436.0,0.0,0.0,26.504505
2020-10-14 22:00:00,436.0,0.0,0.0,22.732362,436.0,0.0,0.0,25.136301
2020-10-14 23:00:00,436.0,0.0,0.0,23.128644,436.0,0.0,0.0,23.687959
2020-10-15 00:00:00,436.0,0.0,0.0,22.516066,344.0,30.0,0.0,23.87513
2020-10-15 01:00:00,436.0,0.0,0.0,21.288154,404.0,0.0,0.0,23.206766
2020-10-15 02:00:00,436.0,0.0,0.0,21.287879,436.0,0.0,0.0,22.576747
2020-10-15 03:00:00,436.0,0.0,0.0,20.846138,436.0,0.0,0.0,22.732362
2020-10-15 04:00:00,436.0,0.0,0.0,21.287879,436.0,0.0,0.0,23.87513
2020-10-15 05:00:00,436.0,0.0,0.0,22.732362,436.0,0.0,0.0,40.019355
2020-10-15 06:00:00,436.0,0.0,0.0,23.128644,404.0,0.0,0.0,22.516066
2020-10-15 07:00:00,436.0,0.0,0.0,21.116714,344.0,0.0,0.0,19.430296
2020-10-15 08:00:00,376.0,0.0,0.0,-0.0,284.0,0.0,0.0,-0.0
2020-10-15 09:00:00,316.0,0.0,0.0,-0.0,284.0,0.0,0.0,-0.0
2020-10-15 10:00:00,284.0,0.0,0.0,-0.0,284.0,0.0,0.0,-0.0
2020-10-15 11:00:00,284.0,0.0,0.0,-0.0,284.0,0.0,0.0,-0.0
2020-10-15 12:00:00,284.0,0.0,0.0,-0.0,295.488224,0.0,0.0,-0.0
2020-10-15 13:00:00,284.0,0.0,0.0,-0.0,355.488224,0.0,0.0,20.846138
2020-10-15 14:00:00,344.0,0.0,0.0,18.573789,415.488224,0.0,0.0,22.576747
2020-10-15 15:00:00,378.418734,0.0,0.0,18.531796,436.0,0.0,0.0,23.306574
2020-10-15 16:00:00,436.0,0.0,0.0,21.116714,436.0,0.0,0.0,26.790897
2020-10-15 17:00:00,436.0,0.0,0.0,26.429316,436.0,0.0,0.0,27.7227
2020-10-15 18:00:00,436.0,0.0,0.0,26.429316,436.0,0.0,0.0,73.528205
2020-10-15 19:00:00,436.0,0.0,0.0,26.755559,436.0,0.0,0.0,68.975837
2020-10-15 20:00:00,436.0,0.0,0.0,26.429316,436.0,0.0,0.0,26.755559
2020-10-15 21:00:00,436.0,0.0,0.0,23.437807,436.0,0.0,0.0,26.692893
2020-10-15 22:00:00,436.0,0.0,0.0,26.324557,436.0,0.0,0.0,23.968531
2020-10-15 23:00:00,436.0,0.0,0.0,23.87513,436.0,0.0,0.0,23.437807
2020-10-16 00:00:00,436.0,0.0,0.0,23.128644,344.0,30.0,0.0,23.128644
2020-10-16 01:00:00,436.0,0.0,0.0,22.492854,404.0,0.0,0.0,22.732362
2020-10-16 02:00:00,436.0,0.0,0.0,21.843654,436.0,0.0,0.0,22.492854
2020-10-16 03:00:00,436.0,0.0,0.0,21.843654,436.0,0.0,0.0,22.732362
2020-10-16 04:00:00,436.0,0.0,0.0,22.732362,436.0,0.0,0.0,23.437807
2020-10-16 05:00:00,436.0,0.0,0.0,25.9087,436.0,0.0,0.0,66.467337
2020-10-16 06:00:00,436.0,0.0,0.0,126.755559,436.0,0.0,0.0,21.474047
2020-10-16 07:00:00,436.0,0.0,0.0,22.732362,401.54025,0.0,0.0,18.600032
2020-10-16 08:00:00,436.0,0.0,0.0,19.430296,341.54025,0.0,0.0,18.463561
2020-10-16 09:00:00,376.0,0.0,0.0,15.731586,284.0,0.0,0.0,18.072542
2020-10-16 10:00:00,316.0,0.0,0.0,-0.0,284.0,0.0,0.0,-0.0
2020-10-16 11:00:00,284.0,0.0,0.0,16.970947,304.0,0.0,0.0,-0.0
2020-10-16 12:00:00,344.0,0.0,0.0,19.983547,364.0,0.0,0.0,19.983547
2020-10-16 13:00:00,404.0,0.0,0.0,21.287879,424.0,0.0,0.0,21.474047
2020-10-16 14:00:00,436.0,0.0,0.0,21.287879,436.0,0.0,0.0,24.785165
2020-10-16 15:00:00,436.0,0.0,0.0,20.846138,436.0,0.0,0.0,26.539319
2020-10-16 16:00:00,436.0,0.0,0.0,21.116714,436.0,0.0,0.0,26.840657
2020-10-16 17:00:00,436.0,0.0,0.0,23.206766,436.0,0.0,0.0,63.030285
2020-10-16 18:00:00,436.0,0.0,0.0,23.437807,436.0,0.0,0.0,76.815583
2020-10-16 19:00:00,436.0,0.0,0.0,23.657594,436.0,0.0,0.0,26.823466
2020-10-16 20:00:00,436.0,0.0,0.0,22.96816,436.0,0.0,0.0,26.790897
2020-10-16 21:00:00,436.0,0.0,0.0,22.96816,436.0,0.0,0.0,26.790897
2020-10-16 22:00:00,436.0,0.0,0.0,23.128644,436.0,0.0,0.0,26.324557
2020-10-16 23:00:00,436.0,0.0,0.0,23.437807,436.0,0.0,0.0,25.9087
2020-10-17 00:00:00,436.0,0.0,0.0,22.732362,344.0,30.0,0.0,23.87513
2020-10-17 01:00:00,436.0,0.0,0.0,23.128644,404.0,0.0,0.0,23.128644
2020-10-17 02:00:00,436.0,0.0,0.0,21.474047,436.0,0.0,0.0,23.128644
2020-10-17 03:00:00,436.0,0.0,0.0,20.846138,436.0,0.0,0.0,23.128644
2020-10-17 04:00:00,436.0,0.0,0.0,19.685338,436.0,0.0,0.0,23.206766
2020-10-17 05:00:00,436.0,0.0,0.0,21.116411,436.0,0.0,0.0,23.206766
2020-10-17 06:00:00,436.0,0.0,0.0,19.983547,436.0,0.0,0.0,21.474047
2020-10-17 07:00:00,376.0,0.0,0.0,-0.0,436.0,0.0,0.0,21.288154
2020-10-17 08:00:00,316.0,0.0,0.0,-0.0,436.0,0.0,0.0,19.685338
2020-10-17 09:00:00,284.0,0.0,0.0,-0.0,422.545107,0.0,0.0,18.531796
2020-10-17 10:00:00,284.0,0.0,0.0,-0.0,369.316229,0.0,0.0,18.991051
2020-10-17 11:00:00,284.0,0.0,0.0,-0.0,309.316229,0.0,0.0,-0.0
2020-10-17 12:00:00,284.0,0.0,0.0,-0.0,284.0,0.0,0.0,-0.0
2020-10-17 13:00:00,284.0,0.0,0.0,-0.0,336.87985,0.0,0.0,6.599126
2020-10-17 14:00:00,284.0,0.0,0.0,-0.0,396.87985,0.0,0.0,19.983547
2020-10-17 15:00:00,284.0,0.0,0.0,-0.0,436.0,0.0,0.0,21.647258
2020-10-17 16:00:00,322.25954,0.0,0.0,18.531796,436.0,0.0,0.0,23.206766
2020-10-17 17:00:00,382.25954,0.0,0.0,22.732362,436.0,0.0,0.0,29.807086
2020-10-17 18:00:00,436.0,0.0,0.0,21.474047,436.0,0.0,0.0,72.928463
2020-10-17 19:00:00,376.0,0.0,0.0,-0.0,436.0,0.0,0.0,62.578802
2020-10-17 20:00:00,316.0,0.0,0.0,-0.0,436.0,0.0,0.0,25.9087
2020-10-17 21:00:00,284.0,0.0,0.0,-0.0,436.0,0.0,0.0,26.801683
2020-10-17 22:00:00,284.0,0.0,0.0,-0.0,436.0,0.0,0.0,25.127605
2020-10-17 23:00:00,284.0,0.0,0.0,15.731586,380.000829,0.0,0.0,19.153665
2020-10-18 00:00:00,284.0,0.0,0.0,-0.0,290.4,2.0,0.0,18.531796
2020-10-18 01:00:00,284.0,0.0,0.0,-0.0,284.0,0.0,0.0,-0.0
2020-10-18 02:00:00,284.0,0.0,0.0,-0.0,284.0,0.0,0.0,-0.0
2020-10-18 03:00:00,284.0,0.0,0.0,-0.0,284.0,0.0,0.0,-0.0
2020-10-18 04:00:00,284.0,0.0,0.0,-0.0,284.0,0.0,0.0,-0.0
2020-10-18 05:00:00,284.0,0.0,0.0,-0.0,291.4,0.0,0.0,-0.0
2020-10-18 06:00:00,284.0,0.0,0.0,-0.0,284.0,0.0,0.0,-0.0
2020-10-18 07:00:00,284.0,0.0,0.0,-0.0,296.976942,0.0,0.0,-0.0
2020-10-18 08:00:00,284.0,0.0,0.0,-0.0,338.067508,0.0,0.0,-0.0
2020-10-18 09:00:00,284.0,0.0,0.0,-0.0,304.0,0.0,0.0,-0.0
2020-10-18 10:00:00,284.0,0.0,0.0,-0.0,330.45987,0.0,0.0,-0.0
2020-10-18 11:00:00,284.0,0.0,0.0,-0.0,330.907338,0.0,0.0,-0.0
2020-10-18 12:00:00,284.0,0.0,0.0,-0.0,293.4,0.0,0.0,-0.0
2020-10-18 13:00:00,284.0,0.0,0.0,-0.0,293.4,0.0,0.0,-0.0
2020-10-18 14:00:00,284.0,0.0,0.0,-0.0,291.4,0.0,0.0,-0.0
2020-10-18 15:00:00,284.0,0.0,0.0,-0.0,284.0,0.0,0.0,-0.0
2020-10-18 16:00:00,284.0,0.0,0.0,-0.0,304.0,0.0,0.0,-0.0
2020-10-18 17:00:00,284.0,0.0,0.0,-0.0,364.0,0.0,0.0,23.151899
2020-10-18 18:00:00,284.0,0.0,0.0,-0.0,424.0,0.0,0.0,118.531796
2020-10-18 19:00:00,284.0,0.0,0.0,-0.0,404.0,0.0,0.0,53.842044
2020-10-18 20:00:00,284.0,0.0,0.0,-0.0,344.0,0.0,0.0,19.153665
2020-10-18 21:00:00,284.0,0.0,0.0,-0.0,284.0,0.0,0.0,7.360151
2020-10-18 22:00:00,284.0,0.0,0.0,-0.0,284.0,0.0,0.0,0.458232
2020-10-18 23:00:00,284.0,0.0,0.0,-0.0,284.0,0.0,0.0,-0.0
2020-10-19 00:00:00,284.0,0.0,0.0,-0.0,284.0,2.0,0.0,-0.0
2020-10-19 01:00:00,284.0,0.0,0.0,-0.0,284.0,0.0,0.0,-0.0
2020-10-19 02:00:00,284.0,0.0,0.0,-0.0,284.0,0.0,0.0,-0.0
2020-10-19 03:00:00,284.0,0.0,0.0,-0.0,284.0,0.0,0.0,-0.0
2020-10-19 04:00:00,284.0,0.0,0.0,17.641822,284.0,0.0,0.0,17.265035
2020-10-19 05:00:00,344.0,0.0,0.0,21.43728,344.0,0.0,0.0,66.745498
2020-10-19 06:00:00,404.0,0.0,0.0,123.657594,284.0,0.0,0.0,-0.0
2020-10-19 07:00:00,370.70828,0.0,0.0,18.531796,284.0,0.0,0.0,-0.0
2020-10-19 08:00:00,430.70828,0.0,0.0,18.573789,284.0,0.0,0.0,-0.0
2020-10-19 09:00:00,370.70828,0.0,0.0,-0.0,284.0,0.0,0.0,-0.0
2020-10-19 10:00:00,330.564796,0.0,0.0,18.531796,284.0,0.0,0.0,-0.0
2020-10-19 11:00:00,390.564796,0.0,0.0,122.516066,284.0,0.0,0.0,-0.0
2020-10-19 12:00:00,436.0,0.0,0.0,122.492854,331.318409,0.0,0.0,23.784191
2020-10-19 13:00:00,436.0,0.0,0.0,122.492854,391.318409,0.0,0.0,20.680005
2020-10-19 14:00:00,436.0,0.0,0.0,122.96816,436.0,0.0,0.0,24.471284
2020-10-19 15:00:00,436.0,0.0,0.0,22.516066,436.0,0.0,0.0,25.216355
2020-10-19 16:00:00,436.0,0.0,0.0,19.685338,436.0,0.0,0.0,26.869164
2020-10-19 17:00:00,436.0,0.0,0.0,21.413908,436.0,0.0,0.0,64.333017
2020-10-19 18:00:00,436.0,0.0,0.0,21.096593,436.0,0.0,0.0,81.163241
2020-10-19 19:00:00,436.0,0.0,0.0,21.413908,436.0,0.0,0.0,26.790897
2020-10-19 20:00:00,436.0,0.0,0.0,21.118653,436.0,0.0,0.0,25.203506
2020-10-19 21:00:00,436.0,0.0,0.0,21.118653,436.0,0.0,0.0,22.201845
2020-10-19 22:00:00,376.0,0.0,0.0,12.446703,436.0,0.0,0.0,22.602414
2020-10-19 23:00:00,436.0,0.0,0.0,21.62631,436.0,0.0,0.0,23.87513
2020-10-20 00:00:00,436.0,0.0,0.0,20.23509,344.0,30.0,0.0,23.128644
2020-10-20 01:00:00,376.0,0.0,0.0,18.208373,404.0,0.0,0.0,21.118653
2020-10-20 02:00:00,425.422525,0.0,0.0,18.531796,436.0,0.0,0.0,21.118653
2020-10-20 03:00:00,436.0,0.0,0.0,19.91836,436.0,0.0,0.0,21.168781
2020-10-20 04:00:00,436.0,0.0,0.0,21.096593,436.0,0.0,0.0,22.566788
2020-10-20 05:00:00,436.0,0.0,0.0,23.192161,436.0,0.0,0.0,69.330994
2020-10-20 06:00:00,436.0,0.0,0.0,25.398215,399.797158,0.0,0.0,21.168781
2020-10-20 07:00:00,436.0,0.0,0.0,20.989617,339.797158,0.0,0.0,16.212661
2020-10-20 08:00:00,376.0,0.0,0.0,-0.0,284.0,0.0,0.0,-0.0
2020-10-20 09:00:00,316.0,0.0,0.0,-0.0,284.0,0.0,0.0,-0.0
2020-10-20 10:00:00,284.0,0.0,0.0,15.731586,284.0,0.0,0.0,-0.0
2020-10-20 11:00:00,284.0,0.0,0.0,-0.0,284.0,0.0,0.0,-0.0
2020-10-20 12:00:00,284.0,0.0,0.0,15.731586,301.422789,0.0,0.0,3.740012
2020-10-20 13:00:00,337.884261,0.0,0.0,18.531796,361.422789,0.0,0.0,19.430296
2020-10-20 14:00:00,397.884261,0.0,0.0,19.430296,421.422789,0.0,0.0,21.287879
2020-10-20 15:00:00,337.884261,0.0,0.0,-0.0,436.0,0.0,0.0,23.533092
2020-10-20 16:00:00,397.884261,0.0,0.0,20.400003,436.0,0.0,0.0,29.495029
2020-10-20 17:00:00,436.0,0.0,0.0,26.429316,436.0,0.0,0.0,27.274563
2020-10-20 18:00:00,436.0,0.0,0.0,26.755559,436.0,0.0,0.0,66.99038
2020-10-20 19:00:00,436.0,0.0,0.0,26.790897,436.0,0.0,0.0,73.239897
2020-10-20 20:00:00,436.0,0.0,0.0,26.790897,436.0,0.0,0.0,26.823466
2020-10-20 21:00:00,436.0,0.0,0.0,26.324557,436.0,0.0,0.0,26.790897
2020-10-20 22:00:00,436.0,0.0,0.0,22.732362,436.0,0.0,0.0,23.206766
2020-10-20 23:00:00,436.0,0.0,0.0,21.474047,436.0,0.0,0.0,22.732362
2020-10-21 00:00:00,436.0,0.0,0.0,22.492854,344.0,30.0,0.0,23.128644
2020-10-21 01:00:00,436.0,0.0,0.0,21.474047,404.0,0.0,0.0,23.128644
2020-10-21 02:00:00,436.0,0.0,0.0,21.116411,436.0,0.0,0.0,21.843654
2020-10-21 03:00:00,436.0,0.0,0.0,20.846138,436.0,0.0,0.0,22.492854
2020-10-21 04:00:00,436.0,0.0,0.0,21.287879,436.0,0.0,0.0,23.437807
2020-10-21 05:00:00,436.0,0.0,0.0,22.492854,424.0,0.0,0.0,40.836657
2020-10-21 06:00:00,436.0,60.0,0.0,277.274616,364.0,0.0,0.0,19.430296
2020-10-21 07:00:00,436.0,0.0,0.0,20.846138,304.0,0.0,0.0,-0.0
2020-10-21 08:00:00,376.0,0.0,0.0,-0.0,293.4,0.0,0.0,-0.0
2020-10-21 09:00:00,316.0,0.0,0.0,-0.0,292.4,0.0,0.0,-0.0
2020-10-21 10:00:00,284.0,0.0,0.0,-0.0,284.0,0.0,0.0,-0.0
2020-10-21 11:00:00,284.0,0.0,0.0,-0.0,284.0,0.0,0.0,-0.0
2020-10-21 12:00:00,284.0,0.0,0.0,-0.0,284.0,0.0,0.0,-0.0
2020-10-21 13:00:00,284.0,0.0,0.0,-0.0,284.0,0.0,0.0,-0.0
2020-10-21 14:00:00,284.0,0.0,0.0,-0.0,304.0,0.0,0.0,-0.0
2020-10-21 15:00:00,284.0,0.0,0.0,-0.0,364.0,0.0,0.0,19.983547
2020-10-21 16:00:00,284.0,0.0,0.0,15.731586,424.0,0.0,0.0,77.059482
2020-10-21 17:00:00,344.0,0.0,0.0,126.755559,436.0,0.0,0.0,54.149451
2020-10-21 18:00:00,404.0,0.0,0.0,23.128644,436.0,0.0,0.0,46.991825
2020-10-21 19:00:00,436.0,0.0,0.0,125.9087,436.0,0.0,0.0,22.415223
2020-10-21 20:00:00,436.0,10.405212,0.0,141.716991,424.0,0.0,0.0,19.91836
2020-10-21 21:00:00,436.0,0.0,0.0,126.892495,364.0,0.0,0.0,18.60404
2020-10-21 22:00:00,436.0,0.0,0.0,123.128644,304.0,0.0,0.0,0.0
2020-10-21 23:00:00,436.0,60.0,0.0,226.404825,284.0,0.0,0.0,14.747294
2020-10-22 00:00:00,436.0,0.0,0.0,123.657594,284.652979,30.0,0.0,-0.0
2020-10-22 01:00:00,436.0,0.0,0.0,19.430296,284.0,0.0,0.0,-0.0
2020-10-22 02:00:00,376.0,0.0,0.0,16.970947,284.0,0.0,0.0,-0.0
2020-10-22 03:00:00,316.0,0.0,0.0,18.072542,284.0,0.0,0.0,-0.0
2020-10-22 04:00:00,284.0,0.0,0.0,-0.0,284.0,0.0,0.0,-0.0
2020-10-22 05:00:00,284.0,0.0,0.0,18.208373,305.679372,0.0,0.0,28.212712
2020-10-22 06:00:00,323.091138,0.0,0.0,18.531796,284.0,0.0,0.0,-0.0
2020-10-22 07:00:00,284.0,0.0,0.0,-0.0,284.0,0.0,0.0,-0.0
2020-10-22 08:00:00,284.0,0.0,0.0,-0.0,284.0,0.0,0.0,-0.0
2020-10-22 09:00:00,284.0,0.0,0.0,-0.0,284.0,0.0,0.0,-0.0
2020-10-22 10:00:00,284.0,0.0,0.0,-0.0,302.314744,0.0,0.0,-0.0
2020-10-22 11:00:00,284.0,0.0,0.0,-0.0,325.33684,0.0,0.0,-0.0
2020-10-22 12:00:00,284.0,0.0,0.0,-0.0,317.953134,0.0,0.0,-0.0
2020-10-22 13:00:00,284.0,0.0,0.0,-0.0,284.0,0.0,0.0,-0.0
2020-10-22 14:00:00,284.0,0.0,0.0,-0.0,284.0,0.0,0.0,-0.0
2020-10-22 15:00:00,284.0,0.0,0.0,-0.0,338.531961,0.0,0.0,-0.0
2020-10-22 16:00:00,284.0,0.0,0.0,-0.0,376.0,0.0,0.0,33.569136
2020-10-22 17:00:00,344.0,0.0,0.0,19.91836,436.0,0.0,0.0,75.7572
2020-10-22 18:00:00,393.673696,0.0,0.0,18.531796,436.0,0.0,0.0,69.335493
2020-10-22 19:00:00,436.0,0.0,0.0,19.352769,424.0,0.0,0.0,20.525481
2020-10-22 20:00:00,376.0,0.0,0.0,18.208373,364.0,0.0,0.0,23.479947
2020-10-22 21:00:00,316.0,0.0,0.0,18.072542,304.0,0.0,0.0,7.329947
2020-10-22 22:00:00,286.911932,0.0,0.0,18.531796,284.0,0.0,0.0,-0.0
2020-10-22 23:00:00,284.0,0.0,0.0,-0.0,284.0,0.0,0.0,-0.0
2020-10-23 00:00:00,284.0,0.0,0.0,-0.0,284.0,2.0,0.0,-0.0
2020-10-23 01:00:00,284.0,0.0,0.0,-0.0,297.4,0.0,0.0,-0.0
2020-10-23 02:00:00,344.0,0.0,0.0,18.573789,304.0,0.0,0.0,-0.0
2020-10-23 03:00:00,377.766495,0.0,0.0,18.531796,364.0,0.0,0.0,20.737469
2020-10-23 04:00:00,317.766495,0.0,0.0,18.072542,424.0,0.0,0.0,20.846138
2020-10-23 05:00:00,377.766495,0.0,0.0,22.516066,405.363315,0.0,0.0,80.954861
2020-10-23 06:00:00,426.0,56.695027,0.0,132.817242,345.363315,0.0,0.0,18.573789
2020-10-23 07:00:00,436.0,0.0,0.0,21.287879,292.4,0.0,0.0,-0.0
2020-10-23 08:00:00,376.0,0.0,0.0,-0.0,294.4,0.0,0.0,-0.0
2020-10-23 09:00:00,316.0,0.0,0.0,18.072542,291.4,0.0,0.0,-0.0
2020-10-23 10:00:00,376.0,0.0,0.0,19.430296,304.0,0.0,0.0,17.378254
2020-10-23 11:00:00,338.319874,0.0,0.0,18.531796,364.0,0.0,0.0,19.685338
2020-10-23 12:00:00,398.319874,0.0,0.0,18.573789,424.0,0.0,0.0,20.400003
2020-10-23 13:00:00,338.319874,0.0,0.0,18.463561,436.0,0.0,0.0,21.713932
2020-10-23 14:00:00,372.950937,0.0,0.0,18.531796,436.0,0.0,0.0,26.542933
2020-10-23 15:00:00,352.789632,0.0,0.0,18.531796,436.0,0.0,0.0,23.657594
2020-10-23 16:00:00,412.789632,0.0,0.0,22.492854,436.0,0.0,0.0,29.853164
2020-10-23 17:00:00,436.0,0.0,0.0,26.790897,436.0,0.0,0.0,76.815615
2020-10-23 18:00:00,436.0,0.0,0.0,27.050889,436.0,0.0,0.0,61.415905
2020-10-23 19:00:00,436.0,0.0,0.0,26.790897,436.0,0.0,0.0,26.790897
2020-10-23 20:00:00,436.0,0.0,0.0,26.755559,436.0,0.0,0.0,26.755559
2020-10-23 21:00:00,436.0,0.0,0.0,25.9087,436.0,0.0,0.0,26.652877
2020-10-23 22:00:00,436.0,0.0,0.0,25.9087,436.0,0.0,0.0,26.324557
2020-10-23 23:00:00,436.0,0.0,0.0,23.128644,436.0,0.0,0.0,23.206766
2020-10-24 00:00:00,436.0,0.0,0.0,22.492854,344.0,30.0,0.0,27.405103
2020-10-24 01:00:00,436.0,0.0,0.0,22.732362,404.0,0.0,0.0,23.87513
2020-10-24 02:00:00,436.0,0.0,0.0,22.576747,436.0,0.0,0.0,23.206766
2020-10-24 03:00:00,436.0,0.0,0.0,22.732362,436.0,0.0,0.0,23.87513
2020-10-24 04:00:00,436.0,0.0,0.0,22.96816,436.0,0.0,0.0,26.324557
2020-10-24 05:00:00,436.0,0.0,0.0,23.206766,435.64732,0.0,0.0,35.325028
2020-10-24 06:00:00,436.0,0.0,0.0,26.324557,375.64732,0.0,0.0,21.287879
2020-10-24 07:00:00,436.0,0.0,0.0,21.116714,315.64732,0.0,0.0,12.770103
2020-10-24 08:00:00,376.0,0.0,0.0,-0.0,284.0,0.0,0.0,-0.0
2020-10-24 09:00:00,316.0,0.0,0.0,-0.0,284.0,0.0,0.0,-0.0
2020-10-24 10:00:00,284.0,0.0,0.0,-0.0,284.0,0.0,0.0,-0.0
2020-10-24 11:00:00,284.0,0.0,0.0,-0.0,284.0,0.0,0.0,-0.0
2020-10-24 12:00:00,284.0,0.0,0.0,-0.0,291.4,0.0,0.0,-0.0
2020-10-24 13:00:00,284.0,0.0,0.0,-0.0,351.4,0.0,0.0,18.072542
2020-10-24 14:00:00,284.0,0.0,0.0,-0.0,411.4,0.0,0.0,21.116714
2020-10-24 15:00:00,284.0,0.0,0.0,-0.0,436.0,0.0,0.0,21.474047
2020-10-24 16:00:00,284.0,0.0,0.0,16.970947,436.0,0.0,0.0,26.755559
2020-10-24 17:00:00,344.0,0.0,0.0,23.206766,436.0,0.0,0.0,73.157755
2020-10-24 18:00:00,404.0,0.0,0.0,23.206766,436.0,0.0,0.0,70.518311
2020-10-24 19:00:00,436.0,0.0,0.0,23.128644,436.0,0.0,0.0,26.404825
2020-10-24 20:00:00,436.0,0.0,0.0,23.128644,436.0,0.0,0.0,26.541271
2020-10-24 21:00:00,436.0,0.0,0.0,23.437807,436.0,0.0,0.0,23.437807
2020-10-24 22:00:00,436.0,0.0,0.0,22.576747,436.0,0.0,0.0,22.732362
2020-10-24 23:00:00,436.0,0.0,0.0,23.206766,436.0,0.0,0.0,22.934231
2020-10-25 00:00:00,436.0,0.0,0.0,21.647258,344.0,30.0,0.0,23.206766
2020-10-25 01:00:00,436.0,0.0,0.0,21.647258,404.0,0.0,0.0,21.647258
2020-10-25 02:00:00,436.0,0.0,0.0,21.647258,436.0,0.0,0.0,21.647258
2020-10-25 03:00:00,436.0,0.0,0.0,21.647258,436.0,0.0,0.0,23.206766
2020-10-25 04:00:00,436.0,0.0,0.0,22.492854,436.0,0.0,0.0,23.437807
2020-10-25 05:00:00,436.0,0.0,0.0,23.206766,424.0,0.0,0.0,41.714113
2020-10-25 06:00:00,436.0,0.0,0.0,126.429316,364.0,0.0,0.0,19.983547
2020-10-25 07:00:00,436.0,0.0,0.0,19.983547,304.0,0.0,0.0,-0.0
2020-10-25 08:00:00,376.0,0.0,0.0,-0.0,284.0,0.0,0.0,-0.0
2020-10-25 09:00:00,316.0,0.0,0.0,-0.0,284.0,0.0,0.0,-0.0
2020-10-25 10:00:00,284.0,0.0,0.0,-0.0,284.0,0.0,0.0,-0.0
2020-10-25 11:00:00,284.0,0.0,0.0,-0.0,284.0,0.0,0.0,-0.0
2020-10-25 12:00:00,284.0,0.0,0.0,-0.0,290.4,0.0,0.0,-0.0
2020-10-25 13:00:00,284.0,0.0,0.0,-0.0,350.4,0.0,0.0,19.685338
2020-10-25 14:00:00,339.282305,0.0,0.0,18.531796,410.4,0.0,0.0,21.288154
2020-10-25 15:00:00,284.0,0.0,0.0,-0.0,436.0,0.0,0.0,21.04422
2020-10-25 16:00:00,344.0,0.0,0.0,20.400003,436.0,0.0,0.0,24.922322
2020-10-25 17:00:00,404.0,0.0,0.0,26.429316,436.0,0.0,0.0,70.652515
2020-10-25 18:00:00,436.0,0.0,0.0,26.429316,436.0,0.0,0.0,77.605989
2020-10-25 19:00:00,436.0,0.0,0.0,26.429316,436.0,0.0,0.0,24.222868
2020-10-25 20:00:00,436.0,0.0,0.0,127.274563,436.0,0.0,0.0,23.128644
2020-10-25 21:00:00,436.0,0.0,0.0,26.429316,436.0,0.0,0.0,23.128644
2020-10-25 22:00:00,436.0,0.0,0.0,21.647258,436.0,0.0,0.0,21.288154
2020-10-25 23:00:00,376.0,0.0,0.0,14.191367,436.0,0.0,0.0,21.728531
2020-10-26 00:00:00,316.0,0.0,0.0,-0.0,344.0,22.851784,0.0,20.400003
2020-10-26 01:00:00,284.0,0.0,0.0,-0.0,369.94189,0.0,0.0,18.489804
2020-10-26 02:00:00,284.0,0.0,0.0,-0.0,429.94189,0.0,0.0,18.573789
2020-10-26 03:00:00,284.0,0.0,0.0,-0.0,436.0,0.0,0.0,19.430296
2020-10-26 04:00:00,324.567145,0.0,0.0,18.531796,436.0,0.0,0.0,21.647258
2020-10-26 05:00:00,384.567145,0.0,0.0,21.288154,424.0,0.0,0.0,57.51439
2020-10-26 06:00:00,436.0,0.0,0.0,22.104741,364.0,0.0,0.0,20.846138
2020-10-26 07:00:00,436.0,0.0,0.0,23.845484,304.0,0.0,0.0,-0.0
2020-10-26 08:00:00,376.0,0.0,0.0,-0.0,284.0,0.0,0.0,-0.0
2020-10-26 09:00:00,316.0,0.0,0.0,-0.0,308.760353,0.0,0.0,18.531796
2020-10-26 10:00:00,284.0,0.0,0.0,-0.0,366.92712,0.0,0.0,18.072542
2020-10-26 11:00:00,284.0,0.0,0.0,-0.0,426.92712,0.0,0.0,19.983547
2020-10-26 12:00:00,344.0,0.0,0.0,19.685338,436.0,0.0,0.0,21.288154
2020-10-26 13:00:00,404.0,0.0,0.0,21.116411,436.0,0.0,0.0,23.480583
2020-10-26 14:00:00,436.0,0.0,0.0,22.516066,436.0,0.0,0.0,23.358854
2020-10-26 15:00:00,436.0,0.0,0.0,21.647258,436.0,0.0,0.0,23.87513
2020-10-26 16:00:00,436.0,0.0,0.0,22.516066,436.0,0.0,0.0,29.180706
2020-10-26 17:00:00,436.0,0.0,0.0,26.429316,436.0,0.0,0.0,67.019323
2020-10-26 18:00:00,436.0,0.0,0.0,26.324557,436.0,0.0,0.0,73.528205
2020-10-26 19:00:00,436.0,0.0,0.0,25.9087,436.0,0.0,0.0,28.771735
2020-10-26 20:00:00,436.0,0.0,0.0,23.437807,436.0,0.0,0.0,26.755559
2020-10-26 21:00:00,436.0,0.0,0.0,23.128644,436.0,0.0,0.0,23.657594
2020-10-26 22:00:00,436.0,0.0,0.0,21.116714,436.0,0.0,0.0,23.437807
2020-10-26 23:00:00,436.0,0.0,0.0,20.846138,436.0,0.0,0.0,23.128644
2020-10-27 00:00:00,436.0,0.0,0.0,21.116411,344.0,30.0,0.0,27.730994
2020-10-27 01:00:00,436.0,0.0,0.0,21.116714,404.0,0.0,0.0,24.844062
2020-10-27 02:00:00,436.0,0.0,0.0,21.474047,436.0,0.0,0.0,21.843654
2020-10-27 03:00:00,436.0,0.0,0.0,21.647258,436.0,0.0,0.0,21.647258
2020-10-27 04:00:00,436.0,0.0,0.0,21.647258,436.0,0.0,0.0,21.647258
2020-10-27 05:00:00,436.0,0.0,0.0,22.96816,424.0,0.0,0.0,31.915692
2020-10-27 06:00:00,436.0,0.0,0.0,21.647258,364.0,0.0,0.0,19.430296
2020-10-27 07:00:00,376.0,0.0,0.0,-0.0,304.0,0.0,0.0,-0.0
2020-10-27 08:00:00,316.0,0.0,0.0,-0.0,304.0,0.0,0.0,-0.0
2020-10-27 09:00:00,284.0,0.0,0.0,-0.0,304.0,0.0,0.0,-0.0
2020-10-27 10:00:00,284.0,0.0,0.0,-0.0,304.0,0.0,0.0,-0.0
2020-10-27 11:00:00,284.0,0.0,0.0,-0.0,299.4,0.0,0.0,-0.0
2020-10-27 12:00:00,284.0,0.0,0.0,-0.0,293.4,0.0,0.0,-0.0
2020-10-27 13:00:00,284.0,0.0,0.0,-0.0,304.0,0.0,0.0,-0.0
2020-10-27 14:00:00,284.0,0.0,0.0,-0.0,284.0,0.0,0.0,-0.0
2020-10-27 15:00:00,284.0,0.0,0.0,-0.0,304.0,0.0,0.0,-0.0
2020-10-27 16:00:00,284.0,0.0,0.0,-0.0,364.0,0.0,0.0,18.208373
2020-10-27 17:00:00,344.0,0.0,0.0,21.413908,424.0,0.0,0.0,71.428254
2020-10-27 18:00:00,404.0,0.0,0.0,19.153665,436.0,0.0,0.0,75.789846
2020-10-27 19:00:00,436.0,0.0,0.0,33.617451,436.0,0.0,0.0,22.393182
2020-10-27 20:00:00,436.0,0.0,0.0,20.820283,400.76783,0.0,0.0,21.60723
2020-10-27 21:00:00,376.0,0.0,0.0,16.212661,340.76783,0.0,0.0,18.991637
2020-10-27 22:00:00,316.0,0.0,0.0,-0.0,284.0,0.0,0.0,-0.0
2020-10-27 23:00:00,284.0,0.0,0.0,-0.0,284.0,0.0,0.0,-0.0
2020-10-28 00:00:00,284.0,0.0,0.0,-0.0,284.0,2.0,0.0,-0.0
2020-10-28 01:00:00,284.0,0.0,0.0,-0.0,284.0,0.0,0.0,-0.0
2020-10-28 02:00:00,284.0,0.0,0.0,-0.0,284.0,0.0,0.0,-0.0
2020-10-28 03:00:00,284.0,0.0,0.0,-0.0,284.0,0.0,0.0,-0.0
2020-10-28 04:00:00,284.0,0.0,0.0,16.970947,304.0,0.0,0.0,-0.0
2020-10-28 05:00:00,344.0,0.0,0.0,121.474047,364.0,0.0,0.0,60.64121
2020-10-28 06:00:00,404.0,0.0,0.0,122.492854,304.0,0.0,0.0,-0.0
2020-10-28 07:00:00,371.53546,0.0,0.0,18.531796,290.4,0.0,0.0,-0.0
2020-10-28 08:00:00,311.53546,0.0,0.0,-0.0,298.4,0.0,0.0,-0.0
2020-10-28 09:00:00,284.0,0.0,0.0,-0.0,299.4,0.0,0.0,-0.0
2020-10-28 10:00:00,284.0,0.0,0.0,-0.0,296.4,0.0,0.0,-0.0
2020-10-28 11:00:00,284.0,0.0,0.0,-0.0,290.4,0.0,0.0,-0.0
2020-10-28 12:00:00,284.0,0.0,0.0,-0.0,286.4,0.0,0.0,-0.0
2020-10-28 13:00:00,284.0,0.0,0.0,-0.0,304.0,0.0,0.0,18.427739
2020-10-28 14:00:00,284.0,0.0,0.0,-0.0,364.0,0.0,0.0,20.786109
2020-10-28 15:00:00,284.0,0.0,0.0,-0.0,424.0,3.194479,0.0,21.287879
2020-10-28 16:00:00,284.0,0.0,0.0,-0.0,436.0,0.0,0.0,31.483582
2020-10-28 17:00:00,344.0,0.0,0.0,22.96816,436.0,0.0,0.0,74.841098
2020-10-28 18:00:00,404.0,0.0,0.0,22.732362,436.0,0.0,0.0,70.341113
2020-10-28 19:00:00,436.0,0.0,0.0,21.843654,436.0,0.0,0.0,25.9087
2020-10-28 20:00:00,436.0,0.0,0.0,20.846138,436.0,0.0,0.0,22.96816
2020-10-28 21:00:00,376.0,0.0,0.0,16.970947,436.0,0.0,0.0,21.116411
2020-10-28 22:00:00,316.0,0.0,0.0,-0.0,436.0,0.0,0.0,21.116411
2020-10-28 23:00:00,284.0,0.0,0.0,-0.0,436.0,0.0,0.0,21.287879
2020-10-29 00:00:00,284.0,0.0,0.0,-0.0,344.0,2.0,0.0,22.732362
2020-10-29 01:00:00,284.0,0.0,0.0,-0.0,404.0,0.0,0.0,21.287879
2020-10-29 02:00:00,284.0,0.0,0.0,-0.0,436.0,0.0,0.0,21.287879
2020-10-29 03:00:00,284.0,0.0,0.0,-0.0,436.0,0.0,0.0,21.843654
2020-10-29 04:00:00,284.0,0.0,0.0,14.191367,436.0,0.0,0.0,22.96816
2020-10-29 05:00:00,344.0,0.0,0.0,22.516066,424.0,0.0,0.0,43.518687
2020-10-29 06:00:00,404.0,0.0,0.0,21.287879,364.0,0.0,0.0,21.474047
2020-10-29 07:00:00,344.0,0.0,0.0,-0.0,304.0,0.0,0.0,-0.0
2020-10-29 08:00:00,284.0,0.0,0.0,-0.0,296.4,0.0,0.0,-0.0
2020-10-29 09:00:00,284.0,0.0,0.0,-0.0,293.4,0.0,0.0,-0.0
2020-10-29 10:00:00,284.0,0.0,0.0,-0.0,284.0,0.0,0.0,-0.0
2020-10-29 11:00:00,284.0,0.0,0.0,-0.0,284.0,0.0,0.0,-0.0
2020-10-29 12:00:00,284.0,0.0,0.0,-0.0,284.0,0.0,0.0,11.976674
2020-10-29 13:00:00,284.0,0.0,0.0,-0.0,314.753871,0.0,0.0,15.947182
2020-10-29 14:00:00,284.0,0.0,0.0,-0.0,374.753871,0.0,0.0,21.116411
2020-10-29 15:00:00,284.0,0.0,0.0,-0.0,434.753871,4.726333,0.0,21.982461
2020-10-29 16:00:00,284.0,0.0,0.0,-0.0,436.0,0.419173,0.0,26.790897
2020-10-29 17:00:00,284.0,0.0,0.0,-0.0,436.0,0.0,0.0,77.313264
2020-10-29 18:00:00,284.0,0.0,0.0,-0.0,436.0,0.0,0.0,70.940855
2020-10-29 19:00:00,284.0,0.0,0.0,-0.0,436.0,0.0,0.0,27.050889
2020-10-29 20:00:00,284.0,0.0,0.0,-0.0,436.0,0.0,0.0,26.324557
2020-10-29 21:00:00,284.0,0.0,0.0,-0.0,436.0,0.0,0.0,22.576747
2020-10-29 22:00:00,284.0,0.0,0.0,-0.0,436.0,0.0,0.0,21.116411
2020-10-29 23:00:00,284.0,0.0,0.0,-0.0,436.0,0.0,0.0,21.287879
2020-10-30 00:00:00,284.0,0.0,0.0,-0.0,344.0,2.0,0.0,22.516066
2020-10-30 01:00:00,284.0,0.0,0.0,16.970947,404.0,0.0,0.0,21.116714
2020-10-30 02:00:00,284.0,0.0,0.0,-0.0,390.181537,0.0,0.0,21.287879
2020-10-30 03:00:00,284.0,0.0,0.0,-0.0,330.181537,0.0,0.0,-0.0
2020-10-30 04:00:00,344.0,0.0,0.0,18.573789,390.181537,0.0,0.0,19.685338
2020-10-30 05:00:00,404.0,0.0,0.0,21.843654,364.0,0.0,0.0,62.355379
2020-10-30 06:00:00,436.0,0.0,0.0,122.96816,304.0,0.0,0.0,-0.0
2020-10-30 07:00:00,419.328832,0.0,0.0,18.531796,295.4,0.0,0.0,-0.0
2020-10-30 08:00:00,359.328832,0.0,0.0,-0.0,297.4,0.0,0.0,-0.0
2020-10-30 09:00:00,299.328832,0.0,0.0,-0.0,295.4,0.0,0.0,-0.0
2020-10-30 10:00:00,284.0,0.0,0.0,-0.0,284.0,0.0,0.0,-0.0
2020-10-30 11:00:00,284.0,0.0,0.0,-0.0,284.0,0.0,0.0,-0.0
2020-10-30 12:00:00,284.0,0.0,0.0,16.970947,304.0,0.0,0.0,-0.0
2020-10-30 13:00:00,297.69095,0.0,0.0,18.531796,364.0,0.0,0.0,18.223615
2020-10-30 14:00:00,284.0,0.0,0.0,16.970947,424.0,0.0,0.0,21.981048
2020-10-30 15:00:00,344.0,0.0,0.0,19.430296,436.0,0.0,0.0,23.624874
2020-10-30 16:00:00,284.0,0.0,0.0,-0.0,436.0,0.0,0.0,27.366648
2020-10-30 17:00:00,284.0,0.0,0.0,16.970947,436.0,0.0,0.0,79.132295
2020-10-30 18:00:00,284.0,0.0,0.0,-0.0,436.0,0.0,0.0,64.194432
2020-10-30 19:00:00,284.0,0.0,0.0,-0.0,436.0,0.0,0.0,23.87513
2020-10-30 20:00:00,284.0,0.0,0.0,-0.0,436.0,0.0,0.0,23.206766
2020-10-30 21:00:00,284.0,0.0,0.0,-0.0,436.0,0.0,0.0,23.645721
2020-10-30 22:00:00,284.0,0.0,0.0,-0.0,436.0,0.0,0.0,22.732362
2020-10-30 23:00:00,284.0,0.0,0.0,-0.0,436.0,0.0,0.0,23.128644
2020-10-31 00:00:00,284.0,0.0,0.0,-0.0,344.0,2.0,0.0,26.942142
2020-10-31 01:00:00,284.0,0.0,0.0,-0.0,404.0,0.0,0.0,26.75917
2020-10-31 02:00:00,284.0,0.0,0.0,-0.0,436.0,0.0,0.0,25.509971
2020-10-31 03:00:00,284.0,0.0,0.0,-0.0,436.0,0.0,0.0,23.49558
2020-10-31 04:00:00,284.0,0.0,0.0,-0.0,424.0,0.0,0.0,24.965094
2020-10-31 05:00:00,284.0,0.0,0.0,-0.0,364.0,0.0,0.0,22.441955
2020-10-31 06:00:00,284.0,0.0,0.0,-0.0,304.0,0.0,0.0,-0.0
2020-10-31 07:00:00,284.0,0.0,0.0,-0.0,295.4,0.0,0.0,-0.0
2020-10-31 08:00:00,284.0,0.0,0.0,-0.0,299.4,0.0,0.0,-0.0
2020-10-31 09:00:00,284.0,0.0,0.0,-0.0,298.4,0.0,0.0,-0.0
2020-10-31 10:00:00,284.0,0.0,0.0,-0.0,290.4,0.0,0.0,-0.0
2020-10-31 11:00:00,284.0,0.0,0.0,-0.0,284.0,0.0,0.0,-0.0
2020-10-31 12:00:00,284.0,0.0,0.0,-0.0,284.0,0.0,0.0,-0.0
2020-10-31 13:00:00,284.0,0.0,0.0,-0.0,304.0,0.0,0.0,-0.0
2020-10-31 14:00:00,284.0,0.0,0.0,-0.0,364.0,0.0,0.0,18.072542
2020-10-31 15:00:00,284.0,0.0,0.0,-0.0,424.0,0.0,0.0,19.983547
2020-10-31 16:00:00,344.0,0.0,0.0,21.287879,436.0,0.0,0.0,68.482334
2020-10-31 17:00:00,404.0,0.0,0.0,127.755129,436.0,0.0,0.0,78.542018
2020-10-31 18:00:00,436.0,0.0,0.0,133.259779,436.0,0.0,0.0,29.511023
2020-10-31 19:00:00,436.0,0.0,0.0,127.755129,429.919523,0.0,0.0,21.02015
2020-10-31 20:00:00,436.0,13.968035,0.0,141.716991,369.919523,0.0,0.0,22.492854
2020-10-31 21:00:00,436.0,0.0,0.0,25.9087,309.919523,0.0,0.0,17.679461
2020-10-31 22:00:00,436.0,0.0,0.0,25.9087,355.670125,0.0,0.0,18.531796
2020-10-31 23:00:00,436.0,60.0,0.0,1000.0,415.670125,0.0,0.0,20.147171
2020-11-01 00:00:00,436.0,90.0,0.0,277.274616,364.0,30.0,0.0,22.502528
2020-11-01 01:00:00,418.600983,30.0,0.0,18.531796,304.0,0.0,0.0,-0.0
2020-11-01 02:00:00,358.600983,0.0,0.0,-0.0,291.4,0.0,0.0,-0.0
2020-11-01 03:00:00,298.600983,0.0,0.0,-0.0,291.4,0.0,0.0,-0.0
2020-11-01 04:00:00,284.0,0.0,0.0,-0.0,288.4,0.0,0.0,-0.0
2020-11-01 05:00:00,284.0,0.0,0.0,-0.0,310.041363,0.0,0.0,-0.0
2020-11-01 06:00:00,284.0,0.0,0.0,-0.0,296.4,0.0,0.0,-0.0
2020-11-01 07:00:00,284.0,0.0,0.0,-0.0,284.0,0.0,0.0,-0.0
2020-11-01 08:00:00,284.0,0.0,0.0,-0.0,284.0,0.0,0.0,-0.0
2020-11-01 09:00:00,284.0,0.0,0.0,-0.0,284.0,0.0,0.0,-0.0
2020-11-01 10:00:00,284.0,0.0,0.0,-0.0,284.0,0.0,0.0,-0.0
2020-11-01 11:00:00,284.0,0.0,0.0,-0.0,287.293001,0.0,0.0,-0.0
2020-11-01 12:00:00,284.0,0.0,0.0,-0.0,284.0,0.0,0.0,-0.0
2020-11-01 13:00:00,284.0,0.0,0.0,-0.0,284.0,0.0,0.0,-0.0
2020-11-01 14:00:00,284.0,0.0,0.0,-0.0,284.0,0.0,0.0,-0.0
2020-11-01 15:00:00,284.0,0.0,0.0,-0.0,284.0,0.0,0.0,-0.0
2020-11-01 16:00:00,284.0,0.0,0.0,-0.0,284.0,0.0,0.0,-0.0
2020-11-01 17:00:00,284.0,0.0,0.0,-0.0,304.0,0.0,0.0,-0.0
2020-11-01 18:00:00,284.0,0.0,0.0,11.997881,344.074315,0.0,0.0,42.022674
2020-11-01 19:00:00,284.0,0.0,0.0,18.31738,328.274994,0.0,0.0,18.737253
2020-11-01 20:00:00,344.0,60.0,0.0,124.483074,340.073089,0.0,0.0,-0.0
2020-11-01 21:00:00,404.0,0.0,0.0,20.507653,400.073089,0.0,0.0,76.349159
2020-11-01 22:00:00,344.0,0.0,0.0,-0.0,433.644457,0.0,0.0,18.573789
2020-11-01 23:00:00,284.0,0.0,0.0,-0.0,436.0,0.0,0.0,67.07464
2020-11-02 00:00:00,284.0,0.0,0.0,-0.0,323.947623,2.0,0.0,18.531796
2020-11-02 01:00:00,299.872405,0.0,0.0,18.531796,284.0,0.0,0.0,-0.0
2020-11-02 02:00:00,284.0,0.0,0.0,18.072542,284.0,0.0,0.0,-0.0
2020-11-02 03:00:00,344.0,0.0,0.0,20.846138,316.0,0.0,0.0,16.970947
2020-11-02 04:00:00,289.418185,0.0,0.0,18.531796,376.0,0.0,0.0,18.573789
2020-11-02 05:00:00,349.418185,0.0,0.0,19.430296,436.0,0.0,0.0,21.287879
2020-11-02 06:00:00,409.418185,0.0,0.0,21.116411,436.0,0.0,0.0,70.384767
2020-11-02 07:00:00,349.418185,0.0,0.0,-0.0,436.0,0.0,0.0,21.116714
2020-11-02 08:00:00,289.418185,0.0,0.0,-0.0,394.698959,0.0,0.0,20.092646
2020-11-02 09:00:00,284.0,0.0,0.0,-0.0,334.698959,0.0,0.0,16.970947
2020-11-02 10:00:00,284.0,0.0,0.0,-0.0,284.0,0.0,0.0,-0.0
2020-11-02 11:00:00,284.0,0.0,0.0,-0.0,284.0,0.0,0.0,-0.0
2020-11-02 12:00:00,284.0,0.0,0.0,-0.0,284.0,0.0,0.0,-0.0
2020-11-02 13:00:00,284.0,0.0,0.0,-0.0,320.064881,0.0,0.0,12.471469
2020-11-02 14:00:00,284.0,0.0,0.0,-0.0,380.064881,0.0,0.0,24.592124
2020-11-02 15:00:00,284.0,0.0,0.0,14.191367,436.0,0.0,0.0,22.96816
2020-11-02 16:00:00,344.0,0.0,0.0,21.287879,436.0,0.0,0.0,31.449734
2020-11-02 17:00:00,404.0,0.0,0.0,26.790897,436.0,0.0,0.0,77.313264
2020-11-02 18:00:00,436.0,0.0,0.0,27.274563,436.0,0.0,0.0,62.544279
2020-11-02 19:00:00,436.0,0.0,0.0,26.755559,436.0,0.0,0.0,26.823466
2020-11-02 20:00:00,436.0,0.0,0.0,26.429316,436.0,0.0,0.0,26.790897
2020-11-02 21:00:00,436.0,0.0,0.0,26.429316,436.0,0.0,0.0,26.429316
2020-11-02 22:00:00,436.0,0.0,0.0,23.657594,436.0,0.0,0.0,26.324557
2020-11-02 23:00:00,436.0,0.0,0.0,25.9087,436.0,0.0,0.0,25.64056
2020-11-03 00:00:00,436.0,0.0,0.0,22.732362,353.736289,30.0,0.0,23.206766
2020-11-03 01:00:00,436.0,0.0,0.0,22.576747,413.736289,0.0,0.0,23.657594
2020-11-03 02:00:00,436.0,0.0,0.0,22.576747,436.0,0.0,0.0,23.206766
2020-11-03 03:00:00,436.0,0.0,0.0,22.576747,436.0,0.0,0.0,23.206766
2020-11-03 04:00:00,436.0,0.0,0.0,22.576747,436.0,0.0,0.0,23.657594
2020-11-03 05:00:00,436.0,0.0,0.0,23.128644,436.0,0.0,0.0,41.596076
2020-11-03 06:00:00,436.0,0.0,0.0,26.324557,436.0,0.0,0.0,25.9087
2020-11-03 07:00:00,436.0,0.0,0.0,126.324557,424.0,0.0,0.0,21.474047
2020-11-03 08:00:00,436.0,0.0,0.0,21.287879,364.0,0.0,0.0,19.430296
2020-11-03 09:00:00,436.0,0.0,0.0,18.573789,304.0,0.0,0.0,-0.0
2020-11-03 10:00:00,376.0,0.0,0.0,18.463561,284.0,0.0,0.0,-0.0
2020-11-03 11:00:00,334.548585,0.0,0.0,18.531796,284.0,0.0,0.0,-0.0
2020-11-03 12:00:00,364.609385,0.0,0.0,18.531796,284.0,0.0,0.0,-0.0
2020-11-03 13:00:00,368.50033,0.0,0.0,18.531796,304.0,0.0,0.0,-0.0
2020-11-03 14:00:00,324.22686,0.0,0.0,18.531796,364.0,0.0,0.0,18.573789
2020-11-03 15:00:00,284.0,0.0,0.0,-0.0,424.0,0.0,0.0,22.516066
2020-11-03 16:00:00,344.0,0.0,0.0,21.288154,436.0,2.534013,0.0,26.324557
2020-11-03 17:00:00,404.0,0.0,0.0,23.657594,436.0,0.0,0.0,110.443023
2020-11-03 18:00:00,436.0,0.0,0.0,23.437807,436.0,0.0,0.0,27.367038
2020-11-03 19:00:00,436.0,0.0,0.0,22.516066,436.0,0.0,0.0,26.051027
2020-11-03 20:00:00,436.0,0.0,0.0,21.647258,436.0,0.0,0.0,25.286961
2020-11-03 21:00:00,436.0,0.0,0.0,22.516066,436.0,0.0,0.0,25.506217
2020-11-03 22:00:00,436.0,0.0,0.0,22.492854,436.0,0.0,0.0,25.942492
2020-11-03 23:00:00,436.0,0.0,0.0,21.62631,436.0,0.0,0.0,22.492854
2020-11-04 00:00:00,436.0,0.0,0.0,21.118653,344.0,30.0,0.0,21.118653
2020-11-04 01:00:00,436.0,0.0,0.0,21.843654,404.0,0.0,0.0,21.288154
2020-11-04 02:00:00,436.0,0.0,0.0,21.647258,436.0,0.0,0.0,22.492854
2020-11-04 03:00:00,436.0,0.0,0.0,21.843654,436.0,0.0,0.0,21.647258
2020-11-04 04:00:00,436.0,0.0,0.0,21.843654,436.0,0.0,0.0,22.96816
2020-11-04 05:00:00,436.0,0.0,0.0,23.128644,424.0,0.0,0.0,102.035798
2020-11-04 06:00:00,436.0,0.0,0.0,126.324557,364.0,0.0,0.0,21.474047
2020-11-04 07:00:00,436.0,0.0,0.0,122.96816,304.0,0.0,0.0,-0.0
2020-11-04 08:00:00,376.0,0.0,0.0,16.970947,284.0,0.0,0.0,-0.0
2020-11-04 09:00:00,316.0,0.0,0.0,-0.0,284.0,0.0,0.0,-0.0
2020-11-04 10:00:00,284.0,0.0,0.0,-0.0,284.0,0.0,0.0,-0.0
2020-11-04 11:00:00,284.0,0.0,0.0,-0.0,284.0,0.0,0.0,-0.0
2020-11-04 12:00:00,284.0,0.0,0.0,-0.0,304.0,0.0,0.0,-0.0
2020-11-04 13:00:00,284.0,0.0,0.0,-0.0,364.0,0.0,0.0,18.072542
2020-11-04 14:00:00,311.51869,0.0,0.0,18.531796,424.0,0.0,0.0,20.791124
2020-11-04 15:00:00,284.0,0.0,0.0,-0.0,436.0,0.0,0.0,21.826198
2020-11-04 16:00:00,344.0,0.0,0.0,21.288154,436.0,0.0,0.0,30.086304
2020-11-04 17:00:00,404.0,0.0,0.0,26.429316,436.0,0.0,0.0,79.071336
2020-11-04 18:00:00,436.0,0.0,0.0,127.050889,436.0,0.0,0.0,66.320212
2020-11-04 19:00:00,436.0,0.0,0.0,126.790897,436.0,0.0,0.0,24.367365
2020-11-04 20:00:00,436.0,0.0,0.0,127.274616,436.0,0.0,0.0,21.843654
2020-11-04 21:00:00,436.0,0.0,0.0,26.429316,436.0,0.0,0.0,20.746809
2020-11-04 22:00:00,436.0,0.0,0.0,25.758899,436.0,0.0,0.0,20.954801
2020-11-04 23:00:00,436.0,60.0,0.0,1091.313411,436.0,0.0,0.0,22.532059
2020-11-05 00:00:00,436.0,90.0,0.0,283.035526,410.0,30.0,0.0,21.288154
2020-11-05 01:00:00,436.0,72.168938,0.0,141.716991,436.0,0.0,0.0,21.116411
2020-11-05 02:00:00,436.0,12.168938,0.0,127.274563,424.644966,0.0,0.0,19.983547
2020-11-05 03:00:00,436.0,0.0,0.0,126.324557,421.021817,0.0,0.0,19.983547
2020-11-05 04:00:00,436.0,0.0,0.0,126.324557,436.0,0.0,0.0,20.846138
2020-11-05 05:00:00,436.0,60.0,0.0,227.274563,424.0,0.0,0.0,37.925871
2020-11-05 06:00:00,436.0,90.0,0.0,1000.0,364.0,0.0,0.0,21.116411
2020-11-05 07:00:00,436.0,90.0,0.0,1000.0,304.0,0.0,0.0,-0.0
2020-11-05 08:00:00,436.0,30.0,0.0,123.444698,294.4,0.0,0.0,-0.0
2020-11-05 09:00:00,436.0,0.0,0.0,20.400003,291.4,0.0,0.0,-0.0
2020-11-05 10:00:00,376.0,0.0,0.0,18.072542,288.4,0.0,0.0,-0.0
2020-11-05 11:00:00,343.628992,0.0,0.0,18.531796,284.0,0.0,0.0,-0.0
2020-11-05 12:00:00,312.552329,0.0,0.0,18.531796,286.518774,0.0,0.0,-0.0
2020-11-05 13:00:00,349.334597,0.0,0.0,18.531796,346.518774,0.0,0.0,18.463561
2020-11-05 14:00:00,289.334597,0.0,0.0,-0.0,304.0,0.0,0.0,18.531796
2020-11-05 15:00:00,349.334597,0.0,0.0,19.430296,364.0,0.0,0.0,18.565453
2020-11-05 16:00:00,409.334597,0.0,0.0,23.128644,424.0,0.0,0.0,24.036761
2020-11-05 17:00:00,436.0,0.0,0.0,136.124055,436.0,0.0,0.0,80.851037
2020-11-05 18:00:00,436.0,60.0,0.0,1000.0,436.0,0.0,0.0,68.482334
2020-11-05 19:00:00,436.0,90.0,0.0,1000.0,436.0,0.0,0.0,24.570429
2020-11-05 20:00:00,436.0,80.0,0.0,233.946708,436.0,0.0,0.0,23.159746
2020-11-05 21:00:00,436.0,20.0,0.0,127.274616,424.0,0.0,0.0,21.287879
2020-11-05 22:00:00,436.0,80.0,0.0,233.752662,364.0,0.0,0.0,18.531796
2020-11-05 23:00:00,436.0,90.0,0.0,1091.313411,304.0,0.0,0.0,18.600032
2020-11-06 00:00:00,436.0,90.0,0.0,1000.0,290.0,30.0,0.0,-0.0
2020-11-06 01:00:00,436.0,90.0,0.0,1000.0,284.0,0.0,0.0,-0.0
2020-11-06 02:00:00,436.0,90.0,0.0,1000.0,284.0,0.0,0.0,-0.0
2020-11-06 03:00:00,436.0,90.0,0.0,277.274616,284.0,0.0,0.0,-0.0
2020-11-06 04:00:00,436.0,90.0,0.0,1000.0,286.4,0.0,0.0,-0.0
2020-11-06 05:00:00,436.0,90.0,0.0,1000.0,284.0,0.0,0.0,-0.0
2020-11-06 06:00:00,436.0,90.0,0.0,1000.0,284.4,0.0,0.0,-0.0
2020-11-06 07:00:00,376.0,30.0,0.0,16.970947,333.434508,0.0,0.0,-0.0
2020-11-06 08:00:00,316.0,0.0,0.0,-0.0,341.540777,0.0,0.0,-0.0
2020-11-06 09:00:00,284.0,0.0,0.0,-0.0,325.263938,0.0,0.0,-0.0
2020-11-06 10:00:00,284.0,0.0,0.0,-0.0,304.0,0.0,0.0,-0.0
2020-11-06 11:00:00,284.0,0.0,0.0,-0.0,305.988512,0.0,0.0,-0.0
2020-11-06 12:00:00,284.0,0.0,0.0,-0.0,295.397023,0.0,0.0,-0.0
2020-11-06 13:00:00,284.0,0.0,0.0,14.191367,302.088843,0.0,0.0,-0.0
2020-11-06 14:00:00,284.0,0.0,0.0,-0.0,294.212454,0.0,0.0,-0.0
2020-11-06 15:00:00,284.0,0.0,0.0,-0.0,354.212454,0.0,0.0,-0.0
2020-11-06 16:00:00,284.0,0.0,0.0,-0.0,414.212454,0.0,0.0,48.955934
2020-11-06 17:00:00,344.0,0.0,0.0,18.991637,436.0,0.0,0.0,126.324557
2020-11-06 18:00:00,404.0,0.0,0.0,20.168291,436.0,0.0,0.0,21.096593
2020-11-06 19:00:00,351.527958,0.0,0.0,18.531796,424.0,0.0,0.0,21.168781
2020-11-06 20:00:00,291.527958,0.0,0.0,12.446703,364.0,0.0,0.0,21.118653
2020-11-06 21:00:00,284.0,0.0,0.0,13.557277,304.0,0.0,0.0,7.340303
2020-11-06 22:00:00,284.0,0.0,0.0,16.212661,285.6,0.0,0.0,-0.0
2020-11-06 23:00:00,284.0,0.0,0.0,16.212661,345.6,0.0,0.0,14.76477
2020-11-07 00:00:00,284.0,0.0,0.0,-0.0,284.0,2.0,0.0,18.208373
2020-11-07 01:00:00,284.0,0.0,0.0,-0.0,284.0,0.0,0.0,17.265035
2020-11-07 02:00:00,284.0,0.0,0.0,-0.0,284.0,0.0,0.0,-0.0
2020-11-07 03:00:00,284.0,0.0,0.0,-0.0,284.0,0.0,0.0,-0.0
2020-11-07 04:00:00,284.0,0.0,0.0,-0.0,284.0,0.0,0.0,-0.0
2020-11-07 05:00:00,284.0,0.0,0.0,-0.0,284.0,0.0,0.0,-0.0
2020-11-07 06:00:00,284.0,0.0,0.0,-0.0,284.0,0.0,0.0,-0.0
2020-11-07 07:00:00,284.0,0.0,0.0,-0.0,284.0,0.0,0.0,-0.0
2020-11-07 08:00:00,284.0,0.0,0.0,-0.0,284.0,0.0,0.0,-0.0
2020-11-07 09:00:00,284.0,0.0,0.0,-0.0,284.0,0.0,0.0,-0.0
2020-11-07 10:00:00,284.0,0.0,0.0,-0.0,294.4,0.0,0.0,-0.0
2020-11-07 11:00:00,284.0,0.0,0.0,-0.0,295.4,0.0,0.0,-0.0
2020-11-07 12:00:00,284.0,0.0,0.0,-0.0,295.4,0.0,0.0,-0.0
2020-11-07 13:00:00,284.0,0.0,0.0,-0.0,294.4,0.0,0.0,-0.0
2020-11-07 14:00:00,284.0,0.0,0.0,-0.0,329.3526,0.0,0.0,5.724753
2020-11-07 15:00:00,284.0,0.0,0.0,-0.0,389.3526,0.0,0.0,22.516066
2020-11-07 16:00:00,284.0,0.0,0.0,-0.0,436.0,8.777556,0.0,40.647869
2020-11-07 17:00:00,284.0,0.0,0.0,-0.0,394.892372,0.0,0.0,141.716991
2020-11-07 18:00:00,284.0,0.0,0.0,-0.0,334.892372,0.0,0.0,19.153665
2020-11-07 19:00:00,284.0,0.0,0.0,12.446703,284.0,0.0,0.0,14.998523
2020-11-07 20:00:00,284.0,0.0,0.0,17.265035,284.0,0.0,0.0,0.0
2020-11-07 21:00:00,344.0,0.0,0.0,21.168781,284.0,0.0,0.0,-0.0
2020-11-07 22:00:00,340.681511,0.0,0.0,18.531796,284.0,0.0,0.0,5.585684
2020-11-07 23:00:00,390.335341,0.0,0.0,18.531796,334.284212,0.0,0.0,22.298839
2020-11-08 00:00:00,330.335341,0.0,0.0,-0.0,284.0,30.0,0.0,22.664463
2020-11-08 01:00:00,284.0,0.0,0.0,16.212661,289.0,0.0,0.0,18.208373
2020-11-08 02:00:00,284.0,0.0,0.0,-0.0,289.0,0.0,0.0,-0.0
2020-11-08 03:00:00,284.0,0.0,0.0,-0.0,289.0,0.0,0.0,-0.0
2020-11-08 04:00:00,284.0,0.0,0.0,-0.0,289.0,0.0,0.0,-0.0
2020-11-08 05:00:00,284.0,0.0,0.0,-0.0,289.0,0.0,0.0,-0.0
2020-11-08 06:00:00,284.0,0.0,0.0,-0.0,298.0,0.0,0.0,-0.0
2020-11-08 07:00:00,284.0,0.0,0.0,-0.0,297.0,0.0,0.0,-0.0
2020-11-08 08:00:00,284.0,0.0,0.0,-0.0,302.0,0.0,0.0,-0.0
2020-11-08 09:00:00,284.0,0.0,0.0,-0.0,316.380078,0.0,0.0,-0.0
2020-11-08 10:00:00,284.0,0.0,0.0,-0.0,324.230243,0.0,0.0,-0.0
2020-11-08 11:00:00,284.0,0.0,0.0,-0.0,300.0,0.0,0.0,-0.0
2020-11-08 12:00:00,284.0,0.0,0.0,-0.0,304.0,0.0,0.0,-0.0
2020-11-08 13:00:00,284.0,0.0,0.0,-0.0,304.0,0.0,0.0,-0.0
2020-11-08 14:00:00,284.0,0.0,0.0,-0.0,304.0,0.0,0.0,-0.0
2020-11-08 15:00:00,284.0,0.0,0.0,-0.0,364.0,13.447785,0.0,-0.0
2020-11-08 16:00:00,284.0,0.0,0.0,-0.0,424.0,0.0,0.0,80.918437
2020-11-08 17:00:00,344.0,0.0,0.0,20.404431,436.0,0.0,0.0,78.791532
2020-11-08 18:00:00,404.0,0.0,0.0,20.940002,436.0,0.0,0.0,27.780743
2020-11-08 19:00:00,344.0,0.0,0.0,-0.0,436.0,0.0,0.0,22.492854
2020-11-08 20:00:00,284.0,0.0,0.0,-0.0,424.0,0.0,0.0,30.051679
2020-11-08 21:00:00,284.0,0.0,0.0,-0.0,364.0,0.0,0.0,23.128644
2020-11-08 22:00:00,284.0,0.0,0.0,-0.0,304.0,0.0,0.0,-0.0
2020-11-08 23:00:00,284.0,0.0,0.0,-0.0,340.771483,0.0,0.0,13.414953
2020-11-09 00:00:00,284.0,0.0,0.0,-0.0,285.0,4.0,0.0,0.00108
2020-11-09 01:00:00,284.0,0.0,0.0,-0.0,289.0,0.0,0.0,-0.0
2020-11-09 02:00:00,284.0,0.0,0.0,-0.0,289.0,0.0,0.0,-0.0
2020-11-09 03:00:00,284.0,0.0,0.0,-0.0,289.0,0.0,0.0,-0.0
2020-11-09 04:00:00,284.0,0.0,0.0,-0.0,329.565216,0.0,0.0,-0.0
2020-11-09 05:00:00,344.0,0.0,0.0,19.983547,364.0,0.0,0.0,61.418583
2020-11-09 06:00:00,404.0,0.0,0.0,121.647258,304.0,0.0,0.0,-0.0
2020-11-09 07:00:00,418.876248,0.0,0.0,18.531796,308.243249,0.0,0.0,-0.0
2020-11-09 08:00:00,358.876248,0.0,0.0,-0.0,322.316216,0.0,0.0,-0.0
2020-11-09 09:00:00,298.876248,0.0,0.0,-0.0,304.0,0.0,0.0,-0.0
2020-11-09 10:00:00,284.0,0.0,0.0,-0.0,304.0,0.0,0.0,-0.0
2020-11-09 11:00:00,284.0,0.0,0.0,-0.0,300.7,0.0,0.0,-0.0
2020-11-09 12:00:00,284.0,0.0,0.0,-0.0,306.356319,0.0,0.0,-0.0
2020-11-09 13:00:00,284.0,0.0,0.0,-0.0,306.389777,0.0,0.0,-0.0
2020-11-09 14:00:00,284.0,0.0,0.0,-0.0,302.7,0.0,0.0,-0.0
2020-11-09 15:00:00,284.0,0.0,0.0,-0.0,321.884618,0.0,0.0,-0.0
2020-11-09 16:00:00,296.392847,0.0,0.0,18.531796,381.884618,0.0,0.0,37.063593
2020-11-09 17:00:00,284.0,0.0,0.0,116.474315,436.0,0.0,0.0,71.164859
2020-11-09 18:00:00,299.781853,0.0,0.0,118.531796,436.0,0.0,0.0,57.394493
2020-11-09 19:00:00,284.0,0.0,0.0,116.463099,435.962,0.0,0.0,23.088091
2020-11-09 20:00:00,344.0,0.0,0.0,21.513966,424.0,0.0,0.0,20.959556
2020-11-09 21:00:00,336.649458,0.0,0.0,18.531796,364.0,0.0,0.0,19.133765
2020-11-09 22:00:00,284.0,0.0,0.0,-0.0,304.0,0.0,0.0,13.805241
2020-11-09 23:00:00,343.603426,0.0,0.0,18.531796,322.807584,0.0,0.0,15.145397
2020-11-10 00:00:00,328.388245,0.0,0.0,18.531796,284.0,30.0,0.0,18.208373
2020-11-10 01:00:00,284.0,0.0,0.0,-0.0,284.0,0.0,0.0,-0.0
2020-11-10 02:00:00,284.0,0.0,0.0,-0.0,284.0,0.0,0.0,-0.0
2020-11-10 03:00:00,284.0,0.0,0.0,-0.0,284.0,0.0,0.0,-0.0
2020-11-10 04:00:00,284.0,0.0,0.0,-0.0,298.0,0.0,0.0,-0.0
2020-11-10 05:00:00,284.0,0.0,0.0,-0.0,358.0,0.0,0.0,19.133765
2020-11-10 06:00:00,284.0,0.0,0.0,118.188723,298.0,0.0,0.0,-0.0
2020-11-10 07:00:00,284.0,0.0,0.0,-0.0,291.7,0.0,0.0,-0.0
2020-11-10 08:00:00,284.0,0.0,0.0,-0.0,296.7,0.0,0.0,-0.0
2020-11-10 09:00:00,284.0,0.0,0.0,-0.0,322.750018,0.0,0.0,-0.0
2020-11-10 10:00:00,284.0,0.0,0.0,-0.0,341.617901,0.0,0.0,-0.0
2020-11-10 11:00:00,284.0,0.0,0.0,-0.0,313.073172,0.0,0.0,-0.0
2020-11-10 12:00:00,284.0,0.0,0.0,-0.0,307.640317,0.0,0.0,-0.0
2020-11-10 13:00:00,284.0,0.0,0.0,-0.0,304.0,0.0,0.0,-0.0
2020-11-10 14:00:00,284.0,0.0,0.0,-0.0,306.0,0.0,0.0,-0.0
2020-11-10 15:00:00,284.0,0.0,0.0,-0.0,366.0,20.0,0.0,6.853667
2020-11-10 16:00:00,284.0,0.0,0.0,18.208373,376.0,0.0,0.0,33.605915
2020-11-10 17:00:00,344.0,0.0,0.0,21.597556,436.0,0.0,0.0,103.299194
2020-11-10 18:00:00,404.0,0.0,0.0,23.069833,434.428,0.0,0.0,30.401373
2020-11-10 19:00:00,434.963,0.0,0.0,21.15031,435.289,0.0,0.0,22.254845
2020-11-10 20:00:00,436.0,0.0,0.0,19.518992,417.890305,0.0,0.0,22.009997
2020-11-10 21:00:00,376.0,0.0,0.0,11.997881,357.890305,0.0,0.0,18.991637
2020-11-10 22:00:00,316.0,0.0,0.0,-0.0,297.890305,0.0,0.0,0.516737
2020-11-10 23:00:00,376.0,0.0,0.0,19.983547,337.801854,0.0,0.0,19.133765
2020-11-11 00:00:00,436.0,0.0,0.0,19.983547,293.7,30.0,0.0,18.531796
2020-11-11 01:00:00,436.0,0.0,0.0,21.843654,304.0,0.0,0.0,-0.0
2020-11-11 02:00:00,436.0,0.0,0.0,123.437807,304.0,0.0,0.0,-0.0
2020-11-11 03:00:00,436.0,0.0,0.0,130.277405,304.0,0.0,0.0,-0.0
2020-11-11 04:00:00,388.85147,0.0,0.0,18.531796,304.0,0.0,0.0,7.884841
2020-11-11 05:00:00,436.0,0.0,0.0,122.516066,364.0,0.0,0.0,29.178752
2020-11-11 06:00:00,436.0,0.0,0.0,130.277405,364.0,0.0,0.0,52.79256
2020-11-11 07:00:00,376.0,0.0,0.0,14.191367,304.0,0.0,0.0,-0.0
2020-11-11 08:00:00,316.0,0.0,0.0,-0.0,304.0,0.0,0.0,-0.0
2020-11-11 09:00:00,284.0,0.0,0.0,-0.0,304.0,0.0,0.0,-0.0
2020-11-11 10:00:00,284.0,0.0,0.0,-0.0,304.0,0.0,0.0,-0.0
2020-11-11 11:00:00,284.0,0.0,0.0,-0.0,304.0,0.0,0.0,-0.0
2020-11-11 12:00:00,284.0,0.0,0.0,-0.0,364.0,0.0,0.0,21.337887
2020-11-11 13:00:00,284.0,0.0,0.0,-0.0,424.0,0.0,0.0,25.259277
2020-11-11 14:00:00,284.0,0.0,0.0,-0.0,436.0,0.0,0.0,22.346667
2020-11-11 15:00:00,344.0,0.0,0.0,19.430296,436.0,0.0,0.0,25.042213
2020-11-11 16:00:00,404.0,0.0,0.0,22.732362,436.0,0.0,0.0,26.644354
2020-11-11 17:00:00,436.0,0.0,0.0,26.429316,436.0,0.0,0.0,75.511559
2020-11-11 18:00:00,436.0,0.0,0.0,26.324557,436.0,0.0,0.0,26.790897
2020-11-11 19:00:00,436.0,0.0,0.0,22.96816,436.0,0.0,0.0,66.895382
2020-11-11 20:00:00,436.0,0.0,0.0,21.843654,436.0,0.0,0.0,26.790897
2020-11-11 21:00:00,395.278901,0.0,0.0,18.531796,436.0,0.0,0.0,25.9087
2020-11-11 22:00:00,436.0,0.0,0.0,19.430296,436.0,0.0,0.0,23.206766
2020-11-11 23:00:00,436.0,0.0,0.0,21.647258,436.0,0.0,0.0,26.486371
2020-11-12 00:00:00,436.0,0.0,0.0,21.647258,344.0,30.0,0.0,28.532084
2020-11-12 01:00:00,436.0,0.0,0.0,21.647258,404.0,0.0,0.0,26.661645
2020-11-12 02:00:00,436.0,0.0,0.0,21.287879,436.0,0.0,0.0,23.128644
2020-11-12 03:00:00,436.0,0.0,0.0,21.116714,436.0,0.0,0.0,21.647258
2020-11-12 04:00:00,436.0,0.0,0.0,19.983547,436.0,0.0,0.0,23.128644
2020-11-12 05:00:00,436.0,0.0,0.0,19.983547,424.0,0.0,0.0,34.814942
2020-11-12 06:00:00,436.0,0.0,0.0,19.983547,364.0,0.0,0.0,21.287879
2020-11-12 07:00:00,426.307657,0.0,0.0,18.531796,304.0,0.0,0.0,-0.0
2020-11-12 08:00:00,366.307657,0.0,0.0,-0.0,302.7,0.0,0.0,-0.0
2020-11-12 09:00:00,306.307657,0.0,0.0,-0.0,303.7,0.0,0.0,-0.0
2020-11-12 10:00:00,356.253861,0.0,0.0,18.531796,300.7,0.0,0.0,-0.0
2020-11-12 11:00:00,416.253861,0.0,0.0,19.983547,291.7,0.0,0.0,-0.0
2020-11-12 12:00:00,379.790613,0.0,0.0,18.531796,286.7,0.0,0.0,-0.0
2020-11-12 13:00:00,319.790613,0.0,0.0,-0.0,304.0,0.0,0.0,-0.0
2020-11-12 14:00:00,343.545522,0.0,0.0,18.531796,364.0,0.0,0.0,10.839336
2020-11-12 15:00:00,284.0,0.0,0.0,-0.0,424.0,0.0,0.0,22.492854
2020-11-12 16:00:00,344.0,0.0,0.0,22.732362,436.0,0.0,0.0,72.354205
2020-11-12 17:00:00,404.0,0.0,0.0,127.755129,436.0,0.0,0.0,75.374449
2020-11-12 18:00:00,434.171,0.0,0.0,132.727879,435.249,0.0,0.0,23.437807
2020-11-12 19:00:00,436.0,0.0,0.0,127.050889,436.0,0.0,0.0,23.206766
2020-11-12 20:00:00,436.0,0.0,0.0,25.9087,424.0,0.0,0.0,29.171332
2020-11-12 21:00:00,436.0,0.0,0.0,21.843654,364.0,0.0,0.0,22.492854
2020-11-12 22:00:00,436.0,0.0,0.0,19.983547,304.0,0.0,0.0,10.839336
2020-11-12 23:00:00,436.0,0.0,0.0,122.96816,364.0,0.0,0.0,22.263199
2020-11-13 00:00:00,436.0,0.0,0.0,19.983547,344.0,30.0,0.0,69.545156
2020-11-13 01:00:00,436.0,0.0,0.0,19.983547,404.0,0.0,0.0,19.983547
2020-11-13 02:00:00,376.0,0.0,0.0,14.191367,436.0,0.0,0.0,18.573789
2020-11-13 03:00:00,316.0,0.0,0.0,-0.0,404.308396,0.0,0.0,18.531796
2020-11-13 04:00:00,376.0,0.0,0.0,19.983547,353.41321,0.0,0.0,18.531796
2020-11-13 05:00:00,436.0,0.0,0.0,123.437807,403.969206,0.0,0.0,75.985152
2020-11-13 06:00:00,436.0,60.0,0.0,283.035526,343.969206,0.0,0.0,15.416335
2020-11-13 07:00:00,436.0,45.522748,0.0,141.716991,300.7,0.0,0.0,-0.0
2020-11-13 08:00:00,376.0,0.0,0.0,-0.0,303.7,0.0,0.0,-0.0
2020-11-13 09:00:00,316.0,0.0,0.0,-0.0,304.0,0.0,0.0,-0.0
2020-11-13 10:00:00,284.0,0.0,0.0,-0.0,304.0,0.0,0.0,-0.0
2020-11-13 11:00:00,284.0,0.0,0.0,-0.0,298.7,0.0,0.0,-0.0
2020-11-13 12:00:00,284.0,0.0,0.0,-0.0,298.7,0.0,0.0,-0.0
2020-11-13 13:00:00,284.0,0.0,0.0,-0.0,298.7,0.0,0.0,-0.0
2020-11-13 14:00:00,284.0,0.0,0.0,-0.0,285.7,0.0,0.0,-0.0
2020-11-13 15:00:00,284.0,0.0,0.0,-0.0,284.0,0.0,0.0,-0.0
2020-11-13 16:00:00,284.0,0.0,0.0,-0.0,320.825529,0.0,0.0,19.133765
2020-11-13 17:00:00,344.0,0.0,0.0,18.60404,316.0,0.0,0.0,18.531796
2020-11-13 18:00:00,376.594228,0.0,0.0,18.531796,376.0,0.0,0.0,19.153665
2020-11-13 19:00:00,316.594228,0.0,0.0,-0.0,436.0,0.0,0.0,68.298302
2020-11-13 20:00:00,284.0,0.0,0.0,-0.0,436.0,0.0,0.0,74.011976
2020-11-13 21:00:00,284.0,0.0,0.0,-0.0,424.0,0.0,0.0,23.551164
2020-11-13 22:00:00,284.0,0.0,0.0,-0.0,364.0,0.0,0.0,23.105791
2020-11-13 23:00:00,344.0,0.0,0.0,18.573789,304.0,0.0,0.0,0.605169
2020-11-14 00:00:00,404.0,0.0,0.0,121.647258,344.0,30.0,0.0,19.983547
2020-11-14 01:00:00,436.0,0.0,0.0,19.983547,380.866818,0.0,0.0,18.531796
2020-11-14 02:00:00,436.0,0.0,0.0,121.843654,390.214716,0.0,0.0,18.573789
2020-11-14 03:00:00,436.0,0.0,0.0,20.846138,330.214716,0.0,0.0,17.038053
2020-11-14 04:00:00,436.0,0.0,0.0,19.983547,390.214716,0.0,0.0,19.983547
2020-11-14 05:00:00,436.0,0.0,0.0,121.287879,364.0,0.0,0.0,44.421341
2020-11-14 06:00:00,436.0,0.0,0.0,126.404825,304.0,0.0,0.0,-0.0
2020-11-14 07:00:00,436.0,0.0,0.0,122.96816,303.7,0.0,0.0,-0.0
2020-11-14 08:00:00,376.0,0.0,0.0,-0.0,304.0,0.0,0.0,-0.0
2020-11-14 09:00:00,316.0,0.0,0.0,-0.0,304.0,0.0,0.0,-0.0
2020-11-14 10:00:00,284.0,0.0,0.0,-0.0,304.0,0.0,0.0,-0.0
2020-11-14 11:00:00,284.0,0.0,0.0,-0.0,304.634758,0.0,0.0,-0.0
2020-11-14 12:00:00,284.0,0.0,0.0,-0.0,304.0,0.0,0.0,-0.0
2020-11-14 13:00:00,284.0,0.0,0.0,-0.0,304.0,0.0,0.0,-0.0
2020-11-14 14:00:00,284.0,0.0,0.0,-0.0,297.7,0.0,0.0,-0.0
2020-11-14 15:00:00,284.0,0.0,0.0,-0.0,304.0,0.0,0.0,-0.0
2020-11-14 16:00:00,284.0,0.0,0.0,-0.0,364.0,0.0,0.0,20.726727
2020-11-14 17:00:00,344.0,0.0,0.0,21.118653,424.0,0.0,0.0,89.593004
2020-11-14 18:00:00,404.0,0.0,0.0,19.352769,436.0,0.0,0.0,64.371421
2020-11-14 19:00:00,344.0,0.0,0.0,18.208373,404.0,0.0,0.0,19.153665
2020-11-14 20:00:00,373.020725,0.0,0.0,18.531796,344.0,0.0,0.0,19.133765
2020-11-14 21:00:00,313.020725,0.0,0.0,12.446703,284.0,0.0,0.0,17.265035
2020-11-14 22:00:00,284.0,0.0,0.0,-0.0,284.0,0.0,0.0,2.91305
2020-11-14 23:00:00,284.0,0.0,0.0,18.208373,321.122733,0.0,0.0,1.985027
2020-11-15 00:00:00,284.0,0.0,0.0,17.265035,292.984186,2.0,0.0,18.531796
2020-11-15 01:00:00,284.0,0.0,0.0,-0.0,284.0,0.0,0.0,-0.0
2020-11-15 02:00:00,284.0,0.0,0.0,-0.0,284.0,0.0,0.0,-0.0
2020-11-15 03:00:00,284.0,0.0,0.0,-0.0,284.0,0.0,0.0,-0.0
2020-11-15 04:00:00,284.0,0.0,0.0,-0.0,284.0,0.0,0.0,-0.0
2020-11-15 05:00:00,284.0,0.0,0.0,-0.0,284.0,0.0,0.0,-0.0
2020-11-15 06:00:00,284.0,0.0,0.0,-0.0,292.7,0.0,0.0,-0.0
2020-11-15 07:00:00,284.0,0.0,0.0,-0.0,291.7,0.0,0.0,-0.0
2020-11-15 08:00:00,284.0,0.0,0.0,-0.0,296.7,0.0,0.0,-0.0
2020-11-15 09:00:00,284.0,0.0,0.0,-0.0,296.7,0.0,0.0,-0.0
2020-11-15 10:00:00,284.0,0.0,0.0,-0.0,296.7,0.0,0.0,-0.0
2020-11-15 11:00:00,284.0,0.0,0.0,-0.0,313.656277,0.0,0.0,-0.0
2020-11-15 12:00:00,284.0,0.0,0.0,-0.0,298.7,0.0,0.0,-0.0
2020-11-15 13:00:00,284.0,0.0,0.0,-0.0,291.761092,0.0,0.0,-0.0
2020-11-15 14:00:00,284.0,0.0,0.0,-0.0,287.7,0.0,0.0,-0.0
2020-11-15 15:00:00,284.0,0.0,0.0,-0.0,304.0,0.0,0.0,-0.0
2020-11-15 16:00:00,284.0,0.0,0.0,-0.0,364.0,0.0,0.0,25.311541
2020-11-15 17:00:00,284.0,0.0,0.0,16.212661,424.0,0.0,0.0,74.604004
2020-11-15 18:00:00,344.0,0.0,0.0,19.153665,436.0,0.0,0.0,77.382818
2020-11-15 19:00:00,392.554911,0.0,0.0,18.531796,436.0,0.0,0.0,21.413908
2020-11-15 20:00:00,332.554911,0.0,0.0,17.265035,436.0,0.0,0.0,21.403453
2020-11-15 21:00:00,284.0,0.0,0.0,-0.0,376.0,0.0,0.0,18.531796
2020-11-15 22:00:00,284.0,0.0,0.0,-0.0,368.28613,0.0,0.0,21.843654
2020-11-15 23:00:00,284.0,0.0,0.0,-0.0,308.28613,0.0,0.0,7.480842
2020-11-16 00:00:00,284.0,0.0,0.0,-0.0,298.7,2.0,0.0,-0.0
2020-11-16 01:00:00,284.0,0.0,0.0,-0.0,297.7,0.0,0.0,-0.0
2020-11-16 02:00:00,284.0,0.0,0.0,-0.0,284.0,0.0,0.0,-0.0
2020-11-16 03:00:00,284.0,0.0,0.0,-0.0,284.0,0.0,0.0,-0.0
2020-11-16 04:00:00,284.0,0.0,0.0,-0.0,304.0,0.0,0.0,-0.0
2020-11-16 05:00:00,284.0,0.0,0.0,-0.0,364.0,-0.0,0.0,40.097467
2020-11-16 06:00:00,284.0,0.0,0.0,18.072542,364.0,0.0,0.0,76.777694
2020-11-16 07:00:00,284.0,0.0,0.0,-0.0,304.0,0.0,0.0,-0.0
2020-11-16 08:00:00,284.0,0.0,0.0,-0.0,304.0,0.0,0.0,-0.0
2020-11-16 09:00:00,284.0,0.0,0.0,-0.0,300.7,0.0,0.0,-0.0
2020-11-16 10:00:00,284.0,0.0,0.0,-0.0,294.7,0.0,0.0,-0.0
2020-11-16 11:00:00,284.0,0.0,0.0,-0.0,298.7,0.0,0.0,-0.0
2020-11-16 12:00:00,284.0,0.0,0.0,-0.0,284.7,0.0,0.0,-0.0
2020-11-16 13:00:00,284.0,0.0,0.0,-0.0,284.0,0.0,0.0,-0.0
2020-11-16 14:00:00,284.0,0.0,0.0,-0.0,284.0,0.0,0.0,-0.0
2020-11-16 15:00:00,284.0,0.0,0.0,-0.0,287.0,0.0,0.0,-0.0
2020-11-16 16:00:00,284.0,0.0,0.0,-0.0,347.0,0.0,0.0,18.991051
2020-11-16 17:00:00,284.0,0.0,0.0,17.265035,407.0,0.0,0.0,72.231308
2020-11-16 18:00:00,285.984452,0.0,0.0,60.254754,433.096198,0.0,0.0,61.565926
2020-11-16 19:00:00,284.0,0.0,0.0,115.6467,435.989,0.0,0.0,27.630023
2020-11-16 20:00:00,284.0,0.0,0.0,115.180794,424.0,10.720148,0.0,26.623231
2020-11-16 21:00:00,344.0,0.0,0.0,18.60404,364.0,0.0,0.0,25.493756
2020-11-16 22:00:00,284.0,0.0,0.0,16.212661,304.0,0.0,0.0,-0.0
2020-11-16 23:00:00,284.0,0.0,0.0,-0.0,319.987808,0.0,0.0,-0.0
2020-11-17 00:00:00,284.0,0.0,0.0,-0.0,284.0,2.0,0.0,-0.0
2020-11-17 01:00:00,284.0,0.0,0.0,-0.0,284.0,0.0,0.0,-0.0
2020-11-17 02:00:00,284.0,0.0,0.0,-0.0,284.0,0.0,0.0,-0.0
2020-11-17 03:00:00,284.0,0.0,0.0,-0.0,284.0,0.0,0.0,-0.0
2020-11-17 04:00:00,284.0,0.0,0.0,-0.0,284.0,0.0,0.0,-0.0
2020-11-17 05:00:00,344.0,0.0,0.0,119.430296,284.0,0.0,0.0,16.371364
2020-11-17 06:00:00,404.0,0.0,0.0,126.755559,284.0,0.0,0.0,-0.0
2020-11-17 07:00:00,402.988575,0.0,0.0,18.531796,295.7,0.0,0.0,-0.0
2020-11-17 08:00:00,342.988575,0.0,0.0,-0.0,307.226014,0.0,0.0,-0.0
2020-11-17 09:00:00,284.0,0.0,0.0,-0.0,310.685757,0.0,0.0,-0.0
2020-11-17 10:00:00,284.0,0.0,0.0,-0.0,303.94591,0.0,0.0,-0.0
2020-11-17 11:00:00,284.0,0.0,0.0,-0.0,303.19289,0.0,0.0,-0.0
2020-11-17 12:00:00,284.0,0.0,0.0,-0.0,305.166267,0.0,0.0,-0.0
2020-11-17 13:00:00,284.0,0.0,0.0,-0.0,286.207,0.0,0.0,-0.0
2020-11-17 14:00:00,284.0,0.0,0.0,-0.0,284.0,0.0,0.0,-0.0
2020-11-17 15:00:00,284.0,0.0,0.0,-0.0,313.27045,0.0,0.0,12.234216
2020-11-17 16:00:00,284.0,0.0,0.0,15.731586,373.27045,0.0,0.0,26.324557
2020-11-17 17:00:00,344.0,0.0,0.0,26.324557,433.27045,0.0,0.0,76.639981
2020-11-17 18:00:00,404.0,0.0,0.0,26.755559,436.0,0.0,0.0,79.841339
2020-11-17 19:00:00,436.0,0.0,0.0,23.437807,436.0,0.0,0.0,33.468631
2020-11-17 20:00:00,436.0,0.0,0.0,23.206766,424.0,0.0,0.0,26.324557
2020-11-17 21:00:00,376.0,0.0,0.0,-0.0,364.0,0.0,0.0,21.116714
2020-11-17 22:00:00,436.0,0.0,0.0,19.983547,304.0,0.0,0.0,-0.0
2020-11-17 23:00:00,376.0,0.0,0.0,-0.0,339.719401,0.0,0.0,12.234216
2020-11-18 00:00:00,316.0,0.0,0.0,-0.0,304.0,24.351492,0.0,-0.0
2020-11-18 01:00:00,284.0,0.0,0.0,-0.0,304.0,0.0,0.0,-0.0
2020-11-18 02:00:00,284.0,0.0,0.0,-0.0,300.0,0.0,0.0,-0.0
2020-11-18 03:00:00,284.0,0.0,0.0,-0.0,287.0,0.0,0.0,-0.0
2020-11-18 04:00:00,284.0,0.0,0.0,-0.0,287.0,0.0,0.0,-0.0
2020-11-18 05:00:00,284.0,0.0,0.0,16.970947,291.0,0.0,0.0,18.531796
2020-11-18 06:00:00,284.0,0.0,0.0,116.474315,304.0,0.0,0.0,-0.0
2020-11-18 07:00:00,284.0,0.0,0.0,18.208373,304.0,0.0,0.0,-0.0
2020-11-18 08:00:00,284.0,0.0,0.0,-0.0,304.0,0.0,0.0,-0.0
2020-11-18 09:00:00,284.0,0.0,0.0,-0.0,300.0,0.0,0.0,-0.0
2020-11-18 10:00:00,284.0,0.0,0.0,-0.0,304.0,0.0,0.0,-0.0
2020-11-18 11:00:00,284.0,0.0,0.0,-0.0,290.0,0.0,0.0,-0.0
2020-11-18 12:00:00,284.0,0.0,0.0,-0.0,290.0,0.0,0.0,-0.0
2020-11-18 13:00:00,284.0,0.0,0.0,-0.0,290.0,0.0,0.0,-0.0
2020-11-18 14:00:00,284.0,0.0,0.0,-0.0,287.0,0.0,0.0,-0.0
2020-11-18 15:00:00,284.0,0.0,0.0,-0.0,304.0,0.0,0.0,-0.0
2020-11-18 16:00:00,284.0,0.0,0.0,-0.0,364.0,0.0,0.0,24.914365
2020-11-18 17:00:00,284.0,0.0,0.0,116.463099,424.0,0.0,0.0,66.280341
2020-11-18 18:00:00,344.0,14.865632,0.0,124.039545,432.342,0.0,0.0,21.118653
2020-11-18 19:00:00,284.0,0.0,0.0,118.188723,433.028,0.0,0.0,21.168781
2020-11-18 20:00:00,284.0,0.0,0.0,116.474315,434.105,0.0,0.0,21.168781
2020-11-18 21:00:00,344.0,0.0,0.0,21.168781,425.006997,0.0,0.0,72.868098
2020-11-18 22:00:00,404.0,0.0,0.0,21.62631,365.006997,0.0,0.0,18.208373
2020-11-18 23:00:00,426.0,60.0,0.0,168.49794,305.006997,0.0,0.0,3.088992
2020-11-19 00:00:00,436.0,0.0,0.0,19.133765,284.0,30.0,0.0,-0.0
2020-11-19 01:00:00,376.0,0.0,0.0,-0.0,287.0,0.0,0.0,-0.0
2020-11-19 02:00:00,316.0,0.0,0.0,-0.0,304.0,0.0,0.0,-0.0
2020-11-19 03:00:00,284.0,0.0,0.0,-0.0,364.0,0.0,0.0,21.662957
2020-11-19 04:00:00,284.0,0.0,0.0,-0.0,424.0,0.0,0.0,25.704449
2020-11-19 05:00:00,284.0,0.0,0.0,-0.0,424.0,0.0,0.0,45.553919
2020-11-19 06:00:00,284.0,0.0,0.0,-0.0,364.0,0.0,0.0,69.863482
2020-11-19 07:00:00,284.0,0.0,0.0,-0.0,304.0,0.0,0.0,-0.0
2020-11-19 08:00:00,284.0,0.0,0.0,-0.0,298.4,0.0,0.0,-0.0
2020-11-19 09:00:00,284.0,0.0,0.0,-0.0,298.4,0.0,0.0,-0.0
2020-11-19 10:00:00,284.0,0.0,0.0,-0.0,286.4,0.0,0.0,-0.0
2020-11-19 11:00:00,284.0,0.0,0.0,-0.0,304.0,0.0,0.0,-0.0
2020-11-19 12:00:00,284.0,0.0,0.0,-0.0,364.0,0.0,0.0,18.573789
2020-11-19 13:00:00,284.0,0.0,0.0,-0.0,424.0,0.0,0.0,20.846138
2020-11-19 14:00:00,284.0,0.0,0.0,-0.0,436.0,0.0,0.0,26.666673
2020-11-19 15:00:00,284.0,0.0,0.0,-0.0,436.0,0.0,0.0,22.576747
2020-11-19 16:00:00,344.0,0.0,0.0,21.116714,436.0,0.0,0.0,30.734796
2020-11-19 17:00:00,404.0,0.0,0.0,24.42238,436.0,0.0,0.0,79.227331
2020-11-19 18:00:00,436.0,0.0,0.0,25.9087,436.0,0.0,0.0,60.00434
2020-11-19 19:00:00,436.0,0.0,0.0,25.9087,436.0,0.0,0.0,23.838779
2020-11-19 20:00:00,436.0,0.0,0.0,23.128644,436.0,0.0,0.0,23.437807
2020-11-19 21:00:00,436.0,0.0,0.0,22.516066,436.0,0.0,0.0,26.755559
2020-11-19 22:00:00,436.0,0.0,0.0,22.516066,436.0,0.0,0.0,26.324557
2020-11-19 23:00:00,436.0,0.0,0.0,18.573789,436.0,0.0,0.0,23.437807
2020-11-20 00:00:00,383.08412,0.0,0.0,18.531796,344.0,30.0,0.0,22.516066
2020-11-20 01:00:00,436.0,0.0,0.0,18.573789,404.0,0.0,0.0,21.843654
2020-11-20 02:00:00,436.0,0.0,0.0,19.983547,436.0,0.0,0.0,21.647258
2020-11-20 03:00:00,436.0,0.0,0.0,21.287879,436.0,0.0,0.0,22.492854
2020-11-20 04:00:00,436.0,0.0,0.0,22.492854,436.0,0.0,0.0,23.128644
2020-11-20 05:00:00,436.0,0.0,0.0,23.206766,436.0,0.0,0.0,26.790897
2020-11-20 06:00:00,436.0,0.0,0.0,26.324557,424.0,0.0,0.0,43.743734
2020-11-20 07:00:00,436.0,0.0,0.0,23.437807,364.0,0.0,0.0,20.400003
2020-11-20 08:00:00,436.0,0.0,0.0,19.983547,304.0,0.0,0.0,-0.0
2020-11-20 09:00:00,376.0,0.0,0.0,-0.0,284.0,0.0,0.0,-0.0
2020-11-20 10:00:00,316.0,0.0,0.0,-0.0,284.0,0.0,0.0,-0.0
2020-11-20 11:00:00,284.0,0.0,0.0,-0.0,284.0,0.0,0.0,-0.0
2020-11-20 12:00:00,284.0,0.0,0.0,-0.0,284.0,0.0,0.0,-0.0
2020-11-20 13:00:00,284.0,0.0,0.0,-0.0,304.0,0.0,0.0,7.115937
2020-11-20 14:00:00,321.065676,0.0,0.0,18.531796,364.0,0.0,0.0,21.116411
2020-11-20 15:00:00,284.0,0.0,0.0,16.970947,424.0,0.0,0.0,22.96816
2020-11-20 16:00:00,344.0,0.0,0.0,22.576747,436.0,0.0,0.0,30.373648
2020-11-20 17:00:00,404.0,0.0,0.0,27.431805,436.0,0.0,0.0,79.361567
2020-11-20 18:00:00,436.0,0.0,0.0,28.034211,436.0,0.0,0.0,60.949667
2020-11-20 19:00:00,436.0,0.0,0.0,24.487545,436.0,0.0,0.0,26.429316
2020-11-20 20:00:00,436.0,0.0,0.0,24.219058,436.0,0.0,0.0,26.757402
2020-11-20 21:00:00,436.0,0.0,0.0,30.60663,436.0,0.0,0.0,26.324557
2020-11-20 22:00:00,436.0,0.0,0.0,24.468867,436.0,0.0,0.0,23.437807
2020-11-20 23:00:00,436.0,0.0,0.0,23.437807,436.0,0.0,0.0,23.657594
2020-11-21 00:00:00,436.0,0.0,0.0,23.128644,344.0,30.0,0.0,28.487458
2020-11-21 01:00:00,436.0,0.0,0.0,22.516066,404.0,0.0,0.0,24.588183
2020-11-21 02:00:00,436.0,0.0,0.0,21.647258,436.0,0.0,0.0,23.437807
2020-11-21 03:00:00,436.0,0.0,0.0,21.647258,436.0,0.0,0.0,23.657594
2020-11-21 04:00:00,436.0,0.0,0.0,21.843654,436.0,0.0,0.0,23.657594
2020-11-21 05:00:00,436.0,0.0,0.0,23.128644,436.0,0.0,0.0,33.174352
2020-11-21 06:00:00,436.0,0.0,0.0,22.96816,424.0,0.0,0.0,25.115837
2020-11-21 07:00:00,436.0,0.0,0.0,123.437807,364.0,0.0,0.0,17.336547
2020-11-21 08:00:00,376.0,0.0,0.0,18.072542,304.0,0.0,0.0,-0.0
2020-11-21 09:00:00,316.0,0.0,0.0,-0.0,284.0,0.0,0.0,-0.0
2020-11-21 10:00:00,284.0,0.0,0.0,-0.0,284.0,0.0,0.0,-0.0
2020-11-21 11:00:00,284.0,0.0,0.0,-0.0,284.0,0.0,0.0,-0.0
2020-11-21 12:00:00,284.0,0.0,0.0,-0.0,284.0,0.0,0.0,-0.0
2020-11-21 13:00:00,284.0,0.0,0.0,-0.0,316.0,0.0,0.0,-0.0
2020-11-21 14:00:00,284.0,0.0,0.0,15.731586,376.0,0.0,0.0,19.685338
2020-11-21 15:00:00,284.0,0.0,0.0,-0.0,436.0,0.0,0.0,21.843654
2020-11-21 16:00:00,344.0,0.0,0.0,23.128644,436.0,0.0,0.0,75.781435
2020-11-21 17:00:00,404.0,0.0,0.0,127.274616,436.0,0.0,0.0,71.597134
2020-11-21 18:00:00,436.0,44.012859,0.0,141.716991,436.0,0.0,0.0,23.993323
2020-11-21 19:00:00,436.0,90.0,0.0,286.124055,436.0,0.0,0.0,21.843654
2020-11-21 20:00:00,436.0,30.0,0.0,127.050889,436.0,0.0,0.0,24.526754
2020-11-21 21:00:00,436.0,0.0,0.0,123.657594,436.0,0.0,0.0,21.843654
2020-11-21 22:00:00,436.0,0.0,0.0,123.437807,436.0,0.0,0.0,21.288154
2020-11-21 23:00:00,436.0,60.0,0.0,227.050889,436.0,0.0,0.0,24.791519
2020-11-22 00:00:00,436.0,0.0,0.0,127.050889,380.786971,30.0,0.0,22.686658
2020-11-22 01:00:00,436.0,0.0,0.0,122.96816,397.628668,0.0,0.0,22.502467
2020-11-22 02:00:00,436.0,0.0,0.0,122.96816,393.8301,0.0,0.0,21.178077
2020-11-22 03:00:00,436.0,0.0,0.0,122.492854,333.8301,0.0,0.0,17.633297
2020-11-22 04:00:00,436.0,0.0,0.0,121.288154,335.651251,0.0,0.0,18.531796
2020-11-22 05:00:00,436.0,0.0,0.0,123.657594,364.0,0.0,0.0,20.846138
2020-11-22 06:00:00,436.0,0.190035,0.0,141.716991,304.0,0.0,0.0,-0.0
2020-11-22 07:00:00,376.0,0.0,0.0,-0.0,295.4,0.0,0.0,-0.0
2020-11-22 08:00:00,316.0,0.0,0.0,-0.0,298.4,0.0,0.0,-0.0
2020-11-22 09:00:00,284.0,0.0,0.0,-0.0,298.4,0.0,0.0,-0.0
2020-11-22 10:00:00,284.0,0.0,0.0,-0.0,298.4,0.0,0.0,-0.0
2020-11-22 11:00:00,284.0,0.0,0.0,-0.0,293.4,0.0,0.0,-0.0
2020-11-22 12:00:00,284.0,0.0,0.0,-0.0,293.4,0.0,0.0,-0.0
2020-11-22 13:00:00,284.0,0.0,0.0,-0.0,293.4,0.0,0.0,-0.0
2020-11-22 14:00:00,284.0,0.0,0.0,-0.0,292.4,0.0,0.0,-0.0
2020-11-22 15:00:00,284.0,0.0,0.0,-0.0,324.280715,0.0,0.0,-0.0
2020-11-22 16:00:00,284.0,0.0,0.0,-0.0,384.280715,0.0,0.0,24.401878
2020-11-22 17:00:00,284.0,0.0,0.0,17.477763,428.394354,0.0,0.0,65.732941
2020-11-22 18:00:00,344.0,0.0,0.0,18.991637,436.0,0.0,0.0,61.944054
2020-11-22 19:00:00,328.995352,0.0,0.0,18.531796,425.855876,0.0,0.0,18.531796
2020-11-22 20:00:00,284.0,0.0,0.0,17.265035,397.002348,0.0,0.0,18.531796
2020-11-22 21:00:00,284.0,0.0,0.0,18.208373,337.002348,0.0,0.0,7.359399
2020-11-22 22:00:00,284.0,0.0,0.0,-0.0,284.0,0.0,0.0,7.392028
2020-11-22 23:00:00,284.0,0.0,0.0,-0.0,284.0,0.0,0.0,7.377953
2020-11-23 00:00:00,284.0,0.0,0.0,-0.0,284.0,2.0,0.0,-0.0
2020-11-23 01:00:00,284.0,0.0,0.0,-0.0,284.0,0.0,0.0,-0.0
2020-11-23 02:00:00,284.0,0.0,0.0,-0.0,284.0,0.0,0.0,-0.0
2020-11-23 03:00:00,284.0,0.0,0.0,-0.0,284.0,0.0,0.0,-0.0
2020-11-23 04:00:00,284.0,0.0,0.0,18.463561,304.0,0.0,0.0,-0.0
2020-11-23 05:00:00,344.0,0.0,0.0,123.128644,364.0,0.0,0.0,44.932329
2020-11-23 06:00:00,404.0,0.0,0.0,126.892495,364.0,0.0,0.0,69.759556
2020-11-23 07:00:00,436.0,47.806431,0.0,141.716991,304.0,0.0,0.0,-0.0
2020-11-23 08:00:00,376.0,0.0,0.0,-0.0,298.4,0.0,0.0,-0.0
2020-11-23 09:00:00,316.0,0.0,0.0,-0.0,296.4,0.0,0.0,-0.0
2020-11-23 10:00:00,329.427237,0.0,0.0,18.531796,304.0,0.0,0.0,-0.0
2020-11-23 11:00:00,389.427237,0.0,0.0,19.685338,364.0,0.0,0.0,18.072542
2020-11-23 12:00:00,436.0,0.0,0.0,20.400003,424.0,0.0,0.0,21.116411
2020-11-23 13:00:00,436.0,0.0,0.0,19.685338,436.0,0.0,0.0,23.668003
2020-11-23 14:00:00,436.0,0.0,0.0,20.400003,436.0,0.0,0.0,25.772663
2020-11-23 15:00:00,376.0,0.0,0.0,14.191367,436.0,0.0,0.0,25.9087
2020-11-23 16:00:00,436.0,0.0,0.0,23.128644,436.0,0.0,0.0,27.982102
2020-11-23 17:00:00,436.0,0.0,0.0,26.755559,436.0,0.0,0.0,66.930546
2020-11-23 18:00:00,436.0,0.0,0.0,26.755559,436.0,0.0,0.0,77.313264
2020-11-23 19:00:00,436.0,0.0,0.0,26.429316,436.0,0.0,0.0,27.755129
2020-11-23 20:00:00,436.0,0.0,0.0,23.206766,436.0,0.0,0.0,27.274616
2020-11-23 21:00:00,436.0,0.0,0.0,22.732362,436.0,0.0,0.0,26.682806
2020-11-23 22:00:00,436.0,0.0,0.0,21.474047,436.0,0.0,0.0,26.324557
2020-11-23 23:00:00,436.0,0.0,0.0,23.87513,436.0,0.0,0.0,25.9087
2020-11-24 00:00:00,436.0,0.0,0.0,22.96816,344.0,30.0,0.0,27.649554
2020-11-24 01:00:00,436.0,0.0,0.0,126.324557,404.0,0.0,0.0,24.565858
2020-11-24 02:00:00,436.0,60.0,0.0,227.274616,364.0,0.0,0.0,22.705496
2020-11-24 03:00:00,436.0,90.0,0.0,275.552073,304.0,0.0,0.0,-0.0
2020-11-24 04:00:00,426.0,80.0,0.0,224.878058,284.0,0.0,0.0,-0.0
2020-11-24 05:00:00,426.0,80.0,0.0,168.49794,284.0,0.0,0.0,18.531796
2020-11-24 06:00:00,426.0,80.0,0.0,168.49794,284.0,0.0,0.0,-0.0
2020-11-24 07:00:00,426.0,41.145057,0.0,124.039545,284.0,0.0,0.0,-0.0
2020-11-24 08:00:00,436.0,0.0,0.0,19.685338,285.553443,0.0,0.0,-0.0
2020-11-24 09:00:00,418.528619,0.0,0.0,18.531796,298.4,0.0,0.0,-0.0
2020-11-24 10:00:00,358.528619,0.0,0.0,-0.0,298.4,0.0,0.0,-0.0
2020-11-24 11:00:00,298.528619,0.0,0.0,-0.0,305.734144,0.0,0.0,-0.0
2020-11-24 12:00:00,284.0,0.0,0.0,-0.0,334.713348,0.0,0.0,-0.0
2020-11-24 13:00:00,284.0,0.0,0.0,-0.0,318.38014,0.0,0.0,-0.0
2020-11-24 14:00:00,284.0,0.0,0.0,-0.0,291.4,0.0,0.0,-0.0
2020-11-24 15:00:00,284.0,0.0,0.0,-0.0,304.0,0.0,0.0,-0.0
2020-11-24 16:00:00,284.0,0.0,0.0,-0.0,364.0,0.0,0.0,24.537168
2020-11-24 17:00:00,284.0,0.0,0.0,-0.0,424.0,0.0,0.0,124.467457
2020-11-24 18:00:00,284.0,0.0,0.0,-0.0,436.0,0.0,0.0,36.59513
2020-11-24 19:00:00,284.0,0.0,0.0,-0.0,424.0,0.0,0.0,22.871307
2020-11-24 20:00:00,284.0,0.0,0.0,-0.0,364.0,0.0,0.0,21.413908
2020-11-24 21:00:00,284.0,0.0,0.0,-0.0,304.0,0.0,0.0,0.349443
2020-11-24 22:00:00,284.0,0.0,0.0,-0.0,304.0,0.0,0.0,18.531796
2020-11-24 23:00:00,284.0,0.0,0.0,-0.0,304.0,0.0,0.0,0.0
2020-11-25 00:00:00,284.0,0.0,0.0,-0.0,328.952369,9.0,0.0,-0.0
2020-11-25 01:00:00,284.0,0.0,0.0,-0.0,364.0,0.0,0.0,48.858081
2020-11-25 02:00:00,284.0,0.0,0.0,-0.0,304.0,0.0,0.0,-0.0
2020-11-25 03:00:00,284.0,0.0,0.0,-0.0,304.0,0.0,0.0,-0.0
2020-11-25 04:00:00,284.0,0.0,0.0,-0.0,304.0,0.0,0.0,-0.0
2020-11-25 05:00:00,284.0,0.0,0.0,-0.0,364.0,0.0,0.0,19.133765
2020-11-25 06:00:00,284.0,0.0,0.0,-0.0,304.0,0.0,0.0,-0.0
2020-11-25 07:00:00,284.0,0.0,0.0,-0.0,304.0,0.0,0.0,-0.0
2020-11-25 08:00:00,284.0,0.0,0.0,-0.0,304.0,0.0,0.0,-0.0
2020-11-25 09:00:00,284.0,0.0,0.0,-0.0,342.718161,0.0,0.0,-0.0
2020-11-25 10:00:00,284.0,0.0,0.0,-0.0,337.912265,0.0,0.0,-0.0
2020-11-25 11:00:00,284.0,0.0,0.0,-0.0,325.819444,0.0,0.0,-0.0
2020-11-25 12:00:00,284.0,0.0,0.0,-0.0,309.491235,0.0,0.0,-0.0
2020-11-25 13:00:00,284.0,0.0,0.0,-0.0,304.0,0.0,0.0,-0.0
2020-11-25 14:00:00,284.0,0.0,0.0,-0.0,304.0,0.0,0.0,-0.0
2020-11-25 15:00:00,284.0,0.0,0.0,-0.0,304.0,0.0,0.0,-0.0
2020-11-25 16:00:00,284.0,0.0,0.0,-0.0,364.0,-0.0,0.0,22.96816
2020-11-25 17:00:00,284.0,0.0,0.0,-0.0,424.0,0.0,0.0,85.6109
2020-11-25 18:00:00,344.0,0.0,0.0,20.400003,436.0,0.0,0.0,68.626827
2020-11-25 19:00:00,355.62104,0.0,0.0,18.531796,424.0,0.0,0.0,34.510867
2020-11-25 20:00:00,415.62104,0.0,0.0,19.133765,364.0,0.0,0.0,21.99146
2020-11-25 21:00:00,436.0,0.0,0.0,21.62631,304.0,0.0,0.0,0.411457
2020-11-25 22:00:00,376.0,0.0,0.0,-0.0,302.788342,0.0,0.0,0.0
2020-11-25 23:00:00,316.0,0.0,0.0,-0.0,285.0,0.0,0.0,-0.0
2020-11-26 00:00:00,284.0,0.0,0.0,-0.0,285.0,2.0,0.0,-0.0
2020-11-26 01:00:00,284.0,0.0,0.0,-0.0,287.0,0.0,0.0,-0.0
2020-11-26 02:00:00,284.0,0.0,0.0,-0.0,287.0,0.0,0.0,-0.0
2020-11-26 03:00:00,284.0,0.0,0.0,-0.0,287.0,0.0,0.0,-0.0
2020-11-26 04:00:00,284.0,0.0,0.0,-0.0,287.0,0.0,0.0,-0.0
2020-11-26 05:00:00,284.0,0.0,0.0,-0.0,342.270102,0.0,0.0,-0.0
2020-11-26 06:00:00,284.0,0.0,0.0,-0.0,296.0,0.0,0.0,-0.0
2020-11-26 07:00:00,284.0,0.0,0.0,-0.0,303.971703,0.0,0.0,-0.0
2020-11-26 08:00:00,284.0,0.0,0.0,-0.0,300.0,0.0,0.0,-0.0
2020-11-26 09:00:00,284.0,0.0,0.0,-0.0,304.228235,0.0,0.0,-0.0
2020-11-26 10:00:00,284.0,0.0,0.0,-0.0,312.148372,0.0,0.0,-0.0
2020-11-26 11:00:00,284.0,0.0,0.0,-0.0,312.040238,0.0,0.0,-0.0
2020-11-26 12:00:00,284.0,0.0,0.0,-0.0,299.71585,0.0,0.0,-0.0
2020-11-26 13:00:00,284.0,0.0,0.0,-0.0,285.525382,0.0,0.0,-0.0
2020-11-26 14:00:00,284.0,0.0,0.0,-0.0,284.0,0.0,0.0,-0.0
2020-11-26 15:00:00,284.0,0.0,0.0,-0.0,284.0,0.0,0.0,-0.0
2020-11-26 16:00:00,284.0,0.0,0.0,115.009152,340.481622,0.0,0.0,-0.0
2020-11-26 17:00:00,344.0,18.249381,0.0,124.21484,380.672234,0.0,0.0,73.518954
2020-11-26 18:00:00,388.325778,0.0,0.0,119.446534,320.672234,0.0,0.0,66.227081
2020-11-26 19:00:00,328.325778,0.0,0.0,-0.0,322.304687,0.0,0.0,19.818886
2020-11-26 20:00:00,284.0,0.0,0.0,17.265035,284.0,0.0,0.0,7.360924
2020-11-26 21:00:00,284.0,0.0,0.0,-0.0,284.0,0.0,0.0,7.373334
2020-11-26 22:00:00,284.0,0.0,0.0,-0.0,284.0,0.0,0.0,7.373331
2020-11-26 23:00:00,284.0,0.0,0.0,-0.0,284.0,0.0,0.0,-0.0
2020-11-27 00:00:00,284.0,0.0,0.0,-0.0,284.0,2.0,0.0,-0.0
2020-11-27 01:00:00,284.0,0.0,0.0,-0.0,295.7,0.0,0.0,-0.0
2020-11-27 02:00:00,284.0,0.0,0.0,-0.0,284.0,0.0,0.0,-0.0
2020-11-27 03:00:00,284.0,0.0,0.0,-0.0,284.0,0.0,0.0,-0.0
2020-11-27 04:00:00,284.0,0.0,0.0,-0.0,304.0,0.0,0.0,-0.0
2020-11-27 05:00:00,284.0,0.0,0.0,-0.0,307.475368,0.0,0.0,-0.0
2020-11-27 06:00:00,284.0,0.0,0.0,-0.0,290.7,0.0,0.0,-0.0
2020-11-27 07:00:00,284.0,0.0,0.0,-0.0,289.7,0.0,0.0,-0.0
2020-11-27 08:00:00,284.0,0.0,0.0,-0.0,299.40694,0.0,0.0,-0.0
2020-11-27 09:00:00,284.0,0.0,0.0,-0.0,314.017451,0.0,0.0,-0.0
2020-11-27 10:00:00,284.0,0.0,0.0,-0.0,317.629911,0.0,0.0,-0.0
2020-11-27 11:00:00,284.0,0.0,0.0,-0.0,322.742386,0.0,0.0,-0.0
2020-11-27 12:00:00,284.0,0.0,0.0,-0.0,284.0,0.0,0.0,-0.0
2020-11-27 13:00:00,284.0,0.0,0.0,-0.0,298.7,0.0,0.0,-0.0
2020-11-27 14:00:00,284.0,0.0,0.0,-0.0,284.0,0.0,0.0,-0.0
2020-11-27 15:00:00,284.0,0.0,0.0,-0.0,331.770447,0.0,0.0,-0.0
2020-11-27 16:00:00,284.0,0.0,0.0,-0.0,391.770447,0.0,0.0,21.99146
2020-11-27 17:00:00,284.0,0.0,0.0,-0.0,436.0,0.0,0.0,98.843842
2020-11-27 18:00:00,284.0,0.0,0.0,-0.0,436.0,0.0,0.0,76.204182
2020-11-27 19:00:00,284.0,0.0,0.0,-0.0,411.666882,0.0,0.0,21.413908
2020-11-27 20:00:00,284.0,0.0,0.0,-0.0,351.666882,0.0,0.0,13.772383
2020-11-27 21:00:00,284.0,0.0,0.0,-0.0,352.629356,0.0,0.0,7.406031
2020-11-27 22:00:00,284.0,0.0,0.0,-0.0,292.629356,0.0,0.0,7.392016
2020-11-27 23:00:00,336.425372,0.0,0.0,18.531796,344.0,0.0,0.0,2.428524
2020-11-28 00:00:00,284.0,0.0,0.0,18.208373,302.916076,30.0,0.0,19.210182
2020-11-28 01:00:00,284.0,0.0,0.0,-0.0,284.0,0.0,0.0,-0.0
2020-11-28 02:00:00,284.0,0.0,0.0,-0.0,284.0,0.0,0.0,-0.0
2020-11-28 03:00:00,284.0,0.0,0.0,-0.0,310.150686,0.0,0.0,-0.0
2020-11-28 04:00:00,284.0,0.0,0.0,18.208373,362.355169,0.0,0.0,20.221146
2020-11-28 05:00:00,344.0,0.0,0.0,19.153665,422.355169,0.0,0.0,20.777086
2020-11-28 06:00:00,338.691269,0.0,0.0,18.531796,364.0,0.0,0.0,68.533305
2020-11-28 07:00:00,284.0,0.0,0.0,-0.0,304.0,0.0,0.0,-0.0
2020-11-28 08:00:00,284.0,0.0,0.0,-0.0,304.0,0.0,0.0,-0.0
2020-11-28 09:00:00,284.0,0.0,0.0,-0.0,296.4,0.0,0.0,-0.0
2020-11-28 10:00:00,284.0,0.0,0.0,-0.0,300.4,0.0,0.0,-0.0
2020-11-28 11:00:00,284.0,0.0,0.0,-0.0,293.4,0.0,0.0,-0.0
2020-11-28 12:00:00,284.0,0.0,0.0,-0.0,295.4,0.0,0.0,-0.0
2020-11-28 13:00:00,284.0,0.0,0.0,-0.0,294.4,0.0,0.0,-0.0
2020-11-28 14:00:00,284.0,0.0,0.0,-0.0,304.0,0.0,0.0,-0.0
2020-11-28 15:00:00,284.0,0.0,0.0,-0.0,364.0,0.0,0.0,16.591704
2020-11-28 16:00:00,284.0,0.0,0.0,-0.0,424.0,0.0,0.0,27.09286
2020-11-28 17:00:00,284.0,0.0,0.0,18.31738,436.0,0.0,0.0,26.250773
2020-11-28 18:00:00,344.0,0.0,0.0,19.983547,436.0,0.0,0.0,26.692893
2020-11-28 19:00:00,356.9458,0.0,0.0,18.531796,436.0,0.0,0.0,72.928463
2020-11-28 20:00:00,416.9458,0.0,0.0,20.846138,436.0,0.0,0.0,69.609646
2020-11-28 21:00:00,436.0,0.0,0.0,21.647258,436.0,0.0,0.0,23.657594
2020-11-28 22:00:00,436.0,0.0,0.0,21.843654,436.0,0.0,0.0,23.437807
2020-11-28 23:00:00,436.0,0.0,0.0,22.96816,436.0,0.0,0.0,23.437807
2020-11-29 00:00:00,436.0,0.0,0.0,23.128644,344.0,30.0,0.0,28.73048
2020-11-29 01:00:00,436.0,0.0,0.0,22.576747,404.0,0.0,0.0,26.814519
2020-11-29 02:00:00,436.0,0.0,0.0,22.516066,436.0,0.0,0.0,26.790897
2020-11-29 03:00:00,436.0,0.0,0.0,19.983547,436.0,0.0,0.0,26.723785
2020-11-29 04:00:00,436.0,0.0,0.0,19.983547,436.0,0.0,0.0,24.702328
2020-11-29 05:00:00,436.0,0.0,0.0,21.287879,424.0,0.0,0.0,25.465835
2020-11-29 06:00:00,436.0,0.0,0.0,21.647258,364.0,0.0,0.0,26.933479
2020-11-29 07:00:00,436.0,0.0,0.0,121.647258,304.0,0.0,0.0,-0.0
2020-11-29 08:00:00,376.0,0.0,0.0,-0.0,304.0,0.0,0.0,-0.0
2020-11-29 09:00:00,316.0,0.0,0.0,-0.0,304.0,0.0,0.0,-0.0
2020-11-29 10:00:00,284.0,0.0,0.0,-0.0,304.0,0.0,0.0,-0.0
2020-11-29 11:00:00,284.0,0.0,0.0,-0.0,304.0,0.0,0.0,-0.0
2020-11-29 12:00:00,284.0,0.0,0.0,-0.0,304.0,0.0,0.0,-0.0
2020-11-29 13:00:00,284.0,0.0,0.0,-0.0,304.0,0.0,0.0,-0.0
2020-11-29 14:00:00,284.0,0.0,0.0,-0.0,299.0,0.0,0.0,-0.0
2020-11-29 15:00:00,284.0,0.0,0.0,-0.0,292.6,0.0,0.0,-0.0
2020-11-29 16:00:00,284.0,0.0,0.0,-0.0,352.6,0.0,0.0,19.518992
2020-11-29 17:00:00,326.379615,0.0,0.0,18.531796,412.6,0.0,0.0,29.545151
2020-11-29 18:00:00,386.379615,0.0,0.0,20.405445,401.401488,0.0,0.0,69.322719
2020-11-29 19:00:00,436.0,0.0,0.0,19.518992,409.58558,0.0,0.0,34.015978
2020-11-29 20:00:00,436.0,0.0,0.0,19.518992,436.0,0.0,0.0,23.483083
2020-11-29 21:00:00,376.0,0.0,0.0,17.265035,376.0,0.0,0.0,18.531796
2020-11-29 22:00:00,316.0,0.0,0.0,16.212661,436.0,0.0,0.0,19.133765
2020-11-29 23:00:00,284.0,0.0,0.0,12.446703,436.0,0.0,0.0,19.153665
2020-11-30 00:00:00,284.0,0.0,0.0,-0.0,344.0,2.0,0.0,19.133765
2020-11-30 01:00:00,284.0,0.0,0.0,-0.0,284.0,0.0,0.0,18.208373
2020-11-30 02:00:00,284.0,0.0,0.0,-0.0,284.0,0.0,0.0,-0.0
2020-11-30 03:00:00,284.0,0.0,0.0,-0.0,284.0,0.0,0.0,-0.0
2020-11-30 04:00:00,284.0,0.0,0.0,-0.0,284.0,0.0,0.0,-0.0
2020-11-30 05:00:00,284.0,0.0,0.0,-0.0,304.0,0.0,0.0,18.60404
2020-11-30 06:00:00,344.0,0.0,0.0,121.647258,362.0,0.0,0.0,48.571068
2020-11-30 07:00:00,284.0,0.0,0.0,17.265035,302.0,0.0,0.0,-0.0
2020-11-30 08:00:00,284.0,0.0,0.0,-0.0,304.0,0.0,0.0,-0.0
2020-11-30 09:00:00,284.0,0.0,0.0,-0.0,304.0,0.0,0.0,-0.0
2020-11-30 10:00:00,284.0,0.0,0.0,-0.0,304.0,0.0,0.0,-0.0
2020-11-30 11:00:00,284.0,0.0,0.0,-0.0,295.374,0.0,0.0,-0.0
2020-11-30 12:00:00,284.0,0.0,0.0,-0.0,288.185,0.0,0.0,-0.0
2020-11-30 13:00:00,284.0,0.0,0.0,-0.0,284.0,0.0,0.0,-0.0
2020-11-30 14:00:00,284.0,0.0,0.0,-0.0,284.0,0.0,0.0,-0.0
2020-11-30 15:00:00,284.0,0.0,0.0,-0.0,311.445005,0.0,0.0,18.072542
2020-11-30 16:00:00,284.0,0.0,0.0,-0.0,371.445005,0.0,0.0,21.647258
2020-11-30 17:00:00,284.0,0.0,0.0,-0.0,431.445005,0.0,0.0,79.222187
2020-11-30 18:00:00,284.0,0.0,0.0,-0.0,436.0,0.0,0.0,71.560432
2020-11-30 19:00:00,284.0,0.0,0.0,-0.0,436.0,0.0,0.0,26.429316
2020-11-30 20:00:00,284.0,0.0,0.0,-0.0,436.0,0.0,0.0,25.978761
2020-11-30 21:00:00,284.0,0.0,0.0,-0.0,436.0,0.0,0.0,21.99146
2020-11-30 22:00:00,284.0,0.0,0.0,-0.0,436.0,0.0,0.0,20.400003
2020-11-30 23:00:00,284.0,0.0,0.0,-0.0,436.0,0.0,0.0,21.116714
2020-12-01 00:00:00,284.0,0.0,0.0,-0.0,288.4,2.0,0.0,-0.0
2020-12-01 01:00:00,284.0,0.0,0.0,-0.0,304.0,0.0,0.0,-0.0
2020-12-01 02:00:00,284.0,0.0,0.0,-0.0,364.0,0.0,0.0,19.430296
2020-12-01 03:00:00,284.0,0.0,0.0,-0.0,424.0,0.0,0.0,21.116714
2020-12-01 04:00:00,284.0,0.0,0.0,-0.0,436.0,0.0,0.0,22.576747
2020-12-01 05:00:00,284.0,0.0,0.0,-0.0,424.0,0.0,0.0,26.324557
2020-12-01 06:00:00,284.0,0.0,0.0,-0.0,364.0,0.0,0.0,77.122359
2020-12-01 07:00:00,284.0,0.0,0.0,-0.0,304.0,0.0,0.0,-0.0
2020-12-01 08:00:00,284.0,0.0,0.0,-0.0,284.4,0.0,0.0,-0.0
2020-12-01 09:00:00,284.0,0.0,0.0,-0.0,291.4,0.0,0.0,-0.0
2020-12-01 10:00:00,284.0,0.0,0.0,-0.0,288.4,0.0,0.0,-0.0
2020-12-01 11:00:00,284.0,0.0,0.0,-0.0,284.4,0.0,0.0,-0.0
2020-12-01 12:00:00,284.0,0.0,0.0,-0.0,284.0,0.0,0.0,-0.0
2020-12-01 13:00:00,284.0,0.0,0.0,-0.0,284.0,0.0,0.0,-0.0
2020-12-01 14:00:00,284.0,0.0,0.0,-0.0,304.0,0.0,0.0,-0.0
2020-12-01 15:00:00,284.0,0.0,0.0,-0.0,364.0,0.0,0.0,21.647258
2020-12-01 16:00:00,344.0,0.0,0.0,22.732362,424.0,0.0,0.0,24.870869
2020-12-01 17:00:00,404.0,0.0,0.0,26.347153,436.0,0.0,0.0,28.752685
2020-12-01 18:00:00,436.0,0.0,0.0,127.274563,436.0,0.0,0.0,27.063279
2020-12-01 19:00:00,436.0,0.0,0.0,26.790897,436.0,0.0,0.0,76.681379
2020-12-01 20:00:00,436.0,0.0,0.0,127.755129,436.0,0.0,0.0,65.560193
2020-12-01 21:00:00,436.0,0.0,0.0,27.11835,436.0,0.0,0.0,26.324557
2020-12-01 22:00:00,436.0,0.0,0.0,25.9087,436.0,0.0,0.0,23.128644
2020-12-01 23:00:00,436.0,0.0,0.0,23.437807,436.0,0.0,0.0,23.206766
2020-12-02 00:00:00,436.0,0.0,0.0,23.206766,346.751816,30.0,0.0,21.843654
2020-12-02 01:00:00,436.0,0.0,0.0,22.732362,406.751816,0.0,0.0,21.287879
2020-12-02 02:00:00,436.0,0.0,0.0,22.576747,436.0,0.0,0.0,21.647258
2020-12-02 03:00:00,436.0,0.0,0.0,22.732362,436.0,0.0,0.0,21.843654
2020-12-02 04:00:00,436.0,0.0,0.0,23.128644,436.0,0.0,0.0,22.732362
2020-12-02 05:00:00,436.0,0.0,0.0,25.9087,436.0,0.0,0.0,26.324557
2020-12-02 06:00:00,436.0,0.0,0.0,27.050889,424.711643,0.0,0.0,74.868786
2020-12-02 07:00:00,436.0,0.0,0.0,26.324557,369.922752,0.0,0.0,21.116714
2020-12-02 08:00:00,436.0,0.0,0.0,21.116714,344.0,0.0,0.0,16.970947
2020-12-02 09:00:00,376.0,0.0,0.0,-0.0,284.0,0.0,0.0,-0.0
2020-12-02 10:00:00,316.0,0.0,0.0,-0.0,284.0,0.0,0.0,-0.0
2020-12-02 11:00:00,284.0,0.0,0.0,-0.0,284.0,0.0,0.0,-0.0
2020-12-02 12:00:00,284.0,0.0,0.0,-0.0,284.0,0.0,0.0,-0.0
2020-12-02 13:00:00,284.0,0.0,0.0,-0.0,289.0,0.0,0.0,-0.0
2020-12-02 14:00:00,284.0,0.0,0.0,-0.0,349.0,0.0,0.0,19.983547
2020-12-02 15:00:00,284.0,0.0,0.0,-0.0,409.0,0.0,0.0,22.983294
2020-12-02 16:00:00,344.0,0.0,0.0,22.732362,436.0,0.0,0.0,27.050889
2020-12-02 17:00:00,404.0,0.0,0.0,26.429316,436.0,0.0,0.0,71.794767
2020-12-02 18:00:00,436.0,0.0,0.0,27.128505,436.0,0.0,0.0,27.755129
2020-12-02 19:00:00,436.0,0.0,0.0,26.755559,436.0,0.0,0.0,75.041571
2020-12-02 20:00:00,436.0,0.0,0.0,26.790897,436.0,0.0,0.0,27.046469
2020-12-02 21:00:00,436.0,0.0,0.0,26.755559,436.0,0.0,0.0,26.587309
2020-12-02 22:00:00,436.0,0.0,0.0,26.429316,436.0,0.0,0.0,25.9087
2020-12-02 23:00:00,436.0,0.0,0.0,127.755129,436.0,0.0,0.0,23.208889
2020-12-03 00:00:00,436.0,0.0,0.0,23.657594,410.0,30.0,0.0,27.691557
2020-12-03 01:00:00,436.0,0.0,0.0,25.9087,436.0,0.0,0.0,24.478661
2020-12-03 02:00:00,436.0,0.0,0.0,22.96816,436.0,0.0,0.0,24.866216
2020-12-03 03:00:00,436.0,0.0,0.0,21.168781,436.0,0.0,0.0,20.726727
2020-12-03 04:00:00,436.0,0.0,0.0,21.801606,436.0,0.0,0.0,20.726727
2020-12-03 05:00:00,436.0,0.0,0.0,21.513966,404.0,0.0,0.0,20.726727
2020-12-03 06:00:00,436.0,0.0,0.0,20.726727,344.0,0.0,0.0,32.124661
2020-12-03 07:00:00,431.820802,0.0,0.0,18.531796,284.0,0.0,0.0,-0.0
2020-12-03 08:00:00,371.820802,0.0,0.0,-0.0,284.0,0.0,0.0,-0.0
2020-12-03 09:00:00,311.820802,0.0,0.0,-0.0,284.0,0.0,0.0,-0.0
2020-12-03 10:00:00,284.0,0.0,0.0,-0.0,284.0,0.0,0.0,-0.0
2020-12-03 11:00:00,284.0,0.0,0.0,-0.0,284.0,0.0,0.0,-0.0
2020-12-03 12:00:00,284.0,0.0,0.0,-0.0,284.0,0.0,0.0,-0.0
2020-12-03 13:00:00,284.0,0.0,0.0,-0.0,284.0,0.0,0.0,-0.0
2020-12-03 14:00:00,284.0,0.0,0.0,-0.0,304.0,-0.0,0.0,-0.0
2020-12-03 15:00:00,284.0,0.0,0.0,-0.0,364.0,0.0,0.0,21.287879
2020-12-03 16:00:00,284.0,0.0,0.0,-0.0,424.0,0.0,0.0,25.120609
2020-12-03 17:00:00,344.0,0.0,0.0,21.843654,436.0,0.0,0.0,76.504181
2020-12-03 18:00:00,404.0,0.0,0.0,126.755559,436.0,0.0,0.0,68.295812
2020-12-03 19:00:00,436.0,0.0,0.0,23.437807,436.0,0.0,0.0,25.51832
2020-12-03 20:00:00,436.0,0.0,0.0,126.790897,436.0,0.0,0.0,26.893181
2020-12-03 21:00:00,436.0,60.0,0.0,183.017921,436.0,0.0,0.0,22.96816
2020-12-03 22:00:00,436.0,0.0,0.0,22.732362,436.0,0.0,0.0,20.400003
2020-12-03 23:00:00,436.0,0.0,0.0,125.9087,436.0,0.0,0.0,21.116714
2020-12-04 00:00:00,436.0,0.0,0.0,123.437807,344.0,30.0,0.0,20.400003
2020-12-04 01:00:00,436.0,0.0,0.0,127.050889,302.0,0.0,0.0,18.253251
2020-12-04 02:00:00,436.0,60.0,0.0,1000.0,362.0,0.0,0.0,19.133765
2020-12-04 03:00:00,436.0,90.0,0.0,1000.0,302.0,0.0,0.0,18.208373
2020-12-04 04:00:00,436.0,30.0,0.0,125.9087,297.939957,0.0,0.0,18.208373
2020-12-04 05:00:00,436.0,69.385671,0.0,141.716991,357.939957,0.0,0.0,19.153665
2020-12-04 06:00:00,436.0,90.0,0.0,1000.0,364.0,0.0,0.0,53.812204
2020-12-04 07:00:00,436.0,90.0,0.0,1000.0,304.0,0.0,0.0,-0.0
2020-12-04 08:00:00,436.0,30.0,0.0,121.647258,298.4,0.0,0.0,-0.0
2020-12-04 09:00:00,376.0,0.0,0.0,-0.0,298.4,0.0,0.0,-0.0
2020-12-04 10:00:00,316.0,0.0,0.0,-0.0,297.4,0.0,0.0,-0.0
2020-12-04 11:00:00,284.0,0.0,0.0,-0.0,291.4,0.0,0.0,-0.0
2020-12-04 12:00:00,284.0,0.0,0.0,-0.0,291.4,0.0,0.0,-0.0
2020-12-04 13:00:00,284.0,0.0,0.0,-0.0,291.4,0.0,0.0,-0.0
2020-12-04 14:00:00,284.0,0.0,0.0,-0.0,304.0,0.0,0.0,-0.0
2020-12-04 15:00:00,344.0,0.0,0.0,19.983547,364.0,0.0,0.0,21.647258
2020-12-04 16:00:00,404.0,0.0,0.0,23.128644,424.0,0.0,0.0,28.573164
2020-12-04 17:00:00,436.0,0.0,0.0,26.755559,436.0,0.0,0.0,27.619819
2020-12-04 18:00:00,436.0,0.0,0.0,127.755129,436.0,0.0,0.0,27.638235
2020-12-04 19:00:00,436.0,0.0,0.0,26.755559,436.0,0.0,0.0,31.738569
2020-12-04 20:00:00,436.0,0.0,0.0,27.11835,436.0,0.0,0.0,75.511559
2020-12-04 21:00:00,436.0,0.0,0.0,26.790897,436.0,0.0,0.0,26.755559
2020-12-04 22:00:00,436.0,0.0,0.0,26.324557,436.0,0.0,0.0,26.324557
2020-12-04 23:00:00,436.0,0.0,0.0,23.437807,436.0,0.0,0.0,23.128644
2020-12-05 00:00:00,436.0,0.0,0.0,23.657594,344.0,30.0,0.0,26.790897
2020-12-05 01:00:00,436.0,0.0,0.0,23.437807,404.0,0.0,0.0,23.437807
2020-12-05 02:00:00,436.0,0.0,0.0,23.128644,436.0,0.0,0.0,23.206766
2020-12-05 03:00:00,436.0,0.0,0.0,23.206766,436.0,0.0,0.0,23.657594
2020-12-05 04:00:00,436.0,0.0,0.0,23.206766,436.0,0.0,0.0,26.324557
2020-12-05 05:00:00,436.0,0.0,0.0,23.657594,436.0,0.0,0.0,26.324557
2020-12-05 06:00:00,436.0,0.0,0.0,25.9087,436.0,0.0,0.0,38.727962
2020-12-05 07:00:00,436.0,0.0,0.0,26.790897,376.0,0.0,0.0,20.846138
2020-12-05 08:00:00,436.0,0.0,0.0,19.983547,316.0,0.0,0.0,16.219826
2020-12-05 09:00:00,376.0,0.0,0.0,-0.0,284.0,0.0,0.0,-0.0
2020-12-05 10:00:00,316.0,0.0,0.0,-0.0,284.0,0.0,0.0,-0.0
2020-12-05 11:00:00,284.0,0.0,0.0,-0.0,284.0,0.0,0.0,-0.0
2020-12-05 12:00:00,284.0,0.0,0.0,-0.0,284.0,0.0,0.0,-0.0
2020-12-05 13:00:00,284.0,0.0,0.0,-0.0,284.0,0.0,0.0,-0.0
2020-12-05 14:00:00,284.0,0.0,0.0,-0.0,323.243328,0.0,0.0,16.970947
2020-12-05 15:00:00,284.0,0.0,0.0,-0.0,383.243328,0.0,0.0,22.96816
2020-12-05 16:00:00,344.0,0.0,0.0,22.96816,436.0,9.088044,0.0,29.424046
2020-12-05 17:00:00,404.0,0.0,0.0,26.324557,436.0,0.0,0.0,73.528205
2020-12-05 18:00:00,436.0,0.0,0.0,27.050889,436.0,0.0,0.0,65.273945
2020-12-05 19:00:00,436.0,0.0,0.0,26.790897,436.0,0.0,0.0,27.274563
2020-12-05 20:00:00,436.0,0.0,0.0,26.755559,436.0,0.0,0.0,27.050889
2020-12-05 21:00:00,436.0,0.0,0.0,26.755559,436.0,0.0,0.0,27.050889
2020-12-05 22:00:00,436.0,0.0,0.0,26.324557,436.0,0.0,0.0,26.584104
2020-12-05 23:00:00,436.0,0.0,0.0,23.206766,436.0,0.0,0.0,25.9087
2020-12-06 00:00:00,436.0,0.0,0.0,23.437807,344.0,30.0,0.0,27.16208
2020-12-06 01:00:00,436.0,0.0,0.0,26.324557,404.0,0.0,0.0,23.657594
2020-12-06 02:00:00,436.0,0.0,0.0,25.9087,436.0,0.0,0.0,23.437807
2020-12-06 03:00:00,436.0,0.0,0.0,25.9087,436.0,0.0,0.0,23.206766
2020-12-06 04:00:00,436.0,0.0,0.0,23.657594,436.0,0.0,0.0,23.657594
2020-12-06 05:00:00,436.0,0.0,0.0,26.324557,436.0,0.0,0.0,23.437807
2020-12-06 06:00:00,436.0,0.0,0.0,26.324557,424.0,0.0,0.0,44.813133
2020-12-06 07:00:00,436.0,60.0,0.0,1000.0,364.0,0.0,0.0,6.367644
2020-12-06 08:00:00,436.0,0.0,0.0,21.647258,304.0,0.0,0.0,-0.0
2020-12-06 09:00:00,376.0,0.0,0.0,-0.0,290.4,0.0,0.0,-0.0
2020-12-06 10:00:00,316.0,0.0,0.0,-0.0,289.4,0.0,0.0,-0.0
2020-12-06 11:00:00,284.0,0.0,0.0,-0.0,284.0,0.0,0.0,-0.0
2020-12-06 12:00:00,284.0,0.0,0.0,-0.0,284.0,0.0,0.0,-0.0
2020-12-06 13:00:00,284.0,0.0,0.0,-0.0,284.0,0.0,0.0,-0.0
2020-12-06 14:00:00,284.0,0.0,0.0,-0.0,304.0,0.0,0.0,18.072542
2020-12-06 15:00:00,284.0,0.0,0.0,-0.0,364.0,0.0,0.0,21.647258
2020-12-06 16:00:00,344.0,0.0,0.0,21.287879,424.0,0.0,0.0,29.04833
2020-12-06 17:00:00,404.0,0.0,0.0,23.206766,436.0,0.0,0.0,62.076282
2020-12-06 18:00:00,436.0,0.0,0.0,26.429316,436.0,0.0,0.0,26.755559
2020-12-06 19:00:00,436.0,0.0,0.0,26.429316,436.0,0.0,0.0,24.484876
2020-12-06 20:00:00,436.0,0.0,0.0,26.429316,436.0,0.0,0.0,79.361567
2020-12-06 21:00:00,436.0,0.0,0.0,26.324557,436.0,0.0,0.0,27.274563
2020-12-06 22:00:00,436.0,0.0,0.0,23.128644,436.0,0.0,0.0,23.128644
2020-12-06 23:00:00,436.0,0.0,0.0,26.429316,436.0,0.0,0.0,23.762386
2020-12-07 00:00:00,436.0,0.0,0.0,21.647258,410.0,30.0,0.0,22.576747
2020-12-07 01:00:00,436.0,0.0,0.0,22.492854,436.0,0.0,0.0,22.576747
2020-12-07 02:00:00,436.0,0.0,0.0,23.128644,436.0,0.0,0.0,22.96816
2020-12-07 03:00:00,436.0,0.0,0.0,22.96816,436.0,0.0,0.0,21.210389
2020-12-07 04:00:00,436.0,0.0,0.0,23.128644,436.0,0.0,0.0,21.647258
2020-12-07 05:00:00,436.0,0.0,0.0,26.324557,436.0,1.359855,0.0,23.128644
2020-12-07 06:00:00,436.0,0.0,0.0,27.050889,424.0,0.0,0.0,52.115322
2020-12-07 07:00:00,436.0,60.0,0.0,1000.0,364.0,0.0,0.0,10.767289
2020-12-07 08:00:00,436.0,0.0,0.0,127.050889,304.0,0.0,0.0,-0.0
2020-12-07 09:00:00,436.0,0.0,0.0,21.116411,284.0,0.0,0.0,-0.0
2020-12-07 10:00:00,376.0,0.0,0.0,18.072542,284.0,0.0,0.0,-0.0
2020-12-07 11:00:00,316.0,0.0,0.0,-0.0,284.0,0.0,0.0,-0.0
2020-12-07 12:00:00,284.0,0.0,0.0,-0.0,284.0,0.0,0.0,-0.0
2020-12-07 13:00:00,284.0,0.0,0.0,-0.0,284.0,0.0,0.0,-0.0
2020-12-07 14:00:00,284.0,0.0,0.0,-0.0,304.0,0.0,0.0,-0.0
2020-12-07 15:00:00,284.0,0.0,0.0,-0.0,323.939714,0.0,0.0,19.153665
2020-12-07 16:00:00,344.0,0.0,0.0,21.287879,383.939714,0.0,0.0,21.343903
2020-12-07 17:00:00,404.0,0.0,0.0,26.002081,436.0,0.0,0.0,74.136135
2020-12-07 18:00:00,344.0,0.0,0.0,122.584551,436.0,0.0,0.0,23.437807
2020-12-07 19:00:00,404.0,0.0,0.0,23.452304,436.0,0.0,0.0,23.437807
2020-12-07 20:00:00,436.0,0.0,0.0,21.168781,436.0,0.0,0.0,74.692041
2020-12-07 21:00:00,389.743371,0.0,0.0,18.531796,436.0,0.0,0.0,22.732362
2020-12-07 22:00:00,436.0,0.0,0.0,19.153665,436.0,0.0,0.0,19.983547
2020-12-07 23:00:00,436.0,0.0,0.0,21.116411,404.0,0.0,0.0,19.983547
2020-12-08 00:00:00,376.0,0.0,0.0,-0.0,344.0,30.0,0.0,19.983547
2020-12-08 01:00:00,316.0,0.0,0.0,-0.0,404.0,0.0,0.0,19.983547
2020-12-08 02:00:00,284.0,0.0,0.0,-0.0,436.0,0.0,0.0,19.983547
2020-12-08 03:00:00,284.0,0.0,0.0,-0.0,436.0,0.0,0.0,19.983547
2020-12-08 04:00:00,284.0,0.0,0.0,18.072542,436.0,0.0,0.0,21.843654
2020-12-08 05:00:00,284.0,0.0,0.0,-0.0,436.0,0.0,0.0,29.146864
2020-12-08 06:00:00,344.0,0.0,0.0,20.846138,436.0,0.0,0.0,109.218307
2020-12-08 07:00:00,404.0,0.0,0.0,21.647258,394.794956,0.0,0.0,22.492854
2020-12-08 08:00:00,344.0,0.0,0.0,-0.0,334.794956,0.0,0.0,8.81415
2020-12-08 09:00:00,284.0,0.0,0.0,-0.0,284.0,0.0,0.0,-0.0
2020-12-08 10:00:00,284.0,0.0,0.0,-0.0,284.0,0.0,0.0,-0.0
2020-12-08 11:00:00,284.0,0.0,0.0,-0.0,284.0,0.0,0.0,-0.0
2020-12-08 12:00:00,284.0,0.0,0.0,-0.0,284.0,0.0,0.0,-0.0
2020-12-08 13:00:00,284.0,0.0,0.0,-0.0,311.071846,0.0,0.0,-0.0
2020-12-08 14:00:00,284.0,0.0,0.0,-0.0,371.071846,0.0,0.0,20.400003
2020-12-08 15:00:00,297.799041,0.0,0.0,18.531796,431.071846,0.0,0.0,23.128644
2020-12-08 16:00:00,357.799041,0.0,0.0,22.516066,436.0,0.0,0.0,29.866666
2020-12-08 17:00:00,417.799041,0.0,0.0,26.429316,436.0,0.0,0.0,75.041571
2020-12-08 18:00:00,436.0,0.0,0.0,27.050889,436.0,0.0,0.0,64.414197
2020-12-08 19:00:00,436.0,0.0,0.0,26.755559,436.0,0.0,0.0,27.755129
2020-12-08 20:00:00,436.0,0.0,0.0,26.429316,436.0,0.0,0.0,28.210378
2020-12-08 21:00:00,436.0,0.0,0.0,27.050889,436.0,0.0,0.0,27.050889
2020-12-08 22:00:00,436.0,0.0,0.0,25.9087,436.0,0.0,0.0,25.9087
2020-12-08 23:00:00,436.0,0.0,0.0,22.96816,436.0,0.0,0.0,23.128644
2020-12-09 00:00:00,436.0,0.0,0.0,22.516066,344.0,30.0,0.0,22.732362
2020-12-09 01:00:00,436.0,0.0,0.0,21.647258,404.0,0.0,0.0,22.576747
2020-12-09 02:00:00,436.0,0.0,0.0,21.647258,436.0,0.0,0.0,22.492854
2020-12-09 03:00:00,436.0,0.0,0.0,21.647258,436.0,0.0,0.0,22.576747
2020-12-09 04:00:00,436.0,0.0,0.0,22.516066,436.0,0.0,0.0,23.128644
2020-12-09 05:00:00,436.0,0.0,0.0,23.128644,436.0,0.0,0.0,25.9087
2020-12-09 06:00:00,436.0,0.0,0.0,26.324557,436.0,0.0,0.0,45.094495
2020-12-09 07:00:00,436.0,0.0,0.0,26.324557,424.0,0.0,0.0,22.492854
2020-12-09 08:00:00,436.0,0.0,0.0,21.843654,364.0,0.0,0.0,18.072542
2020-12-09 09:00:00,376.0,0.0,0.0,18.072542,304.0,0.0,0.0,-0.0
2020-12-09 10:00:00,316.0,0.0,0.0,-0.0,284.0,0.0,0.0,-0.0
2020-12-09 11:00:00,284.0,0.0,0.0,-0.0,284.0,0.0,0.0,-0.0
2020-12-09 12:00:00,284.0,0.0,0.0,-0.0,284.0,0.0,0.0,-0.0
2020-12-09 13:00:00,284.0,0.0,0.0,-0.0,289.4,0.0,0.0,-0.0
2020-12-09 14:00:00,284.0,0.0,0.0,-0.0,349.4,0.0,0.0,17.973867
2020-12-09 15:00:00,284.0,0.0,0.0,-0.0,409.4,0.0,0.0,22.732362
2020-12-09 16:00:00,344.0,0.0,0.0,22.576747,436.0,0.0,0.0,26.790897
2020-12-09 17:00:00,404.0,0.0,0.0,26.429316,436.0,0.0,0.0,73.528205
2020-12-09 18:00:00,436.0,0.0,0.0,27.755129,436.0,0.0,0.0,66.728406
2020-12-09 19:00:00,436.0,0.0,0.0,26.790897,436.0,0.0,0.0,28.121224
2020-12-09 20:00:00,436.0,0.0,0.0,26.790897,436.0,0.0,0.0,27.706745
2020-12-09 21:00:00,436.0,0.0,0.0,26.429316,436.0,0.0,0.0,26.755559
2020-12-09 22:00:00,436.0,0.0,0.0,26.324557,436.0,0.0,0.0,23.437807
2020-12-09 23:00:00,436.0,0.0,0.0,23.206766,436.0,0.0,0.0,22.185841
2020-12-10 00:00:00,436.0,0.0,0.0,23.128644,344.0,30.0,0.0,22.492854
2020-12-10 01:00:00,436.0,0.0,0.0,21.287879,336.755321,0.0,0.0,20.400003
2020-12-10 02:00:00,436.0,0.0,0.0,21.647258,301.546496,0.0,0.0,18.531796
2020-12-10 03:00:00,436.0,0.0,0.0,21.116714,361.546496,0.0,0.0,20.400003
2020-12-10 04:00:00,436.0,0.0,0.0,22.492854,421.546496,0.0,0.0,21.287879
2020-12-10 05:00:00,436.0,0.0,0.0,23.437807,436.0,0.0,0.0,23.128644
2020-12-10 06:00:00,436.0,0.0,0.0,127.050889,424.0,0.0,0.0,58.379538
2020-12-10 07:00:00,436.0,60.0,0.0,1091.313411,364.0,0.0,0.0,-0.0
2020-12-10 08:00:00,436.0,45.068078,0.0,141.716991,304.0,0.0,0.0,-0.0
2020-12-10 09:00:00,436.0,0.0,0.0,20.846138,296.4,0.0,0.0,-0.0
2020-12-10 10:00:00,393.109935,0.0,0.0,18.531796,296.4,0.0,0.0,-0.0
2020-12-10 11:00:00,366.984995,0.0,0.0,18.531796,291.4,0.0,0.0,-0.0
2020-12-10 12:00:00,353.097526,0.0,0.0,18.531796,290.4,0.0,0.0,-0.0
2020-12-10 13:00:00,413.097526,0.0,0.0,19.430296,288.4,0.0,0.0,-0.0
2020-12-10 14:00:00,436.0,0.0,0.0,21.116411,304.0,0.0,0.0,-0.0
2020-12-10 15:00:00,436.0,0.0,0.0,19.983547,364.0,0.0,0.0,21.287879
2020-12-10 16:00:00,436.0,0.0,0.0,126.755559,424.0,0.0,0.0,29.23895
2020-12-10 17:00:00,436.0,0.0,0.0,133.752662,436.0,0.0,0.0,76.933014
2020-12-10 18:00:00,436.0,60.0,0.0,283.946708,436.0,0.0,0.0,61.63228
2020-12-10 19:00:00,436.0,13.887542,0.0,141.716991,436.0,0.0,0.0,25.140601
2020-12-10 20:00:00,436.0,0.0,0.0,133.946708,436.0,0.0,0.0,23.437807
2020-12-10 21:00:00,436.0,0.0,0.0,126.892495,436.0,0.0,0.0,22.492854
2020-12-10 22:00:00,436.0,0.0,0.0,25.9087,436.0,0.0,0.0,19.983547
2020-12-10 23:00:00,436.0,0.0,0.0,23.993323,436.0,0.0,0.0,19.983547
2020-12-11 00:00:00,436.0,0.0,0.0,22.857546,284.0,30.0,0.0,18.531796
2020-12-11 01:00:00,436.0,0.0,0.0,21.023541,291.4,0.0,0.0,18.463561
2020-12-11 02:00:00,436.0,0.0,0.0,21.116714,290.4,0.0,0.0,18.463561
2020-12-11 03:00:00,436.0,0.0,0.0,21.116411,326.76373,0.0,0.0,18.668267
2020-12-11 04:00:00,436.0,0.0,0.0,19.983547,386.76373,0.0,0.0,19.983547
2020-12-11 05:00:00,436.0,0.0,0.0,21.116714,424.0,0.0,0.0,21.287879
2020-12-11 06:00:00,436.0,0.0,0.0,22.185841,364.0,0.0,0.0,51.833563
2020-12-11 07:00:00,436.0,60.0,0.0,165.578976,304.0,0.0,0.0,-0.0
2020-12-11 08:00:00,376.0,0.0,0.0,-0.0,299.4,0.0,0.0,-0.0
2020-12-11 09:00:00,316.0,0.0,0.0,-0.0,299.4,0.0,0.0,-0.0
2020-12-11 10:00:00,284.0,0.0,0.0,-0.0,299.4,0.0,0.0,-0.0
2020-12-11 11:00:00,284.0,0.0,0.0,-0.0,293.4,0.0,0.0,-0.0
2020-12-11 12:00:00,284.0,0.0,0.0,-0.0,293.4,0.0,0.0,-0.0
2020-12-11 13:00:00,284.0,0.0,0.0,-0.0,292.4,0.0,0.0,-0.0
2020-12-11 14:00:00,284.0,0.0,0.0,-0.0,292.4,0.0,0.0,-0.0
2020-12-11 15:00:00,284.0,0.0,0.0,-0.0,317.859008,0.0,0.0,-0.0
2020-12-11 16:00:00,344.0,0.0,0.0,19.983547,377.859008,0.0,0.0,26.531832
2020-12-11 17:00:00,404.0,0.0,0.0,22.103181,436.0,0.0,0.0,77.998127
2020-12-11 18:00:00,436.0,0.0,0.0,23.943758,436.0,0.0,0.0,72.382315
2020-12-11 19:00:00,436.0,0.0,0.0,24.226871,436.0,0.0,0.0,24.808693
2020-12-11 20:00:00,436.0,60.0,0.0,125.180292,436.0,0.0,0.0,22.492854
2020-12-11 21:00:00,436.0,0.0,0.0,24.22324,424.0,0.0,0.0,21.287879
2020-12-11 22:00:00,436.0,0.0,0.0,22.107083,364.0,0.0,0.0,20.400003
2020-12-11 23:00:00,436.0,0.0,0.0,19.983547,304.0,0.0,0.0,6.36386
2020-12-12 00:00:00,436.0,0.0,0.0,20.400003,344.0,30.0,0.0,22.906814
2020-12-12 01:00:00,422.307435,0.0,0.0,18.531796,379.090586,0.0,0.0,19.983547
2020-12-12 02:00:00,362.307435,0.0,0.0,16.970947,319.090586,0.0,0.0,17.080045
2020-12-12 03:00:00,302.307435,0.0,0.0,18.463561,291.4,0.0,0.0,15.140471
2020-12-12 04:00:00,362.307435,0.0,0.0,123.437807,350.5394,0.0,0.0,18.600032
2020-12-12 05:00:00,422.307435,0.0,0.0,19.983547,381.679718,0.0,0.0,18.573789
2020-12-12 06:00:00,426.729994,0.0,0.0,18.531796,321.679718,0.0,0.0,18.489804
2020-12-12 07:00:00,436.0,0.0,0.0,20.846138,295.4,0.0,0.0,-0.0
2020-12-12 08:00:00,376.0,0.0,0.0,-0.0,304.0,0.0,0.0,-0.0
2020-12-12 09:00:00,316.0,0.0,0.0,-0.0,304.0,0.0,0.0,-0.0
2020-12-12 10:00:00,284.0,0.0,0.0,-0.0,298.4,0.0,0.0,-0.0
2020-12-12 11:00:00,284.0,0.0,0.0,-0.0,284.0,0.0,0.0,-0.0
2020-12-12 12:00:00,284.0,0.0,0.0,-0.0,284.0,0.0,0.0,-0.0
2020-12-12 13:00:00,284.0,0.0,0.0,-0.0,284.0,0.0,0.0,-0.0
2020-12-12 14:00:00,284.0,0.0,0.0,-0.0,297.4,0.0,0.0,-0.0
2020-12-12 15:00:00,284.0,0.0,0.0,-0.0,304.0,0.0,0.0,-0.0
2020-12-12 16:00:00,284.0,0.0,0.0,-0.0,364.0,0.0,0.0,22.576747
2020-12-12 17:00:00,344.0,0.0,0.0,21.513966,424.0,0.0,0.0,127.755129
2020-12-12 18:00:00,404.0,0.0,0.0,23.366674,436.0,0.0,0.0,23.657594
2020-12-12 19:00:00,436.0,0.0,0.0,21.99146,436.0,0.0,0.0,23.206766
2020-12-12 20:00:00,436.0,0.0,0.0,21.513966,436.0,0.0,0.0,31.069988
2020-12-12 21:00:00,436.0,0.0,0.0,21.513966,424.0,0.0,0.0,23.128644
2020-12-12 22:00:00,436.0,0.0,0.0,19.91836,364.0,0.0,0.0,22.576747
2020-12-12 23:00:00,376.0,0.0,0.0,-0.0,304.0,0.0,0.0,-0.0
2020-12-13 00:00:00,316.0,0.0,0.0,-0.0,284.0,2.0,0.0,-0.0
2020-12-13 01:00:00,284.0,0.0,0.0,-0.0,284.0,0.0,0.0,-0.0
2020-12-13 02:00:00,284.0,0.0,0.0,-0.0,304.0,0.0,0.0,-0.0
2020-12-13 03:00:00,344.0,0.0,0.0,123.437807,364.0,0.0,0.0,19.983547
2020-12-13 04:00:00,404.0,60.0,0.0,1000.0,361.707668,0.0,0.0,18.531796
2020-12-13 05:00:00,436.0,90.0,0.0,277.274563,409.147081,0.0,0.0,18.531796
2020-12-13 06:00:00,436.0,90.0,0.0,1000.0,364.0,0.0,0.0,61.508669
2020-12-13 07:00:00,436.0,90.0,0.0,1000.0,304.0,0.0,0.0,-0.0
2020-12-13 08:00:00,436.0,30.0,0.0,19.983547,298.4,0.0,0.0,-0.0
2020-12-13 09:00:00,376.0,0.0,0.0,-0.0,298.4,0.0,0.0,-0.0
2020-12-13 10:00:00,316.0,0.0,0.0,-0.0,299.4,0.0,0.0,-0.0
2020-12-13 11:00:00,284.0,0.0,0.0,-0.0,291.4,0.0,0.0,-0.0
2020-12-13 12:00:00,284.0,0.0,0.0,-0.0,291.4,0.0,0.0,-0.0
2020-12-13 13:00:00,284.0,0.0,0.0,-0.0,291.4,0.0,0.0,-0.0
2020-12-13 14:00:00,284.0,0.0,0.0,-0.0,291.4,0.0,0.0,-0.0
2020-12-13 15:00:00,284.0,0.0,0.0,-0.0,339.449482,0.0,0.0,-0.0
2020-12-13 16:00:00,284.0,0.0,0.0,-0.0,399.449482,0.0,0.0,111.488914
2020-12-13 17:00:00,284.0,0.0,0.0,-0.0,381.906308,0.0,0.0,20.456753
2020-12-13 18:00:00,306.529842,0.0,0.0,18.531796,321.906308,0.0,0.0,18.531796
2020-12-13 19:00:00,284.0,0.0,0.0,17.265035,359.77814,0.0,0.0,23.016508
2020-12-13 20:00:00,344.0,0.0,0.0,18.60404,367.00405,0.0,0.0,23.218945
2020-12-13 21:00:00,360.052145,0.0,0.0,18.531796,344.0,0.0,0.0,19.153665
2020-12-13 22:00:00,378.022479,0.0,0.0,18.531796,284.0,0.0,0.0,16.677102
2020-12-13 23:00:00,436.0,0.0,0.0,119.430296,284.0,0.0,0.0,7.376694
2020-12-14 00:00:00,376.0,0.0,0.0,-0.0,284.0,30.0,0.0,-0.0
2020-12-14 01:00:00,316.0,0.0,0.0,16.970947,284.0,0.0,0.0,-0.0
2020-12-14 02:00:00,284.0,0.0,0.0,-0.0,284.0,0.0,0.0,-0.0
2020-12-14 03:00:00,344.0,0.0,0.0,18.60404,295.463352,0.0,0.0,18.208373
2020-12-14 04:00:00,404.0,0.0,0.0,120.846138,345.378149,0.0,0.0,18.85522
2020-12-14 05:00:00,436.0,0.0,0.0,126.755559,405.378149,0.0,0.0,69.332199
2020-12-14 06:00:00,436.0,0.0,0.0,22.492854,364.0,0.0,0.0,83.380811
2020-12-14 07:00:00,436.0,0.0,0.0,18.60404,304.0,0.0,0.0,-0.0
2020-12-14 08:00:00,376.0,0.0,0.0,-0.0,284.0,0.0,0.0,-0.0
2020-12-14 09:00:00,316.0,0.0,0.0,-0.0,284.0,0.0,0.0,-0.0
2020-12-14 10:00:00,284.0,0.0,0.0,-0.0,284.0,0.0,0.0,-0.0
2020-12-14 11:00:00,284.0,0.0,0.0,-0.0,284.0,0.0,0.0,-0.0
2020-12-14 12:00:00,284.0,0.0,0.0,-0.0,284.0,0.0,0.0,-0.0
2020-12-14 13:00:00,284.0,0.0,0.0,-0.0,284.0,0.0,0.0,-0.0
2020-12-14 14:00:00,284.0,0.0,0.0,-0.0,284.0,0.0,0.0,-0.0
2020-12-14 15:00:00,284.0,0.0,0.0,-0.0,284.0,0.0,0.0,-0.0
2020-12-14 16:00:00,284.0,0.0,0.0,-0.0,344.0,0.0,0.0,16.363597
2020-12-14 17:00:00,284.0,0.0,0.0,18.36453,404.0,0.0,0.0,36.462744
2020-12-14 18:00:00,344.0,0.0,0.0,20.405445,376.0,0.0,0.0,65.882966
2020-12-14 19:00:00,404.0,0.0,0.0,18.680834,436.0,0.0,0.0,59.933032
2020-12-14 20:00:00,407.485169,0.0,0.0,18.531796,426.665073,0.0,0.0,22.199491
2020-12-14 21:00:00,347.485169,0.0,0.0,14.385837,404.0,0.0,0.0,22.975191
2020-12-14 22:00:00,354.500897,0.0,0.0,18.531796,344.0,0.0,0.0,19.153665
2020-12-14 23:00:00,294.500897,0.0,0.0,-0.0,284.0,0.0,0.0,-0.0
2020-12-15 00:00:00,284.0,0.0,0.0,-0.0,284.0,2.0,0.0,-0.0
2020-12-15 01:00:00,284.0,0.0,0.0,-0.0,284.0,0.0,0.0,-0.0
2020-12-15 02:00:00,284.0,0.0,0.0,-0.0,284.0,0.0,0.0,-0.0
2020-12-15 03:00:00,284.0,0.0,0.0,-0.0,284.0,0.0,0.0,-0.0
2020-12-15 04:00:00,284.0,0.0,0.0,-0.0,306.543489,0.0,0.0,-0.0
2020-12-15 05:00:00,284.0,0.0,0.0,-0.0,366.543489,0.0,0.0,37.063593
2020-12-15 06:00:00,284.0,0.0,0.0,17.265035,345.618741,0.0,0.0,75.093364
2020-12-15 07:00:00,342.707161,0.0,0.0,18.531796,285.618741,0.0,0.0,-0.0
2020-12-15 08:00:00,284.0,0.0,0.0,-0.0,284.0,0.0,0.0,-0.0
2020-12-15 09:00:00,284.0,0.0,0.0,-0.0,284.0,0.0,0.0,-0.0
2020-12-15 10:00:00,284.0,0.0,0.0,-0.0,284.0,0.0,0.0,-0.0
2020-12-15 11:00:00,284.0,0.0,0.0,-0.0,284.0,0.0,0.0,-0.0
2020-12-15 12:00:00,284.0,0.0,0.0,-0.0,284.0,0.0,0.0,-0.0
2020-12-15 13:00:00,284.0,0.0,0.0,-0.0,284.0,0.0,0.0,-0.0
2020-12-15 14:00:00,284.0,0.0,0.0,-0.0,284.0,0.0,0.0,-0.0
2020-12-15 15:00:00,284.0,0.0,0.0,-0.0,284.0,0.0,0.0,-0.0
2020-12-15 16:00:00,284.0,0.0,0.0,-0.0,313.680475,0.0,0.0,10.739036
2020-12-15 17:00:00,284.0,0.0,0.0,-0.0,373.680475,0.0,0.0,26.324557
2020-12-15 18:00:00,284.0,0.0,0.0,11.997881,433.680475,0.0,0.0,72.634009
2020-12-15 19:00:00,284.0,0.0,0.0,-0.0,436.0,0.0,0.0,98.696239
2020-12-15 20:00:00,284.0,0.0,0.0,-0.0,424.0,0.0,0.0,27.365743
2020-12-15 21:00:00,284.0,0.0,0.0,-0.0,364.0,0.0,0.0,21.413908
2020-12-15 22:00:00,284.0,0.0,0.0,-0.0,304.0,0.0,0.0,-0.0
2020-12-15 23:00:00,284.0,0.0,0.0,-0.0,284.0,0.0,0.0,-0.0
2020-12-16 00:00:00,284.0,0.0,0.0,-0.0,284.0,2.0,0.0,-0.0
2020-12-16 01:00:00,284.0,0.0,0.0,-0.0,284.0,0.0,0.0,-0.0
2020-12-16 02:00:00,284.0,0.0,0.0,-0.0,284.0,0.0,0.0,-0.0
2020-12-16 03:00:00,284.0,0.0,0.0,-0.0,284.0,0.0,0.0,-0.0
2020-12-16 04:00:00,284.0,0.0,0.0,-0.0,284.0,0.0,0.0,-0.0
2020-12-16 05:00:00,284.0,0.0,0.0,-0.0,344.0,0.0,0.0,20.737143
2020-12-16 06:00:00,344.0,0.0,0.0,19.371639,354.666595,0.0,0.0,74.011976
2020-12-16 07:00:00,284.0,0.0,0.0,17.265035,294.666595,0.0,0.0,-0.0
2020-12-16 08:00:00,284.0,0.0,0.0,-0.0,284.0,0.0,0.0,-0.0
2020-12-16 09:00:00,284.0,0.0,0.0,-0.0,284.0,0.0,0.0,-0.0
2020-12-16 10:00:00,284.0,0.0,0.0,-0.0,284.0,0.0,0.0,-0.0
2020-12-16 11:00:00,284.0,0.0,0.0,-0.0,284.0,0.0,0.0,-0.0
2020-12-16 12:00:00,284.0,0.0,0.0,-0.0,284.0,0.0,0.0,-0.0
2020-12-16 13:00:00,284.0,0.0,0.0,-0.0,284.0,0.0,0.0,-0.0
2020-12-16 14:00:00,284.0,0.0,0.0,-0.0,284.0,0.0,0.0,-0.0
2020-12-16 15:00:00,284.0,0.0,0.0,-0.0,284.0,0.0,0.0,-0.0
2020-12-16 16:00:00,284.0,0.0,0.0,-0.0,331.604404,0.0,0.0,16.992273
2020-12-16 17:00:00,325.42502,0.0,0.0,18.531796,391.604404,0.0,0.0,68.134036
2020-12-16 18:00:00,385.42502,0.0,0.0,19.570735,433.095,0.0,0.0,65.226931
2020-12-16 19:00:00,394.851198,0.0,0.0,18.531796,433.391,0.0,0.0,20.439191
2020-12-16 20:00:00,400.851467,0.0,0.0,18.531796,434.212,0.0,0.0,20.512436
2020-12-16 21:00:00,340.851467,0.0,0.0,17.265035,404.0,0.0,0.0,21.066992
2020-12-16 22:00:00,400.851467,0.0,0.0,18.978602,344.0,0.0,0.0,16.86402
2020-12-16 23:00:00,340.851467,0.0,0.0,-0.0,284.0,0.0,0.0,-0.0
2020-12-17 00:00:00,284.0,0.0,0.0,-0.0,284.0,2.0,0.0,-0.0
2020-12-17 01:00:00,284.0,0.0,0.0,-0.0,284.0,0.0,0.0,-0.0
2020-12-17 02:00:00,284.0,0.0,0.0,-0.0,284.0,0.0,0.0,-0.0
2020-12-17 03:00:00,284.0,0.0,0.0,-0.0,304.0,0.0,0.0,-0.0
2020-12-17 04:00:00,344.0,0.0,0.0,123.437807,364.0,0.0,0.0,19.983547
2020-12-17 05:00:00,404.0,0.0,0.0,123.657594,424.0,0.0,0.0,29.366024
2020-12-17 06:00:00,436.0,0.0,0.0,27.274616,436.0,0.0,0.0,130.530112
2020-12-17 07:00:00,436.0,60.0,0.0,283.035526,424.0,0.0,0.0,22.732362
2020-12-17 08:00:00,436.0,0.0,0.0,23.128644,364.0,0.0,0.0,20.400003
2020-12-17 09:00:00,436.0,0.0,0.0,20.846138,304.0,0.0,0.0,-0.0
2020-12-17 10:00:00,414.383252,0.0,0.0,18.531796,284.0,0.0,0.0,-0.0
2020-12-17 11:00:00,354.383252,0.0,0.0,15.731586,284.0,0.0,0.0,-0.0
2020-12-17 12:00:00,294.383252,0.0,0.0,-0.0,284.0,0.0,0.0,-0.0
2020-12-17 13:00:00,284.0,0.0,0.0,15.731586,284.0,0.0,0.0,-0.0
2020-12-17 14:00:00,301.314465,0.0,0.0,18.531796,284.0,0.0,0.0,-0.0
2020-12-17 15:00:00,284.0,0.0,0.0,-0.0,291.390161,0.0,0.0,-0.0
2020-12-17 16:00:00,344.0,60.0,0.0,159.397854,351.390161,0.0,0.0,14.068672
2020-12-17 17:00:00,404.0,90.0,0.0,267.220381,411.390161,0.0,0.0,62.498637
2020-12-17 18:00:00,436.0,30.0,0.0,24.427075,436.0,0.0,0.0,73.209505
2020-12-17 19:00:00,436.0,0.0,0.0,18.60404,436.0,0.0,0.0,21.168781
2020-12-17 20:00:00,436.0,0.0,0.0,19.91836,436.0,0.0,0.0,23.942734
2020-12-17 21:00:00,435.99757,0.0,0.0,18.531796,409.295577,0.0,0.0,24.488345
2020-12-17 22:00:00,375.99757,0.0,0.0,16.212661,349.295577,0.0,0.0,18.064779
2020-12-17 23:00:00,315.99757,0.0,0.0,-0.0,289.295577,0.0,0.0,-0.0
2020-12-18 00:00:00,284.0,0.0,0.0,-0.0,284.0,2.0,0.0,-0.0
2020-12-18 01:00:00,284.0,0.0,0.0,-0.0,284.0,0.0,0.0,-0.0
2020-12-18 02:00:00,284.0,0.0,0.0,-0.0,284.0,0.0,0.0,-0.0
2020-12-18 03:00:00,284.0,0.0,0.0,-0.0,284.0,0.0,0.0,-0.0
2020-12-18 04:00:00,284.0,0.0,0.0,-0.0,286.0,0.0,0.0,-0.0
2020-12-18 05:00:00,344.0,0.0,0.0,122.516066,346.0,0.0,0.0,-0.0
2020-12-18 06:00:00,404.0,60.0,0.0,1000.0,326.185897,0.0,0.0,121.648211
2020-12-18 07:00:00,436.0,90.0,0.0,1091.313411,284.0,0.0,0.0,-0.0
2020-12-18 08:00:00,436.0,90.0,0.0,1000.0,284.0,0.0,0.0,-0.0
2020-12-18 09:00:00,436.0,90.0,0.0,1000.0,284.0,0.0,0.0,-0.0
2020-12-18 10:00:00,376.0,30.0,0.0,117.739048,284.0,0.0,0.0,-0.0
2020-12-18 11:00:00,427.22606,0.0,0.0,18.531796,284.0,0.0,0.0,-0.0
2020-12-18 12:00:00,367.22606,0.0,0.0,16.212661,284.0,0.0,0.0,-0.0
2020-12-18 13:00:00,307.22606,0.0,0.0,-0.0,284.0,0.0,0.0,-0.0
2020-12-18 14:00:00,367.22606,0.0,0.0,19.91836,284.0,0.0,0.0,-0.0
2020-12-18 15:00:00,307.22606,0.0,0.0,119.417922,304.0,0.0,0.0,-0.0
2020-12-18 16:00:00,367.22606,60.0,0.0,248.030682,364.0,0.0,0.0,29.292633
2020-12-18 17:00:00,427.22606,90.0,0.0,248.030682,424.0,0.0,0.0,21.168781
2020-12-18 18:00:00,426.0,80.0,0.0,222.546209,436.0,0.0,0.0,25.460164
2020-12-18 19:00:00,366.0,20.0,0.0,119.446534,436.0,0.0,0.0,21.116714
2020-12-18 20:00:00,426.0,0.0,0.0,21.513966,436.0,0.0,0.0,99.357668
2020-12-18 21:00:00,436.0,0.0,0.0,21.096593,436.0,0.0,0.0,37.428842
2020-12-18 22:00:00,436.0,0.0,0.0,21.843654,412.460512,0.0,0.0,20.400003
2020-12-18 23:00:00,376.0,0.0,0.0,-0.0,431.52513,0.0,0.0,22.492854
2020-12-19 00:00:00,316.0,0.0,0.0,-0.0,344.0,2.0,0.0,20.846138
2020-12-19 01:00:00,284.0,0.0,0.0,-0.0,404.0,0.0,0.0,20.400003
2020-12-19 02:00:00,284.0,0.0,0.0,-0.0,436.0,0.0,0.0,22.492854
2020-12-19 03:00:00,284.0,0.0,0.0,-0.0,436.0,0.0,0.0,22.96816
2020-12-19 04:00:00,284.0,0.0,0.0,-0.0,436.0,0.0,0.0,22.625462
2020-12-19 05:00:00,284.0,0.0,0.0,-0.0,431.005926,0.0,0.0,26.429316
2020-12-19 06:00:00,284.0,0.0,0.0,-0.0,371.005926,0.0,0.0,48.007682
2020-12-19 07:00:00,284.0,0.0,0.0,-0.0,311.005926,0.0,0.0,19.430296
2020-12-19 08:00:00,284.0,0.0,0.0,-0.0,284.0,0.0,0.0,8.890531
2020-12-19 09:00:00,284.0,0.0,0.0,-0.0,284.0,0.0,0.0,-0.0
2020-12-19 10:00:00,344.0,0.0,0.0,19.685338,284.0,0.0,0.0,-0.0
2020-12-19 11:00:00,404.0,0.0,0.0,19.685338,284.0,0.0,0.0,-0.0
2020-12-19 12:00:00,436.0,0.0,0.0,21.116714,284.0,0.0,0.0,-0.0
2020-12-19 13:00:00,436.0,0.0,0.0,21.287879,304.0,0.0,0.0,-0.0
2020-12-19 14:00:00,436.0,0.0,0.0,23.128644,364.0,0.0,0.0,21.287879
2020-12-19 15:00:00,436.0,0.0,0.0,123.657594,424.0,7.00948,0.0,25.712505
2020-12-19 16:00:00,436.0,0.0,0.0,21.843654,436.0,0.0,0.0,26.75055
2020-12-19 17:00:00,436.0,0.0,0.0,25.9087,436.0,0.0,0.0,27.274563
2020-12-19 18:00:00,436.0,0.0,0.0,26.790897,436.0,0.0,0.0,75.799899
2020-12-19 19:00:00,436.0,0.0,0.0,26.790897,436.0,0.0,0.0,63.727295
2020-12-19 20:00:00,436.0,0.0,0.0,26.755559,436.0,0.0,0.0,27.755129
2020-12-19 21:00:00,436.0,0.0,0.0,25.9087,436.0,0.0,0.0,27.274616
2020-12-19 22:00:00,436.0,0.0,0.0,25.9087,436.0,0.0,0.0,26.790897
2020-12-19 23:00:00,436.0,0.0,0.0,23.206766,436.0,0.0,0.0,26.431283
2020-12-20 00:00:00,436.0,0.0,0.0,23.128644,344.0,30.0,0.0,27.605743
2020-12-20 01:00:00,436.0,0.0,0.0,23.87513,404.0,0.0,0.0,26.585705
2020-12-20 02:00:00,436.0,0.0,0.0,23.206766,436.0,0.0,0.0,25.9087
2020-12-20 03:00:00,436.0,0.0,0.0,22.96816,436.0,0.0,0.0,25.9087
2020-12-20 04:00:00,436.0,0.0,0.0,22.732362,436.0,0.0,0.0,24.619597
2020-12-20 05:00:00,436.0,0.0,0.0,22.732362,436.0,0.0,0.0,26.324557
2020-12-20 06:00:00,436.0,0.0,0.0,22.96816,436.0,0.0,0.0,32.076727
2020-12-20 07:00:00,436.0,0.0,0.0,23.657594,420.218651,0.0,0.0,21.116411
2020-12-20 08:00:00,436.0,0.0,0.0,20.846138,360.218651,0.0,0.0,17.496964
2020-12-20 09:00:00,376.0,0.0,0.0,-0.0,300.218651,0.0,0.0,-0.0
2020-12-20 10:00:00,316.0,0.0,0.0,-0.0,284.0,0.0,0.0,-0.0
2020-12-20 11:00:00,284.0,0.0,0.0,-0.0,284.0,0.0,0.0,-0.0
2020-12-20 12:00:00,284.0,0.0,0.0,-0.0,284.0,0.0,0.0,-0.0
2020-12-20 13:00:00,284.0,0.0,0.0,-0.0,289.4,0.0,0.0,-0.0
2020-12-20 14:00:00,284.0,0.0,0.0,-0.0,349.4,0.0,0.0,18.072542
2020-12-20 15:00:00,284.0,0.0,0.0,16.970947,409.4,0.04848,0.0,22.492854
2020-12-20 16:00:00,344.0,0.0,0.0,21.647258,436.0,0.0,0.0,26.231533
2020-12-20 17:00:00,404.0,0.0,0.0,23.657594,436.0,0.0,0.0,61.373695
2020-12-20 18:00:00,436.0,0.0,0.0,26.892495,436.0,0.0,0.0,79.361535
2020-12-20 19:00:00,436.0,0.0,0.0,126.892495,436.0,0.0,0.0,26.755559
2020-12-20 20:00:00,436.0,0.0,0.0,26.755559,436.0,0.0,0.0,26.769897
2020-12-20 21:00:00,436.0,0.0,0.0,26.324557,436.0,0.0,0.0,26.769897
2020-12-20 22:00:00,436.0,0.0,0.0,23.87513,436.0,0.0,0.0,26.325893
2020-12-20 23:00:00,436.0,0.0,0.0,25.095594,436.0,0.0,0.0,25.9087
2020-12-21 00:00:00,436.0,0.0,0.0,23.206766,410.0,30.0,0.0,23.206766
2020-12-21 01:00:00,436.0,0.0,0.0,23.128644,436.0,0.0,0.0,23.206766
2020-12-21 02:00:00,436.0,0.0,0.0,22.96816,436.0,0.0,0.0,23.128644
2020-12-21 03:00:00,436.0,0.0,0.0,22.576747,436.0,0.0,0.0,23.128644
2020-12-21 04:00:00,436.0,0.0,0.0,23.128644,436.0,0.0,0.0,23.206766
2020-12-21 05:00:00,436.0,0.0,0.0,23.437807,436.0,1.902395,0.0,26.755559
2020-12-21 06:00:00,436.0,0.0,0.0,26.755559,436.0,0.0,0.0,86.532651
2020-12-21 07:00:00,436.0,0.0,0.0,127.755129,404.0,0.0,0.0,21.647258
2020-12-21 08:00:00,436.0,0.0,0.0,21.647258,344.0,0.0,0.0,18.573789
2020-12-21 09:00:00,381.788156,0.0,0.0,18.531796,284.0,0.0,0.0,-0.0
2020-12-21 10:00:00,321.788156,0.0,0.0,15.731586,284.0,0.0,0.0,-0.0
2020-12-21 11:00:00,284.0,0.0,0.0,15.731586,284.0,0.0,0.0,-0.0
2020-12-21 12:00:00,284.0,0.0,0.0,-0.0,284.0,0.0,0.0,-0.0
2020-12-21 13:00:00,284.0,0.0,0.0,-0.0,284.0,0.0,0.0,-0.0
2020-12-21 14:00:00,284.0,0.0,0.0,-0.0,328.551235,0.0,0.0,18.072542
2020-12-21 15:00:00,284.0,0.0,0.0,18.072542,388.551235,0.0,0.0,22.576747
2020-12-21 16:00:00,344.0,0.0,0.0,23.128644,436.0,0.0,0.0,27.695107
2020-12-21 17:00:00,404.0,0.0,0.0,26.755559,436.0,0.0,0.0,70.07314
2020-12-21 18:00:00,436.0,0.0,0.0,27.755129,436.0,0.0,0.0,77.313264
2020-12-21 19:00:00,436.0,0.0,0.0,27.755129,436.0,0.0,0.0,27.274616
2020-12-21 20:00:00,436.0,0.0,0.0,27.274616,436.0,0.0,0.0,26.504505
2020-12-21 21:00:00,436.0,0.0,0.0,26.755559,436.0,0.0,0.0,26.78401
2020-12-21 22:00:00,436.0,0.0,0.0,25.9087,436.0,0.0,0.0,24.781681
2020-12-21 23:00:00,436.0,0.0,0.0,23.437807,436.0,0.0,0.0,23.437807
2020-12-22 00:00:00,436.0,0.0,0.0,22.516066,344.0,30.0,0.0,22.732362
2020-12-22 01:00:00,436.0,0.0,0.0,21.843654,404.0,0.0,0.0,22.576747
2020-12-22 02:00:00,436.0,0.0,0.0,21.647258,436.0,0.0,0.0,21.843654
2020-12-22 03:00:00,436.0,0.0,0.0,21.647258,436.0,0.0,0.0,22.576747
2020-12-22 04:00:00,436.0,0.0,0.0,22.732362,436.0,0.0,0.0,22.96816
2020-12-22 05:00:00,436.0,0.0,0.0,23.206766,436.0,0.0,0.0,23.87513
2020-12-22 06:00:00,436.0,0.0,0.0,26.324557,436.0,0.0,0.0,44.989823
2020-12-22 07:00:00,436.0,0.0,0.0,126.790897,436.0,0.0,0.0,22.492854
2020-12-22 08:00:00,436.0,0.0,0.0,22.516066,376.0,0.0,0.0,19.685338
2020-12-22 09:00:00,390.477707,0.0,0.0,18.531796,316.0,0.0,0.0,13.417197
2020-12-22 10:00:00,330.477707,0.0,0.0,-0.0,284.0,0.0,0.0,-0.0
2020-12-22 11:00:00,284.0,0.0,0.0,-0.0,284.0,0.0,0.0,-0.0
2020-12-22 12:00:00,284.0,0.0,0.0,-0.0,284.0,0.0,0.0,-0.0
2020-12-22 13:00:00,284.0,0.0,0.0,-0.0,284.0,0.0,0.0,-0.0
2020-12-22 14:00:00,284.0,0.0,0.0,-0.0,325.570826,0.0,0.0,6.748369
2020-12-22 15:00:00,284.098142,0.0,0.0,18.531796,385.570826,0.0,0.0,22.516066
2020-12-22 16:00:00,344.098142,0.0,0.0,21.843654,436.0,0.0,0.0,26.429316
2020-12-22 17:00:00,404.098142,0.0,0.0,26.429316,436.0,2.915855,0.0,27.973136
2020-12-22 18:00:00,436.0,0.0,0.0,27.274616,436.0,1.180979,0.0,70.713782
2020-12-22 19:00:00,436.0,0.0,0.0,26.790897,436.0,0.0,0.0,73.954454
2020-12-22 20:00:00,436.0,0.0,0.0,27.050889,436.0,0.0,0.0,27.91388
2020-12-22 21:00:00,436.0,0.0,0.0,26.429316,436.0,0.0,0.0,27.274563
2020-12-22 22:00:00,436.0,0.0,0.0,25.9087,436.0,0.0,0.0,26.324557
2020-12-22 23:00:00,436.0,0.0,0.0,23.128644,436.0,0.0,0.0,23.437807
2020-12-23 00:00:00,436.0,0.0,0.0,23.128644,344.0,30.0,0.0,23.206766
2020-12-23 01:00:00,436.0,0.0,0.0,22.576747,404.0,0.0,0.0,22.96816
2020-12-23 02:00:00,436.0,0.0,0.0,22.516066,436.0,0.0,0.0,22.96816
2020-12-23 03:00:00,436.0,0.0,0.0,22.576747,436.0,0.0,0.0,22.96816
2020-12-23 04:00:00,436.0,0.0,0.0,22.732362,436.0,0.0,0.0,23.206766
2020-12-23 05:00:00,436.0,0.0,0.0,23.206766,436.0,5.708201,0.0,26.324557
2020-12-23 06:00:00,436.0,0.0,0.0,26.429316,436.0,0.0,0.0,44.226988
2020-12-23 07:00:00,436.0,0.0,0.0,26.755559,436.0,0.0,0.0,22.732362
2020-12-23 08:00:00,436.0,0.0,0.0,23.128644,424.0,0.0,0.0,21.116411
2020-12-23 09:00:00,436.0,0.0,0.0,19.685338,364.0,0.0,0.0,19.418165
2020-12-23 10:00:00,376.0,0.0,0.0,-0.0,304.0,0.0,0.0,-0.0
2020-12-23 11:00:00,316.0,0.0,0.0,-0.0,284.0,0.0,0.0,-0.0
2020-12-23 12:00:00,284.0,0.0,0.0,-0.0,284.0,0.0,0.0,-0.0
2020-12-23 13:00:00,284.0,0.0,0.0,-0.0,284.0,0.0,0.0,-0.0
2020-12-23 14:00:00,284.0,0.0,0.0,-0.0,299.0,0.0,0.0,-0.0
2020-12-23 15:00:00,284.0,0.0,0.0,-0.0,359.0,0.0,0.0,21.287879
2020-12-23 16:00:00,344.0,0.0,0.0,23.87513,419.0,0.0,0.0,24.484876
2020-12-23 17:00:00,404.0,60.0,0.0,233.946708,436.0,0.0,0.0,75.87658
2020-12-23 18:00:00,436.0,90.0,0.0,1000.0,436.0,0.0,0.0,58.674363
2020-12-23 19:00:00,436.0,90.0,0.0,1000.0,436.0,0.0,0.0,26.181595
2020-12-23 20:00:00,436.0,90.0,0.0,1000.0,436.0,0.0,0.0,26.182653
2020-12-23 21:00:00,436.0,90.0,0.0,1000.0,436.0,0.0,0.0,27.078028
2020-12-23 22:00:00,436.0,80.0,0.0,236.124055,436.0,0.0,0.0,23.559433
2020-12-23 23:00:00,436.0,20.0,0.0,123.657594,436.0,0.0,0.0,21.116411
2020-12-24 00:00:00,436.0,0.0,0.0,21.474047,328.638203,30.0,0.0,21.116411
2020-12-24 01:00:00,436.0,0.0,0.0,21.647258,284.0,0.0,0.0,-0.0
2020-12-24 02:00:00,436.0,0.0,0.0,21.647258,284.0,0.0,0.0,-0.0
2020-12-24 03:00:00,436.0,0.0,0.0,21.647258,284.0,0.0,0.0,0.591395
2020-12-24 04:00:00,436.0,0.0,0.0,122.732362,337.336276,0.0,0.0,18.549582
2020-12-24 05:00:00,436.0,0.0,0.0,133.946708,397.336276,0.0,0.0,20.10252
2020-12-24 06:00:00,436.0,0.0,0.0,123.657594,364.0,0.0,0.0,75.641463
2020-12-24 07:00:00,376.0,0.0,0.0,118.531796,304.0,0.0,0.0,-0.0
2020-12-24 08:00:00,316.0,0.0,0.0,-0.0,284.0,0.0,0.0,-0.0
2020-12-24 09:00:00,284.0,0.0,0.0,-0.0,284.4,0.0,0.0,-0.0
2020-12-24 10:00:00,284.0,0.0,0.0,-0.0,292.4,0.0,0.0,-0.0
2020-12-24 11:00:00,284.0,0.0,0.0,-0.0,293.4,0.0,0.0,-0.0
2020-12-24 12:00:00,284.0,0.0,0.0,-0.0,292.4,0.0,0.0,-0.0
2020-12-24 13:00:00,284.0,0.0,0.0,-0.0,291.4,0.0,0.0,-0.0
2020-12-24 14:00:00,284.0,0.0,0.0,-0.0,320.642243,0.0,0.0,19.685338
2020-12-24 15:00:00,284.0,0.0,0.0,-0.0,380.642243,0.0,0.0,21.116714
2020-12-24 16:00:00,284.0,0.0,0.0,-0.0,436.0,0.0,0.0,56.133755
2020-12-24 17:00:00,284.0,0.0,0.0,-0.0,436.0,0.0,0.0,79.2628
2020-12-24 18:00:00,304.179978,0.0,0.0,18.531796,436.0,0.0,0.0,25.560573
2020-12-24 19:00:00,284.0,0.0,0.0,17.265035,436.0,0.0,0.0,26.440995
2020-12-24 20:00:00,290.731081,0.0,0.0,18.531796,436.0,0.0,0.0,25.594229
2020-12-24 21:00:00,350.731081,0.0,0.0,20.846138,436.0,0.0,0.0,22.45025
2020-12-24 22:00:00,290.731081,0.0,0.0,16.970947,436.0,0.0,0.0,26.755559
2020-12-24 23:00:00,284.0,0.0,0.0,-0.0,436.0,0.0,0.0,22.96816
2020-12-25 00:00:00,284.0,0.0,0.0,-0.0,344.0,2.0,0.0,20.400003
2020-12-25 01:00:00,284.0,0.0,0.0,-0.0,404.0,0.0,0.0,19.685338
2020-12-25 02:00:00,284.0,0.0,0.0,-0.0,398.181031,0.0,0.0,18.531796
2020-12-25 03:00:00,284.0,0.0,0.0,-0.0,436.0,0.0,0.0,20.400003
2020-12-25 04:00:00,284.0,0.0,0.0,-0.0,436.0,0.0,0.0,20.400003
2020-12-25 05:00:00,284.0,0.0,0.0,-0.0,436.0,0.0,0.0,23.206766
2020-12-25 06:00:00,284.0,0.0,0.0,-0.0,424.0,0.0,0.0,75.511591
2020-12-25 07:00:00,344.0,0.0,0.0,21.843654,364.0,0.0,0.0,21.647258
2020-12-25 08:00:00,404.0,0.0,0.0,20.846138,304.0,0.0,0.0,16.781401
2020-12-25 09:00:00,436.0,0.0,0.0,19.430296,284.0,0.0,0.0,-0.0
2020-12-25 10:00:00,436.0,0.0,0.0,19.983547,284.0,0.0,0.0,-0.0
2020-12-25 11:00:00,399.724855,0.0,0.0,18.531796,284.0,0.0,0.0,-0.0
2020-12-25 12:00:00,339.724855,0.0,0.0,-0.0,284.0,0.0,0.0,-0.0
2020-12-25 13:00:00,284.0,0.0,0.0,-0.0,284.0,0.0,0.0,-0.0
2020-12-25 14:00:00,284.0,0.0,0.0,-0.0,344.0,0.0,0.0,19.430296
2020-12-25 15:00:00,284.0,0.0,0.0,-0.0,404.0,0.0,0.0,22.576747
2020-12-25 16:00:00,344.0,0.0,0.0,21.647258,436.0,0.0,0.0,26.858076
2020-12-25 17:00:00,404.0,0.0,0.0,26.429316,436.0,0.0,0.0,65.383978
2020-12-25 18:00:00,436.0,0.0,0.0,26.790897,436.0,0.0,0.0,78.617288
2020-12-25 19:00:00,436.0,0.0,0.0,26.755559,436.0,0.0,0.0,27.755129
2020-12-25 20:00:00,436.0,0.0,0.0,26.429316,436.0,0.0,0.0,27.050889
2020-12-25 21:00:00,436.0,0.0,0.0,26.324557,436.0,0.0,0.0,26.585705
2020-12-25 22:00:00,436.0,0.0,0.0,26.429316,436.0,0.0,0.0,25.163429
2020-12-25 23:00:00,436.0,0.0,0.0,23.128644,436.0,0.0,0.0,22.732362
2020-12-26 00:00:00,436.0,0.0,0.0,23.437807,344.0,30.0,0.0,28.078825
2020-12-26 01:00:00,436.0,0.0,0.0,23.437807,404.0,0.0,0.0,24.979377
2020-12-26 02:00:00,436.0,0.0,0.0,126.324557,436.0,0.0,0.0,24.26072
2020-12-26 03:00:00,436.0,0.0,0.0,125.9087,436.0,0.0,0.0,25.174585
2020-12-26 04:00:00,436.0,0.0,0.0,133.946708,436.0,0.0,0.0,21.287879
2020-12-26 05:00:00,436.0,0.0,0.0,123.87513,424.0,0.0,0.0,21.288154
2020-12-26 06:00:00,436.0,0.0,0.0,19.133765,364.0,0.0,0.0,32.575619
2020-12-26 07:00:00,436.0,0.0,0.0,19.153665,304.0,0.0,0.0,-0.0
2020-12-26 08:00:00,376.0,0.0,0.0,-0.0,298.4,0.0,0.0,-0.0
2020-12-26 09:00:00,316.0,0.0,0.0,-0.0,298.4,0.0,0.0,-0.0
2020-12-26 10:00:00,284.0,0.0,0.0,-0.0,298.4,0.0,0.0,-0.0
2020-12-26 11:00:00,284.0,0.0,0.0,-0.0,293.4,0.0,0.0,-0.0
2020-12-26 12:00:00,284.0,0.0,0.0,-0.0,293.4,0.0,0.0,-0.0
2020-12-26 13:00:00,284.0,0.0,0.0,-0.0,293.4,0.0,0.0,-0.0
2020-12-26 14:00:00,284.0,0.0,0.0,-0.0,284.0,0.0,0.0,-0.0
2020-12-26 15:00:00,284.0,0.0,0.0,-0.0,304.0,0.0,0.0,-0.0
2020-12-26 16:00:00,284.0,0.0,0.0,-0.0,364.0,-0.0,0.0,19.133765
2020-12-26 17:00:00,344.0,0.0,0.0,21.287879,424.0,0.0,0.0,26.233506
2020-12-26 18:00:00,404.0,0.0,0.0,22.492854,436.0,0.0,0.0,23.905477
2020-12-26 19:00:00,436.0,0.0,0.0,122.96816,436.0,0.0,0.0,24.733922
2020-12-26 20:00:00,436.0,0.0,0.0,122.96816,436.0,0.0,0.0,70.384767
2020-12-26 21:00:00,436.0,0.0,0.0,22.492854,436.0,0.0,0.0,67.797417
2020-12-26 22:00:00,436.0,0.0,0.0,123.437807,436.0,0.0,0.0,22.492854
2020-12-26 23:00:00,436.0,0.0,0.0,22.576747,436.0,0.0,0.0,21.647258
2020-12-27 00:00:00,436.0,0.0,0.0,21.288154,344.0,30.0,0.0,21.116411
2020-12-27 01:00:00,436.0,0.0,0.0,21.647258,404.0,0.0,0.0,21.116411
2020-12-27 02:00:00,436.0,0.0,0.0,22.576747,436.0,0.0,0.0,21.287879
2020-12-27 03:00:00,436.0,0.0,0.0,23.128644,436.0,0.0,0.0,22.492854
2020-12-27 04:00:00,436.0,0.0,0.0,23.128644,436.0,0.0,0.0,22.732362
2020-12-27 05:00:00,436.0,0.0,0.0,23.437807,436.0,0.0,0.0,61.690038
2020-12-27 06:00:00,436.0,0.0,0.0,26.324557,436.0,0.0,0.0,88.788492
2020-12-27 07:00:00,436.0,0.0,0.0,127.050889,424.0,0.0,0.0,21.474047
2020-12-27 08:00:00,436.0,0.0,0.0,22.492854,364.0,0.0,0.0,21.116411
2020-12-27 09:00:00,436.0,0.0,0.0,18.573789,304.0,0.0,0.0,-0.0
2020-12-27 10:00:00,376.0,0.0,0.0,-0.0,284.0,0.0,0.0,-0.0
2020-12-27 11:00:00,316.0,0.0,0.0,-0.0,284.0,0.0,0.0,-0.0
2020-12-27 12:00:00,284.0,0.0,0.0,-0.0,284.0,0.0,0.0,-0.0
2020-12-27 13:00:00,284.0,0.0,0.0,-0.0,284.0,0.0,0.0,-0.0
2020-12-27 14:00:00,284.0,0.0,0.0,-0.0,284.0,0.0,0.0,-0.0
2020-12-27 15:00:00,284.0,0.0,0.0,-0.0,336.71297,0.0,0.0,19.430296
2020-12-27 16:00:00,284.0,0.0,0.0,16.970947,396.71297,0.0,0.0,76.49251
2020-12-27 17:00:00,344.0,0.0,0.0,20.726727,436.0,0.0,0.0,45.112985
2020-12-27 18:00:00,404.0,0.0,0.0,21.474047,436.0,0.0,0.0,25.767809
2020-12-27 19:00:00,436.0,0.0,0.0,121.288154,426.758192,0.0,0.0,20.537358
2020-12-27 20:00:00,384.102867,0.0,0.0,18.531796,366.758192,0.0,0.0,19.133765
2020-12-27 21:00:00,369.698078,0.0,0.0,18.531796,344.0,0.0,0.0,18.531796
2020-12-27 22:00:00,359.849063,0.0,0.0,18.531796,284.0,0.0,0.0,18.531796
2020-12-27 23:00:00,385.141082,0.0,0.0,119.446534,344.0,0.0,0.0,19.153665
2020-12-28 00:00:00,436.0,0.0,0.0,19.153665,344.0,30.0,0.0,70.331859
2020-12-28 01:00:00,376.0,0.0,0.0,12.446703,344.0,0.0,0.0,19.91836
2020-12-28 02:00:00,316.0,0.0,0.0,-0.0,284.0,0.0,0.0,21.021925
2020-12-28 03:00:00,284.0,0.0,0.0,-0.0,284.0,0.0,0.0,-0.0
2020-12-28 04:00:00,284.0,0.0,0.0,-0.0,284.0,0.0,0.0,-0.0
2020-12-28 05:00:00,284.0,0.0,0.0,-0.0,284.0,0.0,0.0,-0.0
2020-12-28 06:00:00,284.0,0.0,0.0,-0.0,296.801266,0.0,0.0,24.129041
2020-12-28 07:00:00,284.0,0.0,0.0,-0.0,284.0,0.0,0.0,-0.0
2020-12-28 08:00:00,284.0,0.0,0.0,-0.0,284.0,0.0,0.0,-0.0
2020-12-28 09:00:00,284.0,0.0,0.0,-0.0,284.0,0.0,0.0,-0.0
2020-12-28 10:00:00,284.0,0.0,0.0,-0.0,298.4,0.0,0.0,-0.0
2020-12-28 11:00:00,284.0,0.0,0.0,-0.0,292.4,0.0,0.0,-0.0
2020-12-28 12:00:00,284.0,0.0,0.0,-0.0,292.4,0.0,0.0,-0.0
2020-12-28 13:00:00,284.0,0.0,0.0,-0.0,292.4,0.0,0.0,-0.0
2020-12-28 14:00:00,284.0,0.0,0.0,-0.0,292.4,0.0,0.0,-0.0
2020-12-28 15:00:00,284.0,0.0,0.0,-0.0,292.4,0.0,0.0,-0.0
2020-12-28 16:00:00,284.0,0.0,0.0,-0.0,309.855394,0.0,0.0,-0.0
2020-12-28 17:00:00,344.0,0.0,0.0,22.576747,369.855394,0.0,0.0,51.555017
2020-12-28 18:00:00,404.0,0.0,0.0,23.657594,429.855394,0.0,0.0,26.755559
2020-12-28 19:00:00,436.0,0.0,0.0,26.755559,436.0,0.0,0.0,26.790897
2020-12-28 20:00:00,436.0,0.0,0.0,26.790897,436.0,0.0,0.0,75.511559
2020-12-28 21:00:00,436.0,0.0,0.0,26.755559,436.0,0.0,0.0,27.050889
2020-12-28 22:00:00,436.0,0.0,0.0,25.9087,436.0,0.0,0.0,26.755559
2020-12-28 23:00:00,436.0,0.0,0.0,23.657594,436.0,0.0,0.0,26.324557
2020-12-29 00:00:00,436.0,0.0,0.0,23.206766,344.0,30.0,0.0,23.87513
2020-12-29 01:00:00,436.0,0.0,0.0,23.128644,404.0,0.0,0.0,23.206766
2020-12-29 02:00:00,436.0,0.0,0.0,22.96816,436.0,0.0,0.0,23.206766
2020-12-29 03:00:00,436.0,0.0,0.0,22.732362,436.0,0.0,0.0,23.206766
2020-12-29 04:00:00,436.0,0.0,0.0,23.128644,436.0,0.0,0.0,23.87513
2020-12-29 05:00:00,436.0,0.0,0.0,23.206766,436.0,0.0,0.0,26.755559
2020-12-29 06:00:00,436.0,0.0,0.0,25.9087,436.0,0.0,0.0,38.250888
2020-12-29 07:00:00,436.0,0.0,0.0,26.324557,424.0,0.0,0.0,22.576747
2020-12-29 08:00:00,436.0,0.0,0.0,23.657594,364.0,0.0,0.0,20.400003
2020-12-29 09:00:00,436.0,0.0,0.0,21.474047,304.0,0.0,0.0,-0.0
2020-12-29 10:00:00,436.0,0.0,0.0,21.843654,284.0,0.0,0.0,-0.0
2020-12-29 11:00:00,436.0,0.0,0.0,21.288154,284.0,0.0,0.0,-0.0
2020-12-29 12:00:00,436.0,0.0,0.0,22.516066,284.0,0.0,0.0,-0.0
2020-12-29 13:00:00,436.0,0.0,0.0,21.843654,304.0,0.0,0.0,-0.0
2020-12-29 14:00:00,436.0,0.0,0.0,20.400003,364.0,0.0,0.0,19.685338
2020-12-29 15:00:00,376.0,0.0,0.0,14.191367,424.0,0.0,0.0,22.492854
2020-12-29 16:00:00,436.0,0.0,0.0,23.128644,436.0,0.0,0.0,28.077022
2020-12-29 17:00:00,436.0,0.0,0.0,26.755559,436.0,0.0,0.0,79.361535
2020-12-29 18:00:00,436.0,0.0,0.0,27.050889,436.0,0.0,0.0,60.447649
2020-12-29 19:00:00,436.0,0.0,0.0,26.755559,436.0,0.0,0.0,26.347473
2020-12-29 20:00:00,436.0,0.0,0.0,133.946708,436.0,0.0,0.0,26.444796
2020-12-29 21:00:00,436.0,0.0,0.0,26.324557,436.0,0.0,0.0,25.055061
2020-12-29 22:00:00,436.0,0.0,0.0,22.96816,436.0,0.0,0.0,26.732961
2020-12-29 23:00:00,436.0,0.0,0.0,127.050889,436.0,0.0,0.0,21.288154
2020-12-30 00:00:00,436.0,0.0,0.0,22.732362,410.0,30.0,0.0,24.203364
2020-12-30 01:00:00,436.0,60.0,0.0,227.274616,417.995057,0.0,0.0,22.297977
2020-12-30 02:00:00,436.0,55.371084,0.0,141.716991,357.995057,0.0,0.0,18.531796
2020-12-30 03:00:00,436.0,36.60752,0.0,141.716991,318.650121,0.0,0.0,18.531796
2020-12-30 04:00:00,436.0,0.0,0.0,133.946708,353.397026,0.0,0.0,18.531796
2020-12-30 05:00:00,426.0,60.0,0.0,132.528821,413.397026,0.0,0.0,19.685338
2020-12-30 06:00:00,426.0,80.0,0.0,135.958694,424.0,0.0,0.0,39.89912
2020-12-30 07:00:00,426.0,80.0,0.0,135.958694,364.0,0.0,0.0,23.586012
2020-12-30 08:00:00,436.0,20.0,0.0,19.91836,304.0,0.0,0.0,-0.0
2020-12-30 09:00:00,376.0,0.0,0.0,-0.0,304.0,0.0,0.0,-0.0
2020-12-30 10:00:00,316.0,0.0,0.0,-0.0,304.0,0.0,0.0,-0.0
2020-12-30 11:00:00,284.0,0.0,0.0,-0.0,304.0,0.0,0.0,-0.0
2020-12-30 12:00:00,284.0,0.0,0.0,-0.0,304.0,0.0,0.0,-0.0
2020-12-30 13:00:00,284.0,0.0,0.0,-0.0,284.0,0.0,0.0,-0.0
2020-12-30 14:00:00,284.0,0.0,0.0,-0.0,284.4,0.0,0.0,-0.0
2020-12-30 15:00:00,284.0,0.0,0.0,-0.0,288.6,0.0,0.0,-0.0
2020-12-30 16:00:00,284.0,0.0,0.0,16.970947,348.6,0.0,0.0,18.549582
2020-12-30 17:00:00,344.0,0.0,0.0,22.103181,408.6,0.0,0.0,69.64802
2020-12-30 18:00:00,284.0,0.0,0.0,120.166223,436.0,0.0,0.0,23.272105
2020-12-30 19:00:00,284.0,0.0,0.0,120.03472,436.0,0.0,0.0,54.364464
2020-12-30 20:00:00,340.279147,0.0,0.0,119.587256,436.0,0.0,0.0,20.879399
2020-12-30 21:00:00,285.644691,0.0,0.0,118.531796,424.0,0.0,0.0,20.984823
2020-12-30 22:00:00,345.644691,0.0,0.0,19.153665,364.0,0.0,0.0,20.726727
2020-12-30 23:00:00,405.644691,0.0,0.0,18.60404,304.0,0.0,0.0,14.727814
2020-12-31 00:00:00,345.644691,0.0,0.0,-0.0,284.0,30.0,0.0,-0.0
2020-12-31 01:00:00,285.644691,0.0,0.0,-0.0,284.0,0.0,0.0,-0.0
2020-12-31 02:00:00,284.0,0.0,0.0,-0.0,284.0,0.0,0.0,-0.0
2020-12-31 03:00:00,344.0,0.0,0.0,20.400003,296.7,0.0,0.0,-0.0
2020-12-31 04:00:00,404.0,0.0,0.0,121.647258,331.10427,0.0,0.0,9.837693
2020-12-31 05:00:00,436.0,13.038965,0.0,141.716991,391.10427,0.0,0.0,20.400003
2020-12-31 06:00:00,436.0,73.038965,0.0,231.857535,364.0,0.0,0.0,76.506437
2020-12-31 07:00:00,436.0,90.0,0.0,1000.0,304.0,0.0,0.0,-0.0
2020-12-31 08:00:00,436.0,30.0,0.0,21.116411,299.4,0.0,0.0,-0.0
2020-12-31 09:00:00,376.0,0.0,0.0,-0.0,299.4,0.0,0.0,-0.0
2020-12-31 10:00:00,316.0,0.0,0.0,-0.0,304.0,0.0,0.0,-0.0
2020-12-31 11:00:00,284.0,0.0,0.0,-0.0,364.0,0.0,0.0,18.092551
2020-12-31 12:00:00,299.768206,0.0,0.0,18.531796,424.0,0.0,0.0,19.430296
2020-12-31 13:00:00,359.768206,0.0,0.0,19.983547,436.0,0.0,0.0,19.983547
2020-12-31 14:00:00,342.007152,0.0,0.0,18.531796,436.0,0.0,0.0,21.288154
2020-12-31 15:00:00,284.0,0.0,0.0,-0.0,436.0,0.0,0.0,24.207327
2020-12-31 16:00:00,344.0,0.0,0.0,19.983547,436.0,0.0,0.0,28.875444
2020-12-31 17:00:00,404.0,0.0,0.0,25.9087,436.0,0.0,0.0,73.239865
2020-12-31 18:00:00,436.0,0.0,0.0,26.790897,436.0,0.0,0.0,67.957491
2020-12-31 19:00:00,436.0,0.0,0.0,27.050889,436.0,0.0,0.0,26.823466
2020-12-31 20:00:00,436.0,0.0,0.0,27.050889,436.0,0.0,0.0,26.790897
2020-12-31 21:00:00,436.0,0.0,0.0,26.324557,436.0,0.0,0.0,25.9087
2020-12-31 22:00:00,436.0,0.0,0.0,25.9087,436.0,0.0,0.0,23.128644
2020-12-31 23:00:00,436.0,0.0,0.0,23.657594,436.0,0.0,0.0,23.437807
